{"type":"FeatureCollection","name":"cx_streets","attribution":"© OpenStreetMap contributors (ODbL)","features":[{"type":"Feature","properties":{"c":"major","n":"Calle Michoacán"},"geometry":{"type":"LineString","coordinates":[[-99.16695,19.41052],[-99.16709,19.41055]]}},{"type":"Feature","properties":{"c":"minor","n":"Avenida Amsterdam"},"geometry":{"type":"LineString","coordinates":[[-99.16912,19.40981],[-99.16964,19.40962],[-99.17015,19.40951]]}},{"type":"Feature","properties":{"c":"minor","n":"Avenida Amsterdam"},"geometry":{"type":"LineString","coordinates":[[-99.17015,19.40951],[-99.17054,19.40945],[-99.17067,19.40945],[-99.17092,19.40946],[-99.17115,19.4095]]}},{"type":"Feature","properties":{"c":"major","n":"Avenida Chapultepec"},"geometry":{"type":"LineString","coordinates":[[-99.16456,19.42341],[-99.16492,19.42328],[-99.16498,19.42326],[-99.16555,19.42314]]}},{"type":"Feature","properties":{"c":"major","n":"Avenida Chapultepec"},"geometry":{"type":"LineString","coordinates":[[-99.16555,19.42314],[-99.16566,19.42312]]}},{"type":"Feature","properties":{"c":"foot","n":"Calle Francisco I. Madero"},"geometry":{"type":"LineString","coordinates":[[-99.14087,19.43413],[-99.14034,19.43406]]}},{"type":"Feature","properties":{"c":"foot","n":"Calle Francisco I. Madero"},"geometry":{"type":"LineString","coordinates":[[-99.14034,19.43406],[-99.14005,19.43401]]}},{"type":"Feature","properties":{"c":"foot","n":"Calle Francisco I. Madero"},"geometry":{"type":"LineString","coordinates":[[-99.14005,19.43401],[-99.13941,19.43392]]}},{"type":"Feature","properties":{"c":"foot","n":"Calle Francisco I. Madero"},"geometry":{"type":"LineString","coordinates":[[-99.13941,19.43392],[-99.13832,19.43376]]}},{"type":"Feature","properties":{"c":"foot","n":"Calle Francisco I. Madero"},"geometry":{"type":"LineString","coordinates":[[-99.13832,19.43376],[-99.13728,19.43361]]}},{"type":"Feature","properties":{"c":"foot","n":"Calle Francisco I. Madero"},"geometry":{"type":"LineString","coordinates":[[-99.13728,19.43361],[-99.1363,19.43347],[-99.13625,19.43346]]}},{"type":"Feature","properties":{"c":"foot","n":"Calle Francisco I. Madero"},"geometry":{"type":"LineString","coordinates":[[-99.13625,19.43346],[-99.13619,19.43345],[-99.13522,19.43331]]}},{"type":"Feature","properties":{"c":"foot","n":"Calle Francisco I. Madero"},"geometry":{"type":"LineString","coordinates":[[-99.13522,19.43331],[-99.13516,19.4333]]}},{"type":"Feature","properties":{"c":"foot","n":"Calle Francisco I. Madero"},"geometry":{"type":"LineString","coordinates":[[-99.13516,19.4333],[-99.13422,19.43317]]}},{"type":"Feature","properties":{"c":"foot","n":"Calle Francisco I. Madero"},"geometry":{"type":"LineString","coordinates":[[-99.13422,19.43317],[-99.13415,19.43316],[-99.13403,19.43314]]}},{"type":"Feature","properties":{"c":"minor","n":"Calle Venustiano Carranza"},"geometry":{"type":"LineString","coordinates":[[-99.13235,19.43078],[-99.13228,19.43077]]}},{"type":"Feature","properties":{"c":"minor","n":"Calle Venustiano Carranza"},"geometry":{"type":"LineString","coordinates":[[-99.13228,19.43077],[-99.1315,19.43066]]}},{"type":"Feature","properties":{"c":"minor","n":"Calle Venustiano Carranza"},"geometry":{"type":"LineString","coordinates":[[-99.1315,19.43066],[-99.13121,19.43062]]}},{"type":"Feature","properties":{"c":"minor","n":"Calle Venustiano Carranza"},"geometry":{"type":"LineString","coordinates":[[-99.13121,19.43062],[-99.13088,19.43057]]}},{"type":"Feature","properties":{"c":"minor","n":"Calle Venustiano Carranza"},"geometry":{"type":"LineString","coordinates":[[-99.13088,19.43057],[-99.1303,19.4305]]}},{"type":"Feature","properties":{"c":"minor","n":"Calle Venustiano Carranza"},"geometry":{"type":"LineString","coordinates":[[-99.1303,19.4305],[-99.12978,19.43042]]}},{"type":"Feature","properties":{"c":"minor","n":"Calle Venustiano Carranza"},"geometry":{"type":"LineString","coordinates":[[-99.12978,19.43042],[-99.1292,19.43034]]}},{"type":"Feature","properties":{"c":"minor","n":"Calle Venustiano Carranza"},"geometry":{"type":"LineString","coordinates":[[-99.1292,19.43034],[-99.12832,19.43022],[-99.12825,19.43021]]}},{"type":"Feature","properties":{"c":"minor","n":"Calle Aguascalientes"},"geometry":{"type":"LineString","coordinates":[[-99.16771,19.4082],[-99.16787,19.40817]]}},{"type":"Feature","properties":{"c":"minor","n":"Calle Culiacán"},"geometry":{"type":"LineString","coordinates":[[-99.17152,19.40904],[-99.17149,19.40899],[-99.17146,19.4089],[-99.17128,19.40832]]}},{"type":"Feature","properties":{"c":"minor","n":"Calle Culiacán"},"geometry":{"type":"LineString","coordinates":[[-99.17128,19.40832],[-99.17109,19.40754]]}},{"type":"Feature","properties":{"c":"minor","n":"Calle Culiacán"},"geometry":{"type":"LineString","coordinates":[[-99.17109,19.40754],[-99.17083,19.40653],[-99.17067,19.40586],[-99.17035,19.40446]]}},{"type":"Feature","properties":{"c":"minor","n":"Avenida México"},"geometry":{"type":"LineString","coordinates":[[-99.17032,19.41036],[-99.1702,19.41035],[-99.17003,19.41035],[-99.16993,19.41037],[-99.16983,19.41039],[-99.16967,19.41043],[-99.16953,19.4105],[-99.16938,19.41059]]}},{"type":"Feature","properties":{"c":"minor","n":"Avenida México"},"geometry":{"type":"LineString","coordinates":[[-99.16938,19.41059],[-99.16917,19.41077],[-99.16902,19.41091],[-99.16887,19.41107]]}},{"type":"Feature","properties":{"c":"minor","n":"Avenida México"},"geometry":{"type":"LineString","coordinates":[[-99.16887,19.41107],[-99.16867,19.41137],[-99.16831,19.41204]]}},{"type":"Feature","properties":{"c":"minor","n":"Avenida México"},"geometry":{"type":"LineString","coordinates":[[-99.16831,19.41204],[-99.16799,19.41313]]}},{"type":"Feature","properties":{"c":"minor","n":"Calle Iztaccihuatl"},"geometry":{"type":"LineString","coordinates":[[-99.16876,19.40968],[-99.16832,19.40892]]}},{"type":"Feature","properties":{"c":"minor","n":"Calle Iztaccihuatl"},"geometry":{"type":"LineString","coordinates":[[-99.16832,19.40892],[-99.16792,19.4083]]}},{"type":"Feature","properties":{"c":"minor","n":"Calle Iztaccihuatl"},"geometry":{"type":"LineString","coordinates":[[-99.16792,19.4083],[-99.16788,19.40824],[-99.16787,19.40817]]}},{"type":"Feature","properties":{"c":"minor","n":"Calle Campeche"},"geometry":{"type":"LineString","coordinates":[[-99.17234,19.40851],[-99.17203,19.40838],[-99.17191,19.40835]]}},{"type":"Feature","properties":{"c":"minor","n":"Calle Campeche"},"geometry":{"type":"LineString","coordinates":[[-99.17191,19.40835],[-99.17184,19.40833]]}},{"type":"Feature","properties":{"c":"minor","n":"Calle Campeche"},"geometry":{"type":"LineString","coordinates":[[-99.17184,19.40833],[-99.17128,19.40832]]}},{"type":"Feature","properties":{"c":"minor","n":"Calle Campeche"},"geometry":{"type":"LineString","coordinates":[[-99.17128,19.40832],[-99.16991,19.40857]]}},{"type":"Feature","properties":{"c":"minor","n":"Calle Campeche"},"geometry":{"type":"LineString","coordinates":[[-99.16991,19.40857],[-99.169,19.40877],[-99.16832,19.40892]]}},{"type":"Feature","properties":{"c":"minor","n":"Calle Campeche"},"geometry":{"type":"LineString","coordinates":[[-99.16832,19.40892],[-99.16798,19.40906]]}},{"type":"Feature","properties":{"c":"minor","n":"Calle Campeche"},"geometry":{"type":"LineString","coordinates":[[-99.16798,19.40906],[-99.1679,19.40909]]}},{"type":"Feature","properties":{"c":"minor","n":"Calle Campeche"},"geometry":{"type":"LineString","coordinates":[[-99.1679,19.40909],[-99.16775,19.40915]]}},{"type":"Feature","properties":{"c":"minor","n":"Calle Campeche"},"geometry":{"type":"LineString","coordinates":[[-99.16775,19.40915],[-99.16761,19.40921]]}},{"type":"Feature","properties":{"c":"minor","n":"Calle Campeche"},"geometry":{"type":"LineString","coordinates":[[-99.16761,19.40921],[-99.16756,19.40923],[-99.16751,19.40925]]}},{"type":"Feature","properties":{"c":"major","n":"Calle Salamanca"},"geometry":{"type":"LineString","coordinates":[[-99.17024,19.4221],[-99.17023,19.42199]]}},{"type":"Feature","properties":{"c":"major","n":"Calle Salamanca"},"geometry":{"type":"LineString","coordinates":[[-99.17023,19.42199],[-99.17023,19.42187]]}},{"type":"Feature","properties":{"c":"major","n":"Avenida Álvaro Obregón"},"geometry":{"type":"LineString","coordinates":[[-99.15981,19.41838],[-99.15988,19.41836],[-99.16116,19.41811]]}},{"type":"Feature","properties":{"c":"major","n":"Avenida Álvaro Obregón"},"geometry":{"type":"LineString","coordinates":[[-99.16116,19.41811],[-99.16151,19.41804]]}},{"type":"Feature","properties":{"c":"major","n":"Avenida Álvaro Obregón"},"geometry":{"type":"LineString","coordinates":[[-99.16151,19.41804],[-99.16258,19.41785]]}},{"type":"Feature","properties":{"c":"major","n":"Avenida Álvaro Obregón"},"geometry":{"type":"LineString","coordinates":[[-99.16258,19.41785],[-99.16333,19.41771],[-99.16372,19.41763]]}},{"type":"Feature","properties":{"c":"major","n":"Avenida Álvaro Obregón"},"geometry":{"type":"LineString","coordinates":[[-99.16881,19.41661],[-99.16865,19.41664]]}},{"type":"Feature","properties":{"c":"major","n":"Avenida Álvaro Obregón"},"geometry":{"type":"LineString","coordinates":[[-99.16865,19.41664],[-99.16788,19.41679]]}},{"type":"Feature","properties":{"c":"major","n":"Avenida Medellín"},"geometry":{"type":"LineString","coordinates":[[-99.16547,19.41558],[-99.16541,19.41522]]}},{"type":"Feature","properties":{"c":"minor","n":"Callejón del 57"},"geometry":{"type":"LineString","coordinates":[[-99.13915,19.43675],[-99.13902,19.4376]]}},{"type":"Feature","properties":{"c":"minor","n":"Callejón del 57"},"geometry":{"type":"LineString","coordinates":[[-99.13902,19.4376],[-99.13889,19.43844]]}},{"type":"Feature","properties":{"c":"minor","n":"Calle Palma Norte"},"geometry":{"type":"LineString","coordinates":[[-99.13461,19.43783],[-99.13472,19.43697]]}},{"type":"Feature","properties":{"c":"minor","n":"Calle Palma Norte"},"geometry":{"type":"LineString","coordinates":[[-99.13472,19.43697],[-99.13482,19.43613]]}},{"type":"Feature","properties":{"c":"minor","n":"Calle Palma Norte"},"geometry":{"type":"LineString","coordinates":[[-99.13482,19.43613],[-99.13494,19.43528]]}},{"type":"Feature","properties":{"c":"foot","n":"Calle Motolinia"},"geometry":{"type":"LineString","coordinates":[[-99.13749,19.43235],[-99.13728,19.43361]]}},{"type":"Feature","properties":{"c":"foot","n":"Calle Motolinia"},"geometry":{"type":"LineString","coordinates":[[-99.13728,19.43361],[-99.13717,19.43436]]}},{"type":"Feature","properties":{"c":"foot","n":"Calle Motolinia"},"geometry":{"type":"LineString","coordinates":[[-99.13717,19.43436],[-99.13698,19.43555]]}},{"type":"Feature","properties":{"c":"minor","n":"Calle Citlaltépetl"},"geometry":{"type":"LineString","coordinates":[[-99.17078,19.41092],[-99.17097,19.41051]]}},{"type":"Feature","properties":{"c":"minor","n":"Calle Laredo"},"geometry":{"type":"LineString","coordinates":[[-99.17153,19.41314],[-99.17088,19.4129]]}},{"type":"Feature","properties":{"c":"minor","n":"Calle Laredo"},"geometry":{"type":"LineString","coordinates":[[-99.17088,19.4129],[-99.17082,19.41287]]}},{"type":"Feature","properties":{"c":"minor","n":"Calle Laredo"},"geometry":{"type":"LineString","coordinates":[[-99.17082,19.41287],[-99.17075,19.41285]]}},{"type":"Feature","properties":{"c":"minor","n":"Calle Laredo"},"geometry":{"type":"LineString","coordinates":[[-99.17075,19.41285],[-99.17009,19.4126]]}},{"type":"Feature","properties":{"c":"minor","n":"Calle de Parras"},"geometry":{"type":"LineString","coordinates":[[-99.1695,19.4138],[-99.17004,19.41423]]}},{"type":"Feature","properties":{"c":"minor","n":"Calle de Parras"},"geometry":{"type":"LineString","coordinates":[[-99.17004,19.41423],[-99.1701,19.41428]]}},{"type":"Feature","properties":{"c":"minor","n":"Calle de Parras"},"geometry":{"type":"LineString","coordinates":[[-99.1701,19.41428],[-99.17015,19.41432]]}},{"type":"Feature","properties":{"c":"minor","n":"Calle de Parras"},"geometry":{"type":"LineString","coordinates":[[-99.17015,19.41432],[-99.17074,19.4148]]}},{"type":"Feature","properties":{"c":"foot","n":"Xicoténcatl"},"geometry":{"type":"LineString","coordinates":[[-99.13885,19.43671],[-99.13886,19.43667]]}},{"type":"Feature","properties":{"c":"foot","n":"Xicoténcatl"},"geometry":{"type":"LineString","coordinates":[[-99.13886,19.43667],[-99.13897,19.43611]]}},{"type":"Feature","properties":{"c":"foot","n":"Xicoténcatl"},"geometry":{"type":"LineString","coordinates":[[-99.13897,19.43611],[-99.13901,19.43589]]}},{"type":"Feature","properties":{"c":"foot","n":"Xicoténcatl"},"geometry":{"type":"LineString","coordinates":[[-99.13901,19.43589],[-99.13902,19.43586]]}},{"type":"Feature","properties":{"c":"major","n":"Calle Durango"},"geometry":{"type":"LineString","coordinates":[[-99.16677,19.41999],[-99.16691,19.41996]]}},{"type":"Feature","properties":{"c":"major","n":"Calle Durango"},"geometry":{"type":"LineString","coordinates":[[-99.16691,19.41996],[-99.16718,19.4199]]}},{"type":"Feature","properties":{"c":"major","n":"Calle Durango"},"geometry":{"type":"LineString","coordinates":[[-99.16718,19.4199],[-99.16765,19.4198]]}},{"type":"Feature","properties":{"c":"major","n":"Calle Durango"},"geometry":{"type":"LineString","coordinates":[[-99.16765,19.4198],[-99.16817,19.41969]]}},{"type":"Feature","properties":{"c":"major","n":"Calle Durango"},"geometry":{"type":"LineString","coordinates":[[-99.16817,19.41969],[-99.16856,19.4196]]}},{"type":"Feature","properties":{"c":"major","n":"Calle Durango"},"geometry":{"type":"LineString","coordinates":[[-99.16856,19.4196],[-99.1687,19.41957]]}},{"type":"Feature","properties":{"c":"major","n":"Calle Durango"},"geometry":{"type":"LineString","coordinates":[[-99.1687,19.41957],[-99.16897,19.41951]]}},{"type":"Feature","properties":{"c":"major","n":"Calle Durango"},"geometry":{"type":"LineString","coordinates":[[-99.16897,19.41951],[-99.16922,19.41946]]}},{"type":"Feature","properties":{"c":"major","n":"Calle Durango"},"geometry":{"type":"LineString","coordinates":[[-99.16922,19.41946],[-99.16964,19.41937]]}},{"type":"Feature","properties":{"c":"major","n":"Avenida Oaxaca"},"geometry":{"type":"LineString","coordinates":[[-99.16966,19.41623],[-99.16956,19.41632],[-99.16941,19.41649]]}},{"type":"Feature","properties":{"c":"major","n":"Avenida Oaxaca"},"geometry":{"type":"LineString","coordinates":[[-99.16598,19.42032],[-99.16588,19.42043]]}},{"type":"Feature","properties":{"c":"major","n":"Avenida Oaxaca"},"geometry":{"type":"LineString","coordinates":[[-99.16588,19.42043],[-99.16523,19.42114]]}},{"type":"Feature","properties":{"c":"major","n":"Avenida Oaxaca"},"geometry":{"type":"LineString","coordinates":[[-99.16523,19.42114],[-99.16514,19.42123]]}},{"type":"Feature","properties":{"c":"minor","n":"Calle Teotihuacán"},"geometry":{"type":"LineString","coordinates":[[-99.16674,19.4116],[-99.16679,19.41161],[-99.16748,19.41181]]}},{"type":"Feature","properties":{"c":"minor","n":"Calle Teotihuacán"},"geometry":{"type":"LineString","coordinates":[[-99.16748,19.41181],[-99.16754,19.41183]]}},{"type":"Feature","properties":{"c":"minor","n":"Calle Teotihuacán"},"geometry":{"type":"LineString","coordinates":[[-99.16754,19.41183],[-99.1676,19.41184]]}},{"type":"Feature","properties":{"c":"minor","n":"Calle Teotihuacán"},"geometry":{"type":"LineString","coordinates":[[-99.1676,19.41184],[-99.16831,19.41204]]}},{"type":"Feature","properties":{"c":"minor","n":"Plaza Popocatépetl"},"geometry":{"type":"LineString","coordinates":[[-99.16798,19.41452],[-99.16789,19.41452]]}},{"type":"Feature","properties":{"c":"minor","n":"Plaza Popocatépetl"},"geometry":{"type":"LineString","coordinates":[[-99.16789,19.41452],[-99.16781,19.41455],[-99.16774,19.41459],[-99.16769,19.41465]]}},{"type":"Feature","properties":{"c":"minor","n":"Plaza Popocatépetl"},"geometry":{"type":"LineString","coordinates":[[-99.16769,19.41465],[-99.16766,19.41472],[-99.16765,19.41479],[-99.16766,19.41485]]}},{"type":"Feature","properties":{"c":"minor","n":"Plaza Popocatépetl"},"geometry":{"type":"LineString","coordinates":[[-99.16766,19.41485],[-99.1677,19.41495]]}},{"type":"Feature","properties":{"c":"minor","n":"Plaza Popocatépetl"},"geometry":{"type":"LineString","coordinates":[[-99.1677,19.41495],[-99.16774,19.415],[-99.16781,19.41505],[-99.16789,19.41508]]}},{"type":"Feature","properties":{"c":"minor","n":"Plaza Popocatépetl"},"geometry":{"type":"LineString","coordinates":[[-99.16789,19.41508],[-99.16797,19.41508],[-99.16804,19.41507],[-99.16811,19.41504]]}},{"type":"Feature","properties":{"c":"minor","n":"Plaza Popocatépetl"},"geometry":{"type":"LineString","coordinates":[[-99.16811,19.41504],[-99.16818,19.41498],[-99.16823,19.4149],[-99.16825,19.41481],[-99.16824,19.41472]]}},{"type":"Feature","properties":{"c":"minor","n":"Plaza Popocatépetl"},"geometry":{"type":"LineString","coordinates":[[-99.16824,19.41472],[-99.16821,19.41465],[-99.16815,19.41458],[-99.16807,19.41454],[-99.16798,19.41452]]}},{"type":"Feature","properties":{"c":"minor","n":"Calle Celaya"},"geometry":{"type":"LineString","coordinates":[[-99.16605,19.41377],[-99.16608,19.41379],[-99.16672,19.41414]]}},{"type":"Feature","properties":{"c":"minor","n":"Calle Celaya"},"geometry":{"type":"LineString","coordinates":[[-99.16672,19.41414],[-99.16679,19.41417]]}},{"type":"Feature","properties":{"c":"minor","n":"Calle Celaya"},"geometry":{"type":"LineString","coordinates":[[-99.16679,19.41417],[-99.16686,19.4142]]}},{"type":"Feature","properties":{"c":"minor","n":"Calle Celaya"},"geometry":{"type":"LineString","coordinates":[[-99.16686,19.4142],[-99.16769,19.41465]]}},{"type":"Feature","properties":{"c":"minor","n":"Calle Cacahuamilpa"},"geometry":{"type":"LineString","coordinates":[[-99.16789,19.41508],[-99.1677,19.41569]]}},{"type":"Feature","properties":{"c":"minor","n":"Calle Cacahuamilpa"},"geometry":{"type":"LineString","coordinates":[[-99.1677,19.41569],[-99.16769,19.41575]]}},{"type":"Feature","properties":{"c":"minor","n":"Calle Cacahuamilpa"},"geometry":{"type":"LineString","coordinates":[[-99.16769,19.41575],[-99.16768,19.4158]]}},{"type":"Feature","properties":{"c":"minor","n":"Calle Cacahuamilpa"},"geometry":{"type":"LineString","coordinates":[[-99.16768,19.4158],[-99.16744,19.41657]]}},{"type":"Feature","properties":{"c":"minor","n":"Calle Cacahuamilpa"},"geometry":{"type":"LineString","coordinates":[[-99.16744,19.41657],[-99.16741,19.41665]]}},{"type":"Feature","properties":{"c":"minor","n":"Calle Huichapan"},"geometry":{"type":"LineString","coordinates":[[-99.16896,19.41637],[-99.16856,19.41573]]}},{"type":"Feature","properties":{"c":"minor","n":"Calle Huichapan"},"geometry":{"type":"LineString","coordinates":[[-99.16856,19.41573],[-99.16854,19.41569]]}},{"type":"Feature","properties":{"c":"minor","n":"Calle Huichapan"},"geometry":{"type":"LineString","coordinates":[[-99.16854,19.41569],[-99.16849,19.41563]]}},{"type":"Feature","properties":{"c":"minor","n":"Calle Huichapan"},"geometry":{"type":"LineString","coordinates":[[-99.16849,19.41563],[-99.16811,19.41504]]}},{"type":"Feature","properties":{"c":"minor","n":"Avenida José María Pino Suárez"},"geometry":{"type":"LineString","coordinates":[[-99.13244,19.43191],[-99.13233,19.43171]]}},{"type":"Feature","properties":{"c":"minor","n":"Avenida José María Pino Suárez"},"geometry":{"type":"LineString","coordinates":[[-99.13233,19.43171],[-99.13233,19.43163]]}},{"type":"Feature","properties":{"c":"minor","n":"Avenida José María Pino Suárez"},"geometry":{"type":"LineString","coordinates":[[-99.13233,19.43163],[-99.13234,19.43109],[-99.13235,19.43093],[-99.13235,19.43089],[-99.13235,19.43085]]}},{"type":"Feature","properties":{"c":"minor","n":"Avenida José María Pino Suárez"},"geometry":{"type":"LineString","coordinates":[[-99.13235,19.43085],[-99.13235,19.43082],[-99.13235,19.43078]]}},{"type":"Feature","properties":{"c":"minor","n":"Calle Colima"},"geometry":{"type":"LineString","coordinates":[[-99.15894,19.42013],[-99.15776,19.4204]]}},{"type":"Feature","properties":{"c":"minor","n":"Calle Colima"},"geometry":{"type":"LineString","coordinates":[[-99.15776,19.4204],[-99.15698,19.42058],[-99.15688,19.4206],[-99.1563,19.42073]]}},{"type":"Feature","properties":{"c":"minor","n":"Calle Colima"},"geometry":{"type":"LineString","coordinates":[[-99.1563,19.42073],[-99.15582,19.42084]]}},{"type":"Feature","properties":{"c":"minor","n":"Calle Colima"},"geometry":{"type":"LineString","coordinates":[[-99.15582,19.42084],[-99.15533,19.42096]]}},{"type":"Feature","properties":{"c":"minor","n":"Calle Tabasco"},"geometry":{"type":"LineString","coordinates":[[-99.15609,19.41994],[-99.15757,19.41964]]}},{"type":"Feature","properties":{"c":"minor","n":"Calle Tabasco"},"geometry":{"type":"LineString","coordinates":[[-99.15757,19.41964],[-99.15875,19.41939]]}},{"type":"Feature","properties":{"c":"minor","n":"Calle Tabasco"},"geometry":{"type":"LineString","coordinates":[[-99.15875,19.41939],[-99.15993,19.41915]]}},{"type":"Feature","properties":{"c":"minor","n":"Calle Tabasco"},"geometry":{"type":"LineString","coordinates":[[-99.15993,19.41915],[-99.16001,19.41913]]}},{"type":"Feature","properties":{"c":"minor","n":"Calle Tabasco"},"geometry":{"type":"LineString","coordinates":[[-99.16001,19.41913],[-99.16134,19.41884]]}},{"type":"Feature","properties":{"c":"minor","n":"Calle Tabasco"},"geometry":{"type":"LineString","coordinates":[[-99.16134,19.41884],[-99.16277,19.41854]]}},{"type":"Feature","properties":{"c":"minor","n":"Calle Tabasco"},"geometry":{"type":"LineString","coordinates":[[-99.16277,19.41854],[-99.16431,19.41821]]}},{"type":"Feature","properties":{"c":"major","n":"Avenida Álvaro Obregón"},"geometry":{"type":"LineString","coordinates":[[-99.16966,19.41623],[-99.16951,19.41626]]}},{"type":"Feature","properties":{"c":"major","n":"Avenida Álvaro Obregón"},"geometry":{"type":"LineString","coordinates":[[-99.16951,19.41626],[-99.16913,19.41634]]}},{"type":"Feature","properties":{"c":"minor","n":"Calle Frontera"},"geometry":{"type":"LineString","coordinates":[[-99.15584,19.41894],[-99.15583,19.41891],[-99.15567,19.41828]]}},{"type":"Feature","properties":{"c":"minor","n":"Calle Frontera"},"geometry":{"type":"LineString","coordinates":[[-99.15567,19.41828],[-99.15551,19.41763]]}},{"type":"Feature","properties":{"c":"minor","n":"Calle Frontera"},"geometry":{"type":"LineString","coordinates":[[-99.15551,19.41763],[-99.1555,19.41756],[-99.15548,19.41748],[-99.15544,19.41732],[-99.15528,19.41669]]}},{"type":"Feature","properties":{"c":"minor","n":"Calle Frontera"},"geometry":{"type":"LineString","coordinates":[[-99.15528,19.41669],[-99.15506,19.41587],[-99.15506,19.41585]]}},{"type":"Feature","properties":{"c":"minor","n":"Calle Frontera"},"geometry":{"type":"LineString","coordinates":[[-99.15506,19.41585],[-99.15501,19.41562]]}},{"type":"Feature","properties":{"c":"minor","n":"Calle Frontera"},"geometry":{"type":"LineString","coordinates":[[-99.15501,19.41562],[-99.15497,19.41549]]}},{"type":"Feature","properties":{"c":"minor","n":"Calle Frontera"},"geometry":{"type":"LineString","coordinates":[[-99.15497,19.41549],[-99.15495,19.41537]]}},{"type":"Feature","properties":{"c":"minor","n":"Calle Frontera"},"geometry":{"type":"LineString","coordinates":[[-99.15495,19.41537],[-99.15487,19.41503]]}},{"type":"Feature","properties":{"c":"minor","n":"Calle Frontera"},"geometry":{"type":"LineString","coordinates":[[-99.15487,19.41503],[-99.15486,19.41497],[-99.15478,19.41465]]}},{"type":"Feature","properties":{"c":"minor","n":"Calle Frontera"},"geometry":{"type":"LineString","coordinates":[[-99.15478,19.41465],[-99.15467,19.41425]]}},{"type":"Feature","properties":{"c":"minor","n":"Calle Mérida"},"geometry":{"type":"LineString","coordinates":[[-99.15666,19.41601],[-99.15675,19.4164]]}},{"type":"Feature","properties":{"c":"minor","n":"Calle Mérida"},"geometry":{"type":"LineString","coordinates":[[-99.15675,19.4164],[-99.157,19.41733]]}},{"type":"Feature","properties":{"c":"minor","n":"Calle Mérida"},"geometry":{"type":"LineString","coordinates":[[-99.157,19.41733],[-99.15706,19.4176]]}},{"type":"Feature","properties":{"c":"minor","n":"Calle Mérida"},"geometry":{"type":"LineString","coordinates":[[-99.15706,19.4176],[-99.15715,19.41799]]}},{"type":"Feature","properties":{"c":"minor","n":"Calle Mérida"},"geometry":{"type":"LineString","coordinates":[[-99.15715,19.41799],[-99.15725,19.41836]]}},{"type":"Feature","properties":{"c":"minor","n":"Calle Mérida"},"geometry":{"type":"LineString","coordinates":[[-99.15725,19.41836],[-99.15731,19.41861],[-99.15732,19.41866]]}},{"type":"Feature","properties":{"c":"major","n":"Avenida Yucatán"},"geometry":{"type":"LineString","coordinates":[[-99.16073,19.41274],[-99.16066,19.41269],[-99.16055,19.41263],[-99.16038,19.41253],[-99.15978,19.41218]]}},{"type":"Feature","properties":{"c":"major","n":"Avenida Yucatán"},"geometry":{"type":"LineString","coordinates":[[-99.15978,19.41218],[-99.15976,19.41217]]}},{"type":"Feature","properties":{"c":"major","n":"Avenida Yucatán"},"geometry":{"type":"LineString","coordinates":[[-99.15976,19.41217],[-99.15974,19.41216]]}},{"type":"Feature","properties":{"c":"major","n":"Avenida Yucatán"},"geometry":{"type":"LineString","coordinates":[[-99.15974,19.41216],[-99.1597,19.41213],[-99.15967,19.41211],[-99.15965,19.41209],[-99.15964,19.41207],[-99.15962,19.41201]]}},{"type":"Feature","properties":{"c":"major","n":"Avenida Yucatán"},"geometry":{"type":"LineString","coordinates":[[-99.15962,19.41201],[-99.15961,19.41199],[-99.1596,19.41196],[-99.15959,19.41193],[-99.15956,19.41191]]}},{"type":"Feature","properties":{"c":"minor","n":"Calle Chiapas"},"geometry":{"type":"LineString","coordinates":[[-99.16058,19.41277],[-99.15984,19.4129]]}},{"type":"Feature","properties":{"c":"minor","n":"Calle Chiapas"},"geometry":{"type":"LineString","coordinates":[[-99.15984,19.4129],[-99.15922,19.41302],[-99.1585,19.41316]]}},{"type":"Feature","properties":{"c":"minor","n":"Calle Chiapas"},"geometry":{"type":"LineString","coordinates":[[-99.1585,19.41316],[-99.15842,19.41317]]}},{"type":"Feature","properties":{"c":"minor","n":"Calle Chiapas"},"geometry":{"type":"LineString","coordinates":[[-99.15842,19.41317],[-99.15788,19.41328]]}},{"type":"Feature","properties":{"c":"minor","n":"Calle Chiapas"},"geometry":{"type":"LineString","coordinates":[[-99.15788,19.41328],[-99.15727,19.4134]]}},{"type":"Feature","properties":{"c":"minor","n":"Calle Chiapas"},"geometry":{"type":"LineString","coordinates":[[-99.15727,19.4134],[-99.15665,19.41353]]}},{"type":"Feature","properties":{"c":"minor","n":"Calle Chiapas"},"geometry":{"type":"LineString","coordinates":[[-99.15665,19.41353],[-99.15606,19.41366]]}},{"type":"Feature","properties":{"c":"minor","n":"Calle Chiapas"},"geometry":{"type":"LineString","coordinates":[[-99.15606,19.41366],[-99.15488,19.41388]]}},{"type":"Feature","properties":{"c":"minor","n":"Calle Chiapas"},"geometry":{"type":"LineString","coordinates":[[-99.15488,19.41388],[-99.15469,19.41392]]}},{"type":"Feature","properties":{"c":"major","n":"Calle Antonio M. Anza"},"geometry":{"type":"LineString","coordinates":[[-99.15956,19.41191],[-99.15952,19.41186],[-99.15948,19.41185]]}},{"type":"Feature","properties":{"c":"major","n":"Calle Antonio M. Anza"},"geometry":{"type":"LineString","coordinates":[[-99.15948,19.41185],[-99.15943,19.41186],[-99.15934,19.41187],[-99.15927,19.41187],[-99.15922,19.41186],[-99.15919,19.41185]]}},{"type":"Feature","properties":{"c":"major","n":"Calle Antonio M. Anza"},"geometry":{"type":"LineString","coordinates":[[-99.15919,19.41185],[-99.15916,19.41184],[-99.15896,19.41176]]}},{"type":"Feature","properties":{"c":"major","n":"Calle Antonio M. Anza"},"geometry":{"type":"LineString","coordinates":[[-99.15896,19.41176],[-99.1589,19.41173],[-99.15886,19.41172],[-99.1587,19.4117],[-99.15849,19.4117],[-99.1582,19.41171]]}},{"type":"Feature","properties":{"c":"major","n":"Calle Antonio M. Anza"},"geometry":{"type":"LineString","coordinates":[[-99.1582,19.41171],[-99.15814,19.41171]]}},{"type":"Feature","properties":{"c":"major","n":"Calle Antonio M. Anza"},"geometry":{"type":"LineString","coordinates":[[-99.15814,19.41171],[-99.15806,19.41171]]}},{"type":"Feature","properties":{"c":"major","n":"Calle Antonio M. Anza"},"geometry":{"type":"LineString","coordinates":[[-99.15806,19.41171],[-99.15799,19.41172]]}},{"type":"Feature","properties":{"c":"major","n":"Calle Antonio M. Anza"},"geometry":{"type":"LineString","coordinates":[[-99.15799,19.41172],[-99.15696,19.41176]]}},{"type":"Feature","properties":{"c":"major","n":"Calle Antonio M. Anza"},"geometry":{"type":"LineString","coordinates":[[-99.15696,19.41176],[-99.15684,19.41176]]}},{"type":"Feature","properties":{"c":"major","n":"Calle Antonio M. Anza"},"geometry":{"type":"LineString","coordinates":[[-99.15684,19.41176],[-99.15562,19.41179]]}},{"type":"Feature","properties":{"c":"minor","n":"Calle Durango"},"geometry":{"type":"LineString","coordinates":[[-99.16584,19.41992],[-99.16569,19.41996]]}},{"type":"Feature","properties":{"c":"minor","n":"Calle Durango"},"geometry":{"type":"LineString","coordinates":[[-99.16569,19.41996],[-99.16484,19.42014]]}},{"type":"Feature","properties":{"c":"minor","n":"Calle Durango"},"geometry":{"type":"LineString","coordinates":[[-99.16484,19.42014],[-99.16457,19.42019]]}},{"type":"Feature","properties":{"c":"minor","n":"Calle Durango"},"geometry":{"type":"LineString","coordinates":[[-99.16457,19.42019],[-99.16401,19.42031]]}},{"type":"Feature","properties":{"c":"minor","n":"Calle Puebla"},"geometry":{"type":"LineString","coordinates":[[-99.15386,19.42429],[-99.15399,19.42429],[-99.1543,19.42422],[-99.15494,19.42407]]}},{"type":"Feature","properties":{"c":"minor","n":"Calle Puebla"},"geometry":{"type":"LineString","coordinates":[[-99.15494,19.42407],[-99.15604,19.42383]]}},{"type":"Feature","properties":{"c":"minor","n":"Calle Puebla"},"geometry":{"type":"LineString","coordinates":[[-99.15604,19.42383],[-99.157,19.42361]]}},{"type":"Feature","properties":{"c":"minor","n":"Calle Puebla"},"geometry":{"type":"LineString","coordinates":[[-99.157,19.42361],[-99.15774,19.42344]]}},{"type":"Feature","properties":{"c":"minor","n":"Calle Puebla"},"geometry":{"type":"LineString","coordinates":[[-99.15774,19.42344],[-99.15848,19.42327]]}},{"type":"Feature","properties":{"c":"minor","n":"Calle Puebla"},"geometry":{"type":"LineString","coordinates":[[-99.15848,19.42327],[-99.15965,19.42301]]}},{"type":"Feature","properties":{"c":"minor","n":"Calle Puebla"},"geometry":{"type":"LineString","coordinates":[[-99.15965,19.42301],[-99.16083,19.42274]]}},{"type":"Feature","properties":{"c":"minor","n":"Calle Tonalá"},"geometry":{"type":"LineString","coordinates":[[-99.16199,19.41537],[-99.16177,19.41455]]}},{"type":"Feature","properties":{"c":"minor","n":"Calle Tonalá"},"geometry":{"type":"LineString","coordinates":[[-99.16177,19.41455],[-99.16156,19.41373]]}},{"type":"Feature","properties":{"c":"minor","n":"Calle Tonalá"},"geometry":{"type":"LineString","coordinates":[[-99.16156,19.41373],[-99.16147,19.41338]]}},{"type":"Feature","properties":{"c":"minor","n":"Calle Tonalá"},"geometry":{"type":"LineString","coordinates":[[-99.16147,19.41338],[-99.16142,19.41318]]}},{"type":"Feature","properties":{"c":"minor","n":"Calle Tonalá"},"geometry":{"type":"LineString","coordinates":[[-99.16142,19.41318],[-99.16141,19.41314]]}},{"type":"Feature","properties":{"c":"minor","n":"Calle Tonalá"},"geometry":{"type":"LineString","coordinates":[[-99.16141,19.41314],[-99.16134,19.41288]]}},{"type":"Feature","properties":{"c":"minor","n":"Calle Tonalá"},"geometry":{"type":"LineString","coordinates":[[-99.16134,19.41288],[-99.16129,19.41264]]}},{"type":"Feature","properties":{"c":"minor","n":"Calle Tonalá"},"geometry":{"type":"LineString","coordinates":[[-99.16129,19.41264],[-99.16119,19.41225]]}},{"type":"Feature","properties":{"c":"minor","n":"Calle Tonalá"},"geometry":{"type":"LineString","coordinates":[[-99.16119,19.41225],[-99.16103,19.41163]]}},{"type":"Feature","properties":{"c":"minor","n":"Calle Tonalá"},"geometry":{"type":"LineString","coordinates":[[-99.16103,19.41163],[-99.16086,19.41098]]}},{"type":"Feature","properties":{"c":"minor","n":"Calle Tonalá"},"geometry":{"type":"LineString","coordinates":[[-99.16086,19.41098],[-99.16077,19.41062]]}},{"type":"Feature","properties":{"c":"minor","n":"Calle Tonalá"},"geometry":{"type":"LineString","coordinates":[[-99.16077,19.41062],[-99.16064,19.41012]]}},{"type":"Feature","properties":{"c":"minor","n":"Calle Tonalá"},"geometry":{"type":"LineString","coordinates":[[-99.16064,19.41012],[-99.16051,19.40959]]}},{"type":"Feature","properties":{"c":"minor","n":"Calle Tonalá"},"geometry":{"type":"LineString","coordinates":[[-99.16051,19.40959],[-99.16026,19.4086]]}},{"type":"Feature","properties":{"c":"minor","n":"Calle Tonalá"},"geometry":{"type":"LineString","coordinates":[[-99.16026,19.4086],[-99.16017,19.40808]]}},{"type":"Feature","properties":{"c":"minor","n":"Calle Tonalá"},"geometry":{"type":"LineString","coordinates":[[-99.16017,19.40808],[-99.16005,19.40764],[-99.16,19.40757]]}},{"type":"Feature","properties":{"c":"foot"},"geometry":{"type":"LineString","coordinates":[[-99.16142,19.42426],[-99.16142,19.42429],[-99.16134,19.42431],[-99.16124,19.42434],[-99.16122,19.42428],[-99.16112,19.42404],[-99.1611,19.42398],[-99.1612,19.42395]]}},{"type":"Feature","properties":{"c":"foot"},"geometry":{"type":"LineString","coordinates":[[-99.1612,19.42395],[-99.16126,19.42394],[-99.16127,19.42396]]}},{"type":"Feature","properties":{"c":"foot"},"geometry":{"type":"LineString","coordinates":[[-99.16127,19.42396],[-99.16128,19.42401]]}},{"type":"Feature","properties":{"c":"minor","n":"Calle Córdoba"},"geometry":{"type":"LineString","coordinates":[[-99.15851,19.41842],[-99.1585,19.41838],[-99.15836,19.41775]]}},{"type":"Feature","properties":{"c":"minor","n":"Calle Córdoba"},"geometry":{"type":"LineString","coordinates":[[-99.15836,19.41775],[-99.15819,19.4171]]}},{"type":"Feature","properties":{"c":"minor","n":"Calle Córdoba"},"geometry":{"type":"LineString","coordinates":[[-99.15819,19.4171],[-99.15797,19.41617]]}},{"type":"Feature","properties":{"c":"minor","n":"Calle Córdoba"},"geometry":{"type":"LineString","coordinates":[[-99.15797,19.41617],[-99.15774,19.41533]]}},{"type":"Feature","properties":{"c":"minor","n":"Calle Córdoba"},"geometry":{"type":"LineString","coordinates":[[-99.15774,19.41533],[-99.15754,19.41452]]}},{"type":"Feature","properties":{"c":"minor","n":"Calle Córdoba"},"geometry":{"type":"LineString","coordinates":[[-99.15754,19.41452],[-99.15727,19.4134]]}},{"type":"Feature","properties":{"c":"minor","n":"Calle Córdoba"},"geometry":{"type":"LineString","coordinates":[[-99.15727,19.4134],[-99.15702,19.4124]]}},{"type":"Feature","properties":{"c":"minor","n":"Calle Córdoba"},"geometry":{"type":"LineString","coordinates":[[-99.15702,19.4124],[-99.15684,19.41176]]}},{"type":"Feature","properties":{"c":"major","n":"Calle San Luis Potosí"},"geometry":{"type":"LineString","coordinates":[[-99.15633,19.41475],[-99.15539,19.41493]]}},{"type":"Feature","properties":{"c":"major","n":"Calle San Luis Potosí"},"geometry":{"type":"LineString","coordinates":[[-99.15539,19.41493],[-99.1553,19.41495]]}},{"type":"Feature","properties":{"c":"minor","n":"Calle Pomona"},"geometry":{"type":"LineString","coordinates":[[-99.16295,19.42227],[-99.16253,19.42066]]}},{"type":"Feature","properties":{"c":"minor","n":"Cerrada de Plaza Río de Janeiro"},"geometry":{"type":"LineString","coordinates":[[-99.16118,19.42203],[-99.16109,19.42164],[-99.16105,19.42157]]}},{"type":"Feature","properties":{"c":"minor","n":"Calle Flora"},"geometry":{"type":"LineString","coordinates":[[-99.15774,19.42344],[-99.15809,19.4248]]}},{"type":"Feature","properties":{"c":"minor","n":"Calle Jalapa"},"geometry":{"type":"LineString","coordinates":[[-99.15995,19.40867],[-99.15987,19.40972]]}},{"type":"Feature","properties":{"c":"minor","n":"Calle Jalapa"},"geometry":{"type":"LineString","coordinates":[[-99.15987,19.40972],[-99.15982,19.41027]]}},{"type":"Feature","properties":{"c":"minor","n":"Calle Jalapa"},"geometry":{"type":"LineString","coordinates":[[-99.15982,19.41027],[-99.15977,19.41082]]}},{"type":"Feature","properties":{"c":"minor","n":"Calle Jalapa"},"geometry":{"type":"LineString","coordinates":[[-99.15977,19.41082],[-99.15975,19.41119]]}},{"type":"Feature","properties":{"c":"minor","n":"Calle Jalapa"},"geometry":{"type":"LineString","coordinates":[[-99.15975,19.41119],[-99.1597,19.41159]]}},{"type":"Feature","properties":{"c":"minor","n":"Calle Uruapan"},"geometry":{"type":"LineString","coordinates":[[-99.16382,19.42096],[-99.16499,19.42068]]}},{"type":"Feature","properties":{"c":"minor","n":"Calle Chihuahua"},"geometry":{"type":"LineString","coordinates":[[-99.16503,19.41642],[-99.16499,19.41643],[-99.16392,19.41664]]}},{"type":"Feature","properties":{"c":"minor","n":"Calle Chihuahua"},"geometry":{"type":"LineString","coordinates":[[-99.16392,19.41664],[-99.16327,19.41677]]}},{"type":"Feature","properties":{"c":"minor","n":"Calle Chihuahua"},"geometry":{"type":"LineString","coordinates":[[-99.16327,19.41677],[-99.16235,19.41696]]}},{"type":"Feature","properties":{"c":"minor","n":"Calle Chihuahua"},"geometry":{"type":"LineString","coordinates":[[-99.16235,19.41696],[-99.16093,19.41723]]}},{"type":"Feature","properties":{"c":"minor","n":"Calle Chihuahua"},"geometry":{"type":"LineString","coordinates":[[-99.16093,19.41723],[-99.16009,19.4174]]}},{"type":"Feature","properties":{"c":"minor","n":"Calle Chihuahua"},"geometry":{"type":"LineString","coordinates":[[-99.16009,19.4174],[-99.15959,19.4175]]}},{"type":"Feature","properties":{"c":"minor","n":"Calle Chihuahua"},"geometry":{"type":"LineString","coordinates":[[-99.15959,19.4175],[-99.15951,19.41752]]}},{"type":"Feature","properties":{"c":"minor","n":"Calle Chihuahua"},"geometry":{"type":"LineString","coordinates":[[-99.15951,19.41752],[-99.15836,19.41775]]}},{"type":"Feature","properties":{"c":"minor","n":"Calle Chihuahua"},"geometry":{"type":"LineString","coordinates":[[-99.15836,19.41775],[-99.15796,19.41782],[-99.15756,19.41791]]}},{"type":"Feature","properties":{"c":"minor","n":"Calle Chihuahua"},"geometry":{"type":"LineString","coordinates":[[-99.15756,19.41791],[-99.15715,19.41799]]}},{"type":"Feature","properties":{"c":"minor","n":"Calle Chihuahua"},"geometry":{"type":"LineString","coordinates":[[-99.15715,19.41799],[-99.15567,19.41828]]}},{"type":"Feature","properties":{"c":"minor","n":"Calle Chihuahua"},"geometry":{"type":"LineString","coordinates":[[-99.15567,19.41828],[-99.15431,19.41856]]}},{"type":"Feature","properties":{"c":"minor","n":"Avenida Medellín"},"geometry":{"type":"LineString","coordinates":[[-99.16649,19.41959],[-99.16645,19.41945]]}},{"type":"Feature","properties":{"c":"minor","n":"Avenida Medellín"},"geometry":{"type":"LineString","coordinates":[[-99.16645,19.41945],[-99.16621,19.41851]]}},{"type":"Feature","properties":{"c":"minor","n":"Avenida Medellín"},"geometry":{"type":"LineString","coordinates":[[-99.16621,19.41851],[-99.16605,19.41786]]}},{"type":"Feature","properties":{"c":"minor","n":"Avenida Medellín"},"geometry":{"type":"LineString","coordinates":[[-99.16605,19.41786],[-99.16588,19.41719]]}},{"type":"Feature","properties":{"c":"minor","n":"Avenida Medellín"},"geometry":{"type":"LineString","coordinates":[[-99.16537,19.41584],[-99.16541,19.41584],[-99.16549,19.41583],[-99.16553,19.41584],[-99.16558,19.41586],[-99.16583,19.41694],[-99.16584,19.41698]]}},{"type":"Feature","properties":{"c":"minor","n":"Avenida Querétaro"},"geometry":{"type":"LineString","coordinates":[[-99.16327,19.41423],[-99.16334,19.41421],[-99.16339,19.4142],[-99.16351,19.41421]]}},{"type":"Feature","properties":{"c":"minor","n":"Avenida Querétaro"},"geometry":{"type":"LineString","coordinates":[[-99.16351,19.41421],[-99.16439,19.41403]]}},{"type":"Feature","properties":{"c":"minor","n":"Avenida Querétaro"},"geometry":{"type":"LineString","coordinates":[[-99.16439,19.41403],[-99.16508,19.41389]]}},{"type":"Feature","properties":{"c":"minor","n":"Avenida Querétaro"},"geometry":{"type":"LineString","coordinates":[[-99.16508,19.41389],[-99.16586,19.41374],[-99.1659,19.41373]]}},{"type":"Feature","properties":{"c":"major","n":"Avenida Querétaro"},"geometry":{"type":"LineString","coordinates":[[-99.1589,19.4151],[-99.15815,19.41525]]}},{"type":"Feature","properties":{"c":"major","n":"Calle San Luis Potosí"},"geometry":{"type":"LineString","coordinates":[[-99.16621,19.41281],[-99.16616,19.41282],[-99.16612,19.41283]]}},{"type":"Feature","properties":{"c":"major","n":"Calle San Luis Potosí"},"geometry":{"type":"LineString","coordinates":[[-99.16612,19.41283],[-99.16488,19.41307]]}},{"type":"Feature","properties":{"c":"major","n":"Calle San Luis Potosí"},"geometry":{"type":"LineString","coordinates":[[-99.16488,19.41307],[-99.16306,19.41343]]}},{"type":"Feature","properties":{"c":"major","n":"Calle San Luis Potosí"},"geometry":{"type":"LineString","coordinates":[[-99.16306,19.41343],[-99.16213,19.41362]]}},{"type":"Feature","properties":{"c":"minor","n":"Calle Coahuila"},"geometry":{"type":"LineString","coordinates":[[-99.15827,19.41219],[-99.1591,19.41201]]}},{"type":"Feature","properties":{"c":"minor","n":"Calle Coahuila"},"geometry":{"type":"LineString","coordinates":[[-99.1591,19.41201],[-99.15922,19.41198]]}},{"type":"Feature","properties":{"c":"minor","n":"Calle Coahuila"},"geometry":{"type":"LineString","coordinates":[[-99.15922,19.41198],[-99.15949,19.41192]]}},{"type":"Feature","properties":{"c":"minor","n":"Calle Coahuila"},"geometry":{"type":"LineString","coordinates":[[-99.15949,19.41192],[-99.15956,19.41191]]}},{"type":"Feature","properties":{"c":"minor","n":"Calle Coahuila"},"geometry":{"type":"LineString","coordinates":[[-99.15956,19.41191],[-99.15973,19.41187]]}},{"type":"Feature","properties":{"c":"minor","n":"Calle Coahuila"},"geometry":{"type":"LineString","coordinates":[[-99.15973,19.41187],[-99.15976,19.41187]]}},{"type":"Feature","properties":{"c":"minor","n":"Calle Coahuila"},"geometry":{"type":"LineString","coordinates":[[-99.15976,19.41187],[-99.15987,19.41184]]}},{"type":"Feature","properties":{"c":"minor","n":"Calle Coahuila"},"geometry":{"type":"LineString","coordinates":[[-99.15987,19.41184],[-99.16103,19.41163]]}},{"type":"Feature","properties":{"c":"minor","n":"Calle Coahuila"},"geometry":{"type":"LineString","coordinates":[[-99.16103,19.41163],[-99.16252,19.41134]]}},{"type":"Feature","properties":{"c":"minor","n":"Calle Coahuila"},"geometry":{"type":"LineString","coordinates":[[-99.16252,19.41134],[-99.16435,19.41099]]}},{"type":"Feature","properties":{"c":"minor","n":"Calle Coahuila"},"geometry":{"type":"LineString","coordinates":[[-99.16435,19.41099],[-99.16597,19.41068]]}},{"type":"Feature","properties":{"c":"minor","n":"Calle Coahuila"},"geometry":{"type":"LineString","coordinates":[[-99.16597,19.41068],[-99.16686,19.41049],[-99.16689,19.4105]]}},{"type":"Feature","properties":{"c":"minor","n":"Calle Coahuila"},"geometry":{"type":"LineString","coordinates":[[-99.16689,19.4105],[-99.16692,19.41051],[-99.16695,19.41052]]}},{"type":"Feature","properties":{"c":"minor","n":"Calle Manzanillo"},"geometry":{"type":"LineString","coordinates":[[-99.16385,19.40213],[-99.16421,19.40358],[-99.16446,19.40459],[-99.1647,19.40553],[-99.16484,19.40607],[-99.16499,19.40661],[-99.16523,19.40762],[-99.16547,19.40865]]}},{"type":"Feature","properties":{"c":"minor","n":"Calle Manzanillo"},"geometry":{"type":"LineString","coordinates":[[-99.16547,19.40865],[-99.16559,19.40913]]}},{"type":"Feature","properties":{"c":"minor","n":"Calle Manzanillo"},"geometry":{"type":"LineString","coordinates":[[-99.16559,19.40913],[-99.16572,19.40965]]}},{"type":"Feature","properties":{"c":"minor","n":"Calle Manzanillo"},"geometry":{"type":"LineString","coordinates":[[-99.16572,19.40965],[-99.16585,19.41024]]}},{"type":"Feature","properties":{"c":"minor","n":"Calle Manzanillo"},"geometry":{"type":"LineString","coordinates":[[-99.16585,19.41024],[-99.16597,19.41068]]}},{"type":"Feature","properties":{"c":"minor","n":"Calle Manzanillo"},"geometry":{"type":"LineString","coordinates":[[-99.16597,19.41068],[-99.16613,19.4113]]}},{"type":"Feature","properties":{"c":"minor","n":"Calle Manzanillo"},"geometry":{"type":"LineString","coordinates":[[-99.16613,19.4113],[-99.16622,19.41165]]}},{"type":"Feature","properties":{"c":"minor","n":"Calle Manzanillo"},"geometry":{"type":"LineString","coordinates":[[-99.16622,19.41165],[-99.16637,19.41218],[-99.16639,19.41225]]}},{"type":"Feature","properties":{"c":"minor","n":"Calle José Alvarado"},"geometry":{"type":"LineString","coordinates":[[-99.1647,19.41236],[-99.16288,19.41273]]}},{"type":"Feature","properties":{"c":"minor","n":"Calle Tapachula"},"geometry":{"type":"LineString","coordinates":[[-99.16119,19.41225],[-99.16267,19.41193]]}},{"type":"Feature","properties":{"c":"minor","n":"Calle Tapachula"},"geometry":{"type":"LineString","coordinates":[[-99.16267,19.41193],[-99.1645,19.41158]]}},{"type":"Feature","properties":{"c":"minor","n":"Calle Tapachula"},"geometry":{"type":"LineString","coordinates":[[-99.1645,19.41158],[-99.16548,19.41142],[-99.16613,19.4113]]}},{"type":"Feature","properties":{"c":"minor","n":"Calle León de los Aldama"},"geometry":{"type":"LineString","coordinates":[[-99.16234,19.41067],[-99.16086,19.41098]]}},{"type":"Feature","properties":{"c":"minor","n":"Calle León de los Aldama"},"geometry":{"type":"LineString","coordinates":[[-99.16086,19.41098],[-99.15975,19.41119]]}},{"type":"Feature","properties":{"c":"minor","n":"Calle Campeche"},"geometry":{"type":"LineString","coordinates":[[-99.16735,19.40931],[-99.1673,19.40933],[-99.16725,19.40934]]}},{"type":"Feature","properties":{"c":"minor","n":"Calle Campeche"},"geometry":{"type":"LineString","coordinates":[[-99.16725,19.40934],[-99.16718,19.40937]]}},{"type":"Feature","properties":{"c":"minor","n":"Calle Nayarit"},"geometry":{"type":"LineString","coordinates":[[-99.15982,19.41027],[-99.16064,19.41012]]}},{"type":"Feature","properties":{"c":"minor","n":"Calle Nayarit"},"geometry":{"type":"LineString","coordinates":[[-99.16064,19.41012],[-99.16212,19.40982]]}},{"type":"Feature","properties":{"c":"minor","n":"Calle Nayarit"},"geometry":{"type":"LineString","coordinates":[[-99.16212,19.40982],[-99.16399,19.40944]]}},{"type":"Feature","properties":{"c":"minor","n":"Calle Aguascalientes"},"geometry":{"type":"LineString","coordinates":[[-99.15987,19.40972],[-99.16051,19.40959]]}},{"type":"Feature","properties":{"c":"minor","n":"Calle Aguascalientes"},"geometry":{"type":"LineString","coordinates":[[-99.16051,19.40959],[-99.16199,19.40932]]}},{"type":"Feature","properties":{"c":"minor","n":"Calle Aguascalientes"},"geometry":{"type":"LineString","coordinates":[[-99.16199,19.40932],[-99.1635,19.40902]]}},{"type":"Feature","properties":{"c":"minor","n":"Calle Aguascalientes"},"geometry":{"type":"LineString","coordinates":[[-99.1635,19.40902],[-99.16387,19.40896]]}},{"type":"Feature","properties":{"c":"minor","n":"Calle Aguascalientes"},"geometry":{"type":"LineString","coordinates":[[-99.16387,19.40896],[-99.1644,19.40886]]}},{"type":"Feature","properties":{"c":"minor","n":"Calle Aguascalientes"},"geometry":{"type":"LineString","coordinates":[[-99.1644,19.40886],[-99.16492,19.40875]]}},{"type":"Feature","properties":{"c":"minor","n":"Calle Aguascalientes"},"geometry":{"type":"LineString","coordinates":[[-99.16492,19.40875],[-99.16547,19.40865]]}},{"type":"Feature","properties":{"c":"minor","n":"Calle Aguascalientes"},"geometry":{"type":"LineString","coordinates":[[-99.16547,19.40865],[-99.16593,19.40856]]}},{"type":"Feature","properties":{"c":"minor","n":"Calle Aguascalientes"},"geometry":{"type":"LineString","coordinates":[[-99.16593,19.40856],[-99.16604,19.40853]]}},{"type":"Feature","properties":{"c":"minor","n":"Calle Aguascalientes"},"geometry":{"type":"LineString","coordinates":[[-99.16604,19.40853],[-99.16645,19.40845]]}},{"type":"Feature","properties":{"c":"minor","n":"Calle Aguascalientes"},"geometry":{"type":"LineString","coordinates":[[-99.16645,19.40845],[-99.16695,19.40836]]}},{"type":"Feature","properties":{"c":"minor","n":"Calle Aguascalientes"},"geometry":{"type":"LineString","coordinates":[[-99.16695,19.40836],[-99.16763,19.40822]]}},{"type":"Feature","properties":{"c":"minor","n":"Calle Aguascalientes"},"geometry":{"type":"LineString","coordinates":[[-99.16763,19.40822],[-99.16768,19.40821],[-99.16771,19.4082]]}},{"type":"Feature","properties":{"c":"minor","n":"Calle Tlaxcala"},"geometry":{"type":"LineString","coordinates":[[-99.16363,19.40793],[-99.16327,19.40799]]}},{"type":"Feature","properties":{"c":"minor","n":"Calle Tlaxcala"},"geometry":{"type":"LineString","coordinates":[[-99.16327,19.40799],[-99.16174,19.40831]]}},{"type":"Feature","properties":{"c":"minor","n":"Calle Tlaxcala"},"geometry":{"type":"LineString","coordinates":[[-99.16174,19.40831],[-99.16026,19.4086]]}},{"type":"Feature","properties":{"c":"minor","n":"Calle Tlaxcala"},"geometry":{"type":"LineString","coordinates":[[-99.16026,19.4086],[-99.15995,19.40867]]}},{"type":"Feature","properties":{"c":"minor","n":"Calle Cuyutlán"},"geometry":{"type":"LineString","coordinates":[[-99.16629,19.40954],[-99.16604,19.40853]]}},{"type":"Feature","properties":{"c":"minor","n":"Calle Champotón"},"geometry":{"type":"LineString","coordinates":[[-99.16668,19.40946],[-99.16645,19.40845]]}},{"type":"Feature","properties":{"c":"minor","n":"Calle Taxco"},"geometry":{"type":"LineString","coordinates":[[-99.16593,19.40856],[-99.1657,19.40752],[-99.16544,19.40653]]}},{"type":"Feature","properties":{"c":"major","n":"Avenida Álvaro Obregón"},"geometry":{"type":"LineString","coordinates":[[-99.16736,19.41674],[-99.16713,19.41675]]}},{"type":"Feature","properties":{"c":"major","n":"Avenida Álvaro Obregón"},"geometry":{"type":"LineString","coordinates":[[-99.16713,19.41675],[-99.16697,19.41676],[-99.16584,19.41698]]}},{"type":"Feature","properties":{"c":"major","n":"Avenida Álvaro Obregón"},"geometry":{"type":"LineString","coordinates":[[-99.16584,19.41698],[-99.16494,19.41718]]}},{"type":"Feature","properties":{"c":"minor","n":"Calle Minatitlán"},"geometry":{"type":"LineString","coordinates":[[-99.16468,19.40772],[-99.16492,19.40875]]}},{"type":"Feature","properties":{"c":"minor","n":"Calle Nautla"},"geometry":{"type":"LineString","coordinates":[[-99.1644,19.40886],[-99.16418,19.40782],[-99.16394,19.40681]]}},{"type":"Feature","properties":{"c":"minor","n":"Calle Piedras Negras"},"geometry":{"type":"LineString","coordinates":[[-99.1635,19.40902],[-99.16339,19.40852]]}},{"type":"Feature","properties":{"c":"minor","n":"Calle Piedras Negras"},"geometry":{"type":"LineString","coordinates":[[-99.16339,19.40852],[-99.16327,19.40799]]}},{"type":"Feature","properties":{"c":"minor","n":"Calle Actopan"},"geometry":{"type":"LineString","coordinates":[[-99.16186,19.40881],[-99.16339,19.40852]]}},{"type":"Feature","properties":{"c":"major","n":"Avenida Chapultepec"},"geometry":{"type":"LineString","coordinates":[[-99.17401,19.42114],[-99.17389,19.42117],[-99.17317,19.42133],[-99.17269,19.42144],[-99.17166,19.42167]]}},{"type":"Feature","properties":{"c":"major","n":"Avenida Chapultepec"},"geometry":{"type":"LineString","coordinates":[[-99.17166,19.42167],[-99.17036,19.42196]]}},{"type":"Feature","properties":{"c":"major","n":"Avenida Chapultepec"},"geometry":{"type":"LineString","coordinates":[[-99.17036,19.42196],[-99.17023,19.42199]]}},{"type":"Feature","properties":{"c":"major","n":"Avenida Chapultepec"},"geometry":{"type":"LineString","coordinates":[[-99.16371,19.42372],[-99.16379,19.42369],[-99.16416,19.4236]]}},{"type":"Feature","properties":{"c":"major","n":"Avenida Chapultepec"},"geometry":{"type":"LineString","coordinates":[[-99.16416,19.4236],[-99.16426,19.42357]]}},{"type":"Feature","properties":{"c":"major","n":"Avenida Chapultepec"},"geometry":{"type":"LineString","coordinates":[[-99.16426,19.42357],[-99.1655,19.42327],[-99.16554,19.42325],[-99.16558,19.42325]]}},{"type":"Feature","properties":{"c":"major","n":"Avenida Chapultepec"},"geometry":{"type":"LineString","coordinates":[[-99.16558,19.42325],[-99.1657,19.42322]]}},{"type":"Feature","properties":{"c":"minor","n":"Calle Varsovia"},"geometry":{"type":"LineString","coordinates":[[-99.1688,19.42603],[-99.16879,19.42602],[-99.16877,19.42598],[-99.16851,19.42548],[-99.16814,19.42477],[-99.16808,19.42466]]}},{"type":"Feature","properties":{"c":"minor","n":"Calle Varsovia"},"geometry":{"type":"LineString","coordinates":[[-99.16808,19.42466],[-99.16767,19.42387],[-99.16761,19.42377]]}},{"type":"Feature","properties":{"c":"minor","n":"Calle Praga"},"geometry":{"type":"LineString","coordinates":[[-99.16869,19.42253],[-99.16867,19.42258],[-99.16867,19.42262]]}},{"type":"Feature","properties":{"c":"minor","n":"Calle Praga"},"geometry":{"type":"LineString","coordinates":[[-99.16867,19.42262],[-99.16888,19.42304],[-99.1689,19.42307]]}},{"type":"Feature","properties":{"c":"minor","n":"Calle Praga"},"geometry":{"type":"LineString","coordinates":[[-99.1689,19.42307],[-99.16894,19.42314]]}},{"type":"Feature","properties":{"c":"minor","n":"Calle Praga"},"geometry":{"type":"LineString","coordinates":[[-99.16894,19.42314],[-99.16898,19.42322]]}},{"type":"Feature","properties":{"c":"minor","n":"Calle Praga"},"geometry":{"type":"LineString","coordinates":[[-99.16898,19.42322],[-99.16936,19.42394],[-99.16938,19.42397]]}},{"type":"Feature","properties":{"c":"minor","n":"Calle Praga"},"geometry":{"type":"LineString","coordinates":[[-99.16938,19.42397],[-99.16941,19.42403]]}},{"type":"Feature","properties":{"c":"minor","n":"Calle Praga"},"geometry":{"type":"LineString","coordinates":[[-99.16941,19.42403],[-99.16965,19.42449],[-99.16977,19.4247]]}},{"type":"Feature","properties":{"c":"minor","n":"Calle Praga"},"geometry":{"type":"LineString","coordinates":[[-99.16977,19.4247],[-99.17009,19.42531],[-99.17011,19.42535],[-99.17013,19.42538],[-99.17014,19.4254]]}},{"type":"Feature","properties":{"c":"minor","n":"Calle Toledo"},"geometry":{"type":"LineString","coordinates":[[-99.17206,19.42279],[-99.17202,19.42272]]}},{"type":"Feature","properties":{"c":"minor","n":"Calle Toledo"},"geometry":{"type":"LineString","coordinates":[[-99.17202,19.42272],[-99.17194,19.42258]]}},{"type":"Feature","properties":{"c":"minor","n":"Calle Toledo"},"geometry":{"type":"LineString","coordinates":[[-99.17194,19.42258],[-99.17191,19.42252]]}},{"type":"Feature","properties":{"c":"minor","n":"Calle Toledo"},"geometry":{"type":"LineString","coordinates":[[-99.17191,19.42252],[-99.17181,19.42233]]}},{"type":"Feature","properties":{"c":"minor","n":"Calle Dublin"},"geometry":{"type":"LineString","coordinates":[[-99.1723,19.42438],[-99.17229,19.42435],[-99.17228,19.42433],[-99.17226,19.42431],[-99.17221,19.4242],[-99.17217,19.42413],[-99.17214,19.42406],[-99.17196,19.42373]]}},{"type":"Feature","properties":{"c":"minor","n":"Calle Dublin"},"geometry":{"type":"LineString","coordinates":[[-99.17196,19.42373],[-99.17194,19.42368]]}},{"type":"Feature","properties":{"c":"minor","n":"Calle Biarritz"},"geometry":{"type":"LineString","coordinates":[[-99.16952,19.42287],[-99.16956,19.42295]]}},{"type":"Feature","properties":{"c":"minor","n":"Calle Biarritz"},"geometry":{"type":"LineString","coordinates":[[-99.16956,19.42295],[-99.16994,19.4237]]}},{"type":"Feature","properties":{"c":"minor","n":"Calle Biarritz"},"geometry":{"type":"LineString","coordinates":[[-99.16994,19.4237],[-99.16998,19.42376]]}},{"type":"Feature","properties":{"c":"minor","n":"Calle Guadalajara"},"geometry":{"type":"LineString","coordinates":[[-99.17174,19.41595],[-99.17205,19.41717]]}},{"type":"Feature","properties":{"c":"minor","n":"Calle Guadalajara"},"geometry":{"type":"LineString","coordinates":[[-99.17205,19.41717],[-99.17225,19.41796],[-99.1723,19.4182],[-99.17239,19.41856]]}},{"type":"Feature","properties":{"c":"minor","n":"Calle Cozumel"},"geometry":{"type":"LineString","coordinates":[[-99.1704,19.41651],[-99.17038,19.41669],[-99.17039,19.41679],[-99.17045,19.41702]]}},{"type":"Feature","properties":{"c":"minor","n":"Calle Cozumel"},"geometry":{"type":"LineString","coordinates":[[-99.17045,19.41702],[-99.17057,19.41752]]}},{"type":"Feature","properties":{"c":"minor","n":"Calle Cozumel"},"geometry":{"type":"LineString","coordinates":[[-99.17057,19.41752],[-99.17063,19.41774]]}},{"type":"Feature","properties":{"c":"minor","n":"Calle Cozumel"},"geometry":{"type":"LineString","coordinates":[[-99.17063,19.41774],[-99.17075,19.41826]]}},{"type":"Feature","properties":{"c":"minor","n":"Calle Cozumel"},"geometry":{"type":"LineString","coordinates":[[-99.17075,19.41826],[-99.17091,19.41889]]}},{"type":"Feature","properties":{"c":"minor","n":"Calle Cozumel"},"geometry":{"type":"LineString","coordinates":[[-99.17091,19.41889],[-99.17094,19.41898]]}},{"type":"Feature","properties":{"c":"minor","n":"Calle Cozumel"},"geometry":{"type":"LineString","coordinates":[[-99.17094,19.41898],[-99.17096,19.41908]]}},{"type":"Feature","properties":{"c":"minor","n":"Calle Cozumel"},"geometry":{"type":"LineString","coordinates":[[-99.17096,19.41908],[-99.17116,19.4199]]}},{"type":"Feature","properties":{"c":"minor","n":"Calle Cozumel"},"geometry":{"type":"LineString","coordinates":[[-99.17116,19.4199],[-99.17137,19.42073]]}},{"type":"Feature","properties":{"c":"minor","n":"Calle Cozumel"},"geometry":{"type":"LineString","coordinates":[[-99.17137,19.42073],[-99.17156,19.4215]]}},{"type":"Feature","properties":{"c":"minor","n":"Calle Cozumel"},"geometry":{"type":"LineString","coordinates":[[-99.17156,19.4215],[-99.17158,19.42157]]}},{"type":"Feature","properties":{"c":"major","n":"Calle Valladolid"},"geometry":{"type":"LineString","coordinates":[[-99.16747,19.41692],[-99.1675,19.41694],[-99.16751,19.41697],[-99.16764,19.41752]]}},{"type":"Feature","properties":{"c":"major","n":"Calle Valladolid"},"geometry":{"type":"LineString","coordinates":[[-99.16764,19.41752],[-99.16778,19.41809]]}},{"type":"Feature","properties":{"c":"major","n":"Calle Valladolid"},"geometry":{"type":"LineString","coordinates":[[-99.16778,19.41809],[-99.1678,19.41816]]}},{"type":"Feature","properties":{"c":"major","n":"Calle Valladolid"},"geometry":{"type":"LineString","coordinates":[[-99.1678,19.41816],[-99.16782,19.41826]]}},{"type":"Feature","properties":{"c":"minor","n":"Calle Ocotlán"},"geometry":{"type":"LineString","coordinates":[[-99.17015,19.42142],[-99.16868,19.42176]]}},{"type":"Feature","properties":{"c":"minor","n":"Avenida Medellín"},"geometry":{"type":"LineString","coordinates":[[-99.16718,19.42282],[-99.16719,19.42265]]}},{"type":"Feature","properties":{"c":"minor","n":"Avenida Medellín"},"geometry":{"type":"LineString","coordinates":[[-99.16719,19.42265],[-99.1672,19.42254]]}},{"type":"Feature","properties":{"c":"major","n":"Calle Doctor Márquez"},"geometry":{"type":"LineString","coordinates":[[-99.15486,19.41179],[-99.15477,19.41179],[-99.15472,19.41179]]}},{"type":"Feature","properties":{"c":"minor","n":"Calle Doctor Rafaél Norma"},"geometry":{"type":"LineString","coordinates":[[-99.1532,19.41024],[-99.15259,19.41017],[-99.15194,19.41008],[-99.15122,19.41001],[-99.1511,19.41],[-99.15089,19.40997],[-99.15081,19.40995]]}},{"type":"Feature","properties":{"c":"major","n":"Calle Doctor Balmis"},"geometry":{"type":"LineString","coordinates":[[-99.1546,19.41507],[-99.1545,19.41506],[-99.15444,19.41506]]}},{"type":"Feature","properties":{"c":"major","n":"Calle Doctor Olvera"},"geometry":{"type":"LineString","coordinates":[[-99.15451,19.41596],[-99.15443,19.41596],[-99.15437,19.41597]]}},{"type":"Feature","properties":{"c":"major","n":"Doctor Pasteur"},"geometry":{"type":"LineString","coordinates":[[-99.14964,19.41561],[-99.15101,19.41493],[-99.15102,19.41492],[-99.15118,19.41484],[-99.15297,19.4139],[-99.15305,19.41385]]}},{"type":"Feature","properties":{"c":"major","n":"Doctor Pasteur"},"geometry":{"type":"LineString","coordinates":[[-99.15305,19.41385],[-99.15325,19.41375]]}},{"type":"Feature","properties":{"c":"major","n":"Doctor Pasteur"},"geometry":{"type":"LineString","coordinates":[[-99.15325,19.41375],[-99.15387,19.41341]]}},{"type":"Feature","properties":{"c":"major","n":"Doctor Pasteur"},"geometry":{"type":"LineString","coordinates":[[-99.15387,19.41341],[-99.15462,19.41301]]}},{"type":"Feature","properties":{"c":"minor","n":"Calle López"},"geometry":{"type":"LineString","coordinates":[[-99.14183,19.43439],[-99.14207,19.43296]]}},{"type":"Feature","properties":{"c":"minor","n":"Calle López"},"geometry":{"type":"LineString","coordinates":[[-99.14207,19.43296],[-99.1422,19.43215]]}},{"type":"Feature","properties":{"c":"minor","n":"Calle López"},"geometry":{"type":"LineString","coordinates":[[-99.1422,19.43215],[-99.14233,19.43135]]}},{"type":"Feature","properties":{"c":"minor","n":"Calle López"},"geometry":{"type":"LineString","coordinates":[[-99.14233,19.43135],[-99.14246,19.43048],[-99.14247,19.43041]]}},{"type":"Feature","properties":{"c":"minor","n":"Calle López"},"geometry":{"type":"LineString","coordinates":[[-99.14247,19.43041],[-99.14255,19.42986]]}},{"type":"Feature","properties":{"c":"minor","n":"Calle López"},"geometry":{"type":"LineString","coordinates":[[-99.14255,19.42986],[-99.14263,19.42918]]}},{"type":"Feature","properties":{"c":"minor","n":"Calle López"},"geometry":{"type":"LineString","coordinates":[[-99.14263,19.42918],[-99.14278,19.42807]]}},{"type":"Feature","properties":{"c":"minor","n":"Calle Doctor Ignacio Erazo"},"geometry":{"type":"LineString","coordinates":[[-99.15431,19.41856],[-99.15422,19.41858],[-99.15417,19.4186]]}},{"type":"Feature","properties":{"c":"minor","n":"Calle Guaymas"},"geometry":{"type":"LineString","coordinates":[[-99.15489,19.42344],[-99.15494,19.42407]]}},{"type":"Feature","properties":{"c":"minor","n":"Calle Guaymas"},"geometry":{"type":"LineString","coordinates":[[-99.15494,19.42407],[-99.15504,19.42457],[-99.15516,19.42508],[-99.15524,19.42543]]}},{"type":"Feature","properties":{"c":"minor","n":"Callejón de San Cristóbal"},"geometry":{"type":"LineString","coordinates":[[-99.15644,19.42319],[-99.15588,19.42319]]}},{"type":"Feature","properties":{"c":"minor","n":"Callejón de San Cristóbal"},"geometry":{"type":"LineString","coordinates":[[-99.15588,19.42319],[-99.15564,19.42319]]}},{"type":"Feature","properties":{"c":"minor","n":"Callejón de Romita"},"geometry":{"type":"LineString","coordinates":[[-99.15503,19.42322],[-99.15486,19.42322],[-99.15434,19.42324]]}},{"type":"Feature","properties":{"c":"minor","n":"Privada Durango"},"geometry":{"type":"LineString","coordinates":[[-99.15477,19.42242],[-99.15477,19.42232]]}},{"type":"Feature","properties":{"c":"minor","n":"Calle Doctor Carmona y Valle"},"geometry":{"type":"LineString","coordinates":[[-99.15335,19.41854],[-99.15326,19.41968]]}},{"type":"Feature","properties":{"c":"minor","n":"Calle Doctor Carmona y Valle"},"geometry":{"type":"LineString","coordinates":[[-99.15326,19.41968],[-99.15325,19.41975],[-99.15321,19.42031],[-99.15315,19.42115]]}},{"type":"Feature","properties":{"c":"minor","n":"Calle Doctor Carmona y Valle"},"geometry":{"type":"LineString","coordinates":[[-99.15315,19.42115],[-99.15304,19.42246]]}},{"type":"Feature","properties":{"c":"minor","n":"Calle Doctor Carmona y Valle"},"geometry":{"type":"LineString","coordinates":[[-99.15304,19.42246],[-99.15295,19.4236],[-99.15292,19.42397]]}},{"type":"Feature","properties":{"c":"minor","n":"Calle Doctor Salvador Garcíadiego"},"geometry":{"type":"LineString","coordinates":[[-99.15444,19.41686],[-99.15436,19.41686],[-99.1543,19.41686]]}},{"type":"Feature","properties":{"c":"minor","n":"Calle Doctor C. Liceaga"},"geometry":{"type":"LineString","coordinates":[[-99.154,19.42257],[-99.15391,19.42256],[-99.15387,19.42255]]}},{"type":"Feature","properties":{"c":"major","n":"Calle República de Chile"},"geometry":{"type":"LineString","coordinates":[[-99.13596,19.43541],[-99.13582,19.43626]]}},{"type":"Feature","properties":{"c":"major","n":"Calle República de Chile"},"geometry":{"type":"LineString","coordinates":[[-99.13582,19.43626],[-99.13569,19.4371]]}},{"type":"Feature","properties":{"c":"major","n":"Calle República de Chile"},"geometry":{"type":"LineString","coordinates":[[-99.13569,19.4371],[-99.13555,19.43794],[-99.13544,19.43877],[-99.13544,19.4388],[-99.13533,19.43962]]}},{"type":"Feature","properties":{"c":"minor","n":"Calle de la Palma"},"geometry":{"type":"LineString","coordinates":[[-99.13494,19.43528],[-99.13503,19.43466]]}},{"type":"Feature","properties":{"c":"minor","n":"Calle de la Palma"},"geometry":{"type":"LineString","coordinates":[[-99.13503,19.43466],[-99.1351,19.4341]]}},{"type":"Feature","properties":{"c":"minor","n":"Calle de la Palma"},"geometry":{"type":"LineString","coordinates":[[-99.1351,19.4341],[-99.13516,19.43376]]}},{"type":"Feature","properties":{"c":"minor","n":"Calle de la Palma"},"geometry":{"type":"LineString","coordinates":[[-99.13516,19.43376],[-99.1352,19.43343],[-99.13522,19.43331]]}},{"type":"Feature","properties":{"c":"minor","n":"Calle de la Palma"},"geometry":{"type":"LineString","coordinates":[[-99.13522,19.43331],[-99.1353,19.43273]]}},{"type":"Feature","properties":{"c":"minor","n":"Calle de la Palma"},"geometry":{"type":"LineString","coordinates":[[-99.1353,19.43273],[-99.13531,19.43267]]}},{"type":"Feature","properties":{"c":"minor","n":"Calle de la Palma"},"geometry":{"type":"LineString","coordinates":[[-99.13531,19.43267],[-99.13534,19.43245]]}},{"type":"Feature","properties":{"c":"minor","n":"Calle de la Palma"},"geometry":{"type":"LineString","coordinates":[[-99.13534,19.43245],[-99.13538,19.43217],[-99.1354,19.43209]]}},{"type":"Feature","properties":{"c":"minor","n":"Calle de la Palma"},"geometry":{"type":"LineString","coordinates":[[-99.1354,19.43209],[-99.13541,19.43201],[-99.13543,19.43184]]}},{"type":"Feature","properties":{"c":"minor","n":"Calle de la Palma"},"geometry":{"type":"LineString","coordinates":[[-99.13543,19.43184],[-99.13547,19.43162]]}},{"type":"Feature","properties":{"c":"minor","n":"Calle de la Palma"},"geometry":{"type":"LineString","coordinates":[[-99.13547,19.43162],[-99.13547,19.43156]]}},{"type":"Feature","properties":{"c":"minor","n":"Calle de la Palma"},"geometry":{"type":"LineString","coordinates":[[-99.13547,19.43156],[-99.13553,19.43122]]}},{"type":"Feature","properties":{"c":"major","n":"Calle 20 de Noviembre"},"geometry":{"type":"LineString","coordinates":[[-99.1337,19.4301],[-99.13359,19.43088]]}},{"type":"Feature","properties":{"c":"major","n":"Calle 20 de Noviembre"},"geometry":{"type":"LineString","coordinates":[[-99.13359,19.43088],[-99.13358,19.43095]]}},{"type":"Feature","properties":{"c":"minor","n":"Avenida 16 de Septiembre"},"geometry":{"type":"LineString","coordinates":[[-99.1354,19.43209],[-99.13642,19.43222]]}},{"type":"Feature","properties":{"c":"minor","n":"Avenida 16 de Septiembre"},"geometry":{"type":"LineString","coordinates":[[-99.13642,19.43222],[-99.13644,19.43222]]}},{"type":"Feature","properties":{"c":"minor","n":"Avenida 16 de Septiembre"},"geometry":{"type":"LineString","coordinates":[[-99.13644,19.43222],[-99.13749,19.43235]]}},{"type":"Feature","properties":{"c":"minor","n":"Avenida 16 de Septiembre"},"geometry":{"type":"LineString","coordinates":[[-99.13749,19.43235],[-99.13851,19.43249]]}},{"type":"Feature","properties":{"c":"minor","n":"Avenida 16 de Septiembre"},"geometry":{"type":"LineString","coordinates":[[-99.13851,19.43249],[-99.1396,19.43263]]}},{"type":"Feature","properties":{"c":"minor","n":"Avenida 16 de Septiembre"},"geometry":{"type":"LineString","coordinates":[[-99.1396,19.43263],[-99.14108,19.43281]]}},{"type":"Feature","properties":{"c":"major","n":"Calle República de Brasil"},"geometry":{"type":"LineString","coordinates":[[-99.13379,19.43599],[-99.13366,19.43684]]}},{"type":"Feature","properties":{"c":"major","n":"Calle República de Brasil"},"geometry":{"type":"LineString","coordinates":[[-99.13366,19.43684],[-99.13354,19.43763],[-99.13354,19.43769]]}},{"type":"Feature","properties":{"c":"major","n":"Calle República de Brasil"},"geometry":{"type":"LineString","coordinates":[[-99.13354,19.43769],[-99.13353,19.43775],[-99.13342,19.43852],[-99.1333,19.43935],[-99.13323,19.43988],[-99.13311,19.44074]]}},{"type":"Feature","properties":{"c":"minor","n":"Calle Monte de Piedad"},"geometry":{"type":"LineString","coordinates":[[-99.13402,19.43397],[-99.13401,19.4339],[-99.13403,19.43373],[-99.13405,19.43359]]}},{"type":"Feature","properties":{"c":"minor","n":"Calle Monte de Piedad"},"geometry":{"type":"LineString","coordinates":[[-99.13405,19.43359],[-99.1341,19.43323],[-99.13403,19.43314]]}},{"type":"Feature","properties":{"c":"major","n":"Avenida Insurgentes Sur"},"geometry":{"type":"LineString","coordinates":[[-99.16346,19.42221],[-99.16365,19.42157]]}},{"type":"Feature","properties":{"c":"minor","n":"Calle Doctor J. Navarro"},"geometry":{"type":"LineString","coordinates":[[-99.15411,19.42124],[-99.15401,19.42124],[-99.15397,19.42125]]}},{"type":"Feature","properties":{"c":"minor","n":"Calle Victoria"},"geometry":{"type":"LineString","coordinates":[[-99.14315,19.43146],[-99.14366,19.43154]]}},{"type":"Feature","properties":{"c":"minor","n":"Calle Victoria"},"geometry":{"type":"LineString","coordinates":[[-99.14366,19.43154],[-99.14443,19.43166]]}},{"type":"Feature","properties":{"c":"minor","n":"Calle Victoria"},"geometry":{"type":"LineString","coordinates":[[-99.14443,19.43166],[-99.14485,19.43172],[-99.14532,19.4318],[-99.14561,19.43184],[-99.14641,19.43196],[-99.1469,19.43204],[-99.14695,19.43205],[-99.14781,19.43218],[-99.14782,19.43218]]}},{"type":"Feature","properties":{"c":"minor","n":"Calle Aranda"},"geometry":{"type":"LineString","coordinates":[[-99.14259,19.43139],[-99.14275,19.43052],[-99.14276,19.43045]]}},{"type":"Feature","properties":{"c":"minor","n":"Calle Aranda"},"geometry":{"type":"LineString","coordinates":[[-99.14276,19.43045],[-99.14284,19.42989]]}},{"type":"Feature","properties":{"c":"minor","n":"Calle Aranda"},"geometry":{"type":"LineString","coordinates":[[-99.14284,19.42989],[-99.14288,19.42953]]}},{"type":"Feature","properties":{"c":"minor","n":"Calle Aranda"},"geometry":{"type":"LineString","coordinates":[[-99.14288,19.42953],[-99.14291,19.42922]]}},{"type":"Feature","properties":{"c":"minor","n":"Calle Aranda"},"geometry":{"type":"LineString","coordinates":[[-99.14291,19.42922],[-99.14307,19.4281]]}},{"type":"Feature","properties":{"c":"minor","n":"Calle Aranda"},"geometry":{"type":"LineString","coordinates":[[-99.14307,19.4281],[-99.14322,19.42695]]}},{"type":"Feature","properties":{"c":"minor","n":"Calle Buen Tono"},"geometry":{"type":"LineString","coordinates":[[-99.1434,19.42959],[-99.14367,19.42816]]}},{"type":"Feature","properties":{"c":"minor","n":"Calle Buen Tono"},"geometry":{"type":"LineString","coordinates":[[-99.14367,19.42816],[-99.14389,19.42702]]}},{"type":"Feature","properties":{"c":"minor","n":"Cerrada Ernesto Pugibet"},"geometry":{"type":"LineString","coordinates":[[-99.14823,19.43018],[-99.1482,19.43018],[-99.14764,19.43011],[-99.14683,19.42998],[-99.14567,19.42986],[-99.14522,19.42981],[-99.14382,19.42965]]}},{"type":"Feature","properties":{"c":"minor","n":"Cerrada Ernesto Pugibet"},"geometry":{"type":"LineString","coordinates":[[-99.14382,19.42965],[-99.1434,19.42959]]}},{"type":"Feature","properties":{"c":"minor","n":"Cerrada Ernesto Pugibet"},"geometry":{"type":"LineString","coordinates":[[-99.1434,19.42959],[-99.14288,19.42953]]}},{"type":"Feature","properties":{"c":"minor","n":"Calle Puente de Peredo"},"geometry":{"type":"LineString","coordinates":[[-99.14255,19.42986],[-99.14155,19.42974]]}},{"type":"Feature","properties":{"c":"minor","n":"Calle Mesones"},"geometry":{"type":"LineString","coordinates":[[-99.13066,19.42804],[-99.13112,19.42809]]}},{"type":"Feature","properties":{"c":"minor","n":"Calle Mesones"},"geometry":{"type":"LineString","coordinates":[[-99.13112,19.42809],[-99.13177,19.42816]]}},{"type":"Feature","properties":{"c":"minor","n":"Calle Mesones"},"geometry":{"type":"LineString","coordinates":[[-99.13177,19.42816],[-99.13272,19.42826]]}},{"type":"Feature","properties":{"c":"minor","n":"Calle Mesones"},"geometry":{"type":"LineString","coordinates":[[-99.13272,19.42826],[-99.13395,19.42836]]}},{"type":"Feature","properties":{"c":"minor","n":"Calle Mesones"},"geometry":{"type":"LineString","coordinates":[[-99.13395,19.42836],[-99.13492,19.42846]]}},{"type":"Feature","properties":{"c":"minor","n":"Calle Mesones"},"geometry":{"type":"LineString","coordinates":[[-99.13492,19.42846],[-99.13589,19.42855]]}},{"type":"Feature","properties":{"c":"minor","n":"Calle Mesones"},"geometry":{"type":"LineString","coordinates":[[-99.13589,19.42855],[-99.13628,19.42858]]}},{"type":"Feature","properties":{"c":"minor","n":"Calle Mesones"},"geometry":{"type":"LineString","coordinates":[[-99.13628,19.42858],[-99.13699,19.42866]]}},{"type":"Feature","properties":{"c":"minor","n":"Calle Mesones"},"geometry":{"type":"LineString","coordinates":[[-99.13699,19.42866],[-99.13905,19.42884]]}},{"type":"Feature","properties":{"c":"minor","n":"Calle Mesones"},"geometry":{"type":"LineString","coordinates":[[-99.13905,19.42884],[-99.13999,19.42889]]}},{"type":"Feature","properties":{"c":"minor","n":"Calle de las Vizcaínas"},"geometry":{"type":"LineString","coordinates":[[-99.13999,19.42889],[-99.1413,19.429]]}},{"type":"Feature","properties":{"c":"minor","n":"Calle de las Vizcaínas"},"geometry":{"type":"LineString","coordinates":[[-99.1413,19.429],[-99.14157,19.42902],[-99.14164,19.42903]]}},{"type":"Feature","properties":{"c":"foot","n":"Calle José María Marroquí"},"geometry":{"type":"LineString","coordinates":[[-99.14294,19.43457],[-99.1431,19.43359]]}},{"type":"Feature","properties":{"c":"minor","n":"Callejón Tarasquillo"},"geometry":{"type":"LineString","coordinates":[[-99.14384,19.43238],[-99.14377,19.43292]]}},{"type":"Feature","properties":{"c":"foot","n":"García Lorca"},"geometry":{"type":"LineString","coordinates":[[-99.14427,19.43479],[-99.1443,19.4346],[-99.14438,19.43406]]}},{"type":"Feature","properties":{"c":"minor","n":"Calle República de Uruguay"},"geometry":{"type":"LineString","coordinates":[[-99.12507,19.42919],[-99.12566,19.42918],[-99.12643,19.42913],[-99.12657,19.42913],[-99.12697,19.42915],[-99.12751,19.42922],[-99.12838,19.42934],[-99.12932,19.42948]]}},{"type":"Feature","properties":{"c":"minor","n":"Calle República de Uruguay"},"geometry":{"type":"LineString","coordinates":[[-99.12932,19.42948],[-99.13044,19.42963]]}},{"type":"Feature","properties":{"c":"minor","n":"Calle República de Uruguay"},"geometry":{"type":"LineString","coordinates":[[-99.13044,19.42963],[-99.131,19.42971]]}},{"type":"Feature","properties":{"c":"minor","n":"Calle República de Uruguay"},"geometry":{"type":"LineString","coordinates":[[-99.131,19.42971],[-99.13162,19.4298]]}},{"type":"Feature","properties":{"c":"minor","n":"Calle República de Uruguay"},"geometry":{"type":"LineString","coordinates":[[-99.13162,19.4298],[-99.13247,19.42992]]}},{"type":"Feature","properties":{"c":"minor","n":"Calle República de Uruguay"},"geometry":{"type":"LineString","coordinates":[[-99.13247,19.42992],[-99.1337,19.4301]]}},{"type":"Feature","properties":{"c":"minor","n":"Calle República de Uruguay"},"geometry":{"type":"LineString","coordinates":[[-99.1337,19.4301],[-99.13464,19.43023]]}},{"type":"Feature","properties":{"c":"minor","n":"Calle República de Uruguay"},"geometry":{"type":"LineString","coordinates":[[-99.13464,19.43023],[-99.1367,19.43052]]}},{"type":"Feature","properties":{"c":"minor","n":"Calle República de Uruguay"},"geometry":{"type":"LineString","coordinates":[[-99.1367,19.43052],[-99.13747,19.43064]]}},{"type":"Feature","properties":{"c":"minor","n":"Calle República de Uruguay"},"geometry":{"type":"LineString","coordinates":[[-99.13747,19.43064],[-99.13875,19.43082]]}},{"type":"Feature","properties":{"c":"minor","n":"Calle República de Uruguay"},"geometry":{"type":"LineString","coordinates":[[-99.13875,19.43082],[-99.14133,19.43118]]}},{"type":"Feature","properties":{"c":"major","n":"Calle Simón Bolívar"},"geometry":{"type":"LineString","coordinates":[[-99.138,19.43571],[-99.13819,19.43449]]}},{"type":"Feature","properties":{"c":"major","n":"Calle Simón Bolívar"},"geometry":{"type":"LineString","coordinates":[[-99.13819,19.43449],[-99.13832,19.43376]]}},{"type":"Feature","properties":{"c":"major","n":"Calle Simón Bolívar"},"geometry":{"type":"LineString","coordinates":[[-99.13832,19.43376],[-99.13851,19.43249]]}},{"type":"Feature","properties":{"c":"foot","n":"Calle Echeveste"},"geometry":{"type":"LineString","coordinates":[[-99.14006,19.42822],[-99.13966,19.42818]]}},{"type":"Feature","properties":{"c":"foot","n":"Calle Echeveste"},"geometry":{"type":"LineString","coordinates":[[-99.13966,19.42818],[-99.13953,19.42817]]}},{"type":"Feature","properties":{"c":"foot","n":"Calle Echeveste"},"geometry":{"type":"LineString","coordinates":[[-99.13953,19.42817],[-99.13916,19.42813]]}},{"type":"Feature","properties":{"c":"foot","n":"Calle Echeveste"},"geometry":{"type":"LineString","coordinates":[[-99.13916,19.42813],[-99.13801,19.42802]]}},{"type":"Feature","properties":{"c":"foot","n":"Calle Regina"},"geometry":{"type":"LineString","coordinates":[[-99.13912,19.42841],[-99.13861,19.42835],[-99.13801,19.42802]]}},{"type":"Feature","properties":{"c":"minor","n":"Calle Jiménez"},"geometry":{"type":"LineString","coordinates":[[-99.13953,19.42817],[-99.13954,19.42801]]}},{"type":"Feature","properties":{"c":"minor","n":"Calle Jiménez"},"geometry":{"type":"LineString","coordinates":[[-99.13954,19.42801],[-99.13959,19.42749],[-99.13962,19.42725]]}},{"type":"Feature","properties":{"c":"minor","n":"Calle Meave"},"geometry":{"type":"LineString","coordinates":[[-99.14157,19.42957],[-99.13992,19.42956]]}},{"type":"Feature","properties":{"c":"minor","n":"Calle República de Guatemala"},"geometry":{"type":"LineString","coordinates":[[-99.13392,19.43515],[-99.13388,19.43514]]}},{"type":"Feature","properties":{"c":"minor","n":"Calle República de Guatemala"},"geometry":{"type":"LineString","coordinates":[[-99.13388,19.43514],[-99.13347,19.43509]]}},{"type":"Feature","properties":{"c":"minor","n":"Calle República de Guatemala"},"geometry":{"type":"LineString","coordinates":[[-99.13347,19.43509],[-99.13335,19.43508],[-99.13215,19.43492]]}},{"type":"Feature","properties":{"c":"minor","n":"Calle República de Guatemala"},"geometry":{"type":"LineString","coordinates":[[-99.13215,19.43492],[-99.13209,19.43491]]}},{"type":"Feature","properties":{"c":"major","n":"Calle Tacuba"},"geometry":{"type":"LineString","coordinates":[[-99.13392,19.43515],[-99.13494,19.43528]]}},{"type":"Feature","properties":{"c":"major","n":"Calle Tacuba"},"geometry":{"type":"LineString","coordinates":[[-99.13494,19.43528],[-99.13596,19.43541]]}},{"type":"Feature","properties":{"c":"major","n":"Calle Tacuba"},"geometry":{"type":"LineString","coordinates":[[-99.13596,19.43541],[-99.13698,19.43555]]}},{"type":"Feature","properties":{"c":"major","n":"Calle Tacuba"},"geometry":{"type":"LineString","coordinates":[[-99.13698,19.43555],[-99.138,19.43571]]}},{"type":"Feature","properties":{"c":"major","n":"Calle Tacuba"},"geometry":{"type":"LineString","coordinates":[[-99.138,19.43571],[-99.13902,19.43586]]}},{"type":"Feature","properties":{"c":"major","n":"Calle Tacuba"},"geometry":{"type":"LineString","coordinates":[[-99.13902,19.43586],[-99.13995,19.436]]}},{"type":"Feature","properties":{"c":"foot","n":"Calle República de Guatemala"},"geometry":{"type":"LineString","coordinates":[[-99.13053,19.43469],[-99.12981,19.4346]]}},{"type":"Feature","properties":{"c":"foot","n":"Calle República de Guatemala"},"geometry":{"type":"LineString","coordinates":[[-99.12981,19.4346],[-99.1298,19.4346]]}},{"type":"Feature","properties":{"c":"foot","n":"Calle República de Guatemala"},"geometry":{"type":"LineString","coordinates":[[-99.1298,19.4346],[-99.12973,19.43459]]}},{"type":"Feature","properties":{"c":"minor","n":"Calle Donceles"},"geometry":{"type":"LineString","coordinates":[[-99.14046,19.43693],[-99.1398,19.43684]]}},{"type":"Feature","properties":{"c":"minor","n":"Calle Donceles"},"geometry":{"type":"LineString","coordinates":[[-99.1398,19.43684],[-99.13915,19.43675]]}},{"type":"Feature","properties":{"c":"minor","n":"Calle Donceles"},"geometry":{"type":"LineString","coordinates":[[-99.13915,19.43675],[-99.13885,19.43671]]}},{"type":"Feature","properties":{"c":"minor","n":"Calle Donceles"},"geometry":{"type":"LineString","coordinates":[[-99.13885,19.43671],[-99.13788,19.43656]]}},{"type":"Feature","properties":{"c":"minor","n":"Calle Donceles"},"geometry":{"type":"LineString","coordinates":[[-99.13788,19.43656],[-99.13582,19.43626]]}},{"type":"Feature","properties":{"c":"minor","n":"Calle Donceles"},"geometry":{"type":"LineString","coordinates":[[-99.13582,19.43626],[-99.13482,19.43613]]}},{"type":"Feature","properties":{"c":"minor","n":"Calle Donceles"},"geometry":{"type":"LineString","coordinates":[[-99.13482,19.43613],[-99.13426,19.43605]]}},{"type":"Feature","properties":{"c":"minor","n":"Calle Donceles"},"geometry":{"type":"LineString","coordinates":[[-99.13426,19.43605],[-99.13379,19.43599]]}},{"type":"Feature","properties":{"c":"minor","n":"Calle Donceles"},"geometry":{"type":"LineString","coordinates":[[-99.13379,19.43599],[-99.13326,19.43593]]}},{"type":"Feature","properties":{"c":"minor","n":"Calle Donceles"},"geometry":{"type":"LineString","coordinates":[[-99.13326,19.43593],[-99.13172,19.43572]]}},{"type":"Feature","properties":{"c":"minor","n":"Calle República de Cuba"},"geometry":{"type":"LineString","coordinates":[[-99.13366,19.43684],[-99.13472,19.43697]]}},{"type":"Feature","properties":{"c":"minor","n":"Calle República de Cuba"},"geometry":{"type":"LineString","coordinates":[[-99.13472,19.43697],[-99.13569,19.4371]]}},{"type":"Feature","properties":{"c":"minor","n":"Calle República de Cuba"},"geometry":{"type":"LineString","coordinates":[[-99.13569,19.4371],[-99.13623,19.43718]]}},{"type":"Feature","properties":{"c":"minor","n":"Calle República de Cuba"},"geometry":{"type":"LineString","coordinates":[[-99.13623,19.43718],[-99.13775,19.43742]]}},{"type":"Feature","properties":{"c":"minor","n":"Calle República de Cuba"},"geometry":{"type":"LineString","coordinates":[[-99.13775,19.43742],[-99.13835,19.43751],[-99.13902,19.4376]]}},{"type":"Feature","properties":{"c":"minor","n":"Calle República de Cuba"},"geometry":{"type":"LineString","coordinates":[[-99.13902,19.4376],[-99.14032,19.43779]]}},{"type":"Feature","properties":{"c":"minor","n":"Calle República de Venezuela"},"geometry":{"type":"LineString","coordinates":[[-99.12734,19.43683],[-99.12939,19.43711]]}},{"type":"Feature","properties":{"c":"minor","n":"Calle República de Venezuela"},"geometry":{"type":"LineString","coordinates":[[-99.12939,19.43711],[-99.13149,19.43739]]}},{"type":"Feature","properties":{"c":"minor","n":"Calle República de Venezuela"},"geometry":{"type":"LineString","coordinates":[[-99.13149,19.43739],[-99.13348,19.43768],[-99.13354,19.43769]]}},{"type":"Feature","properties":{"c":"minor","n":"Calle Corregidora"},"geometry":{"type":"LineString","coordinates":[[-99.13016,19.43145],[-99.12965,19.43138],[-99.12914,19.43131],[-99.12811,19.43118],[-99.12726,19.43107]]}},{"type":"Feature","properties":{"c":"minor","n":"Calle de las Vizcaínas"},"geometry":{"type":"LineString","coordinates":[[-99.1292,19.43034],[-99.12932,19.42948]]}},{"type":"Feature","properties":{"c":"minor","n":"Calle de las Vizcaínas"},"geometry":{"type":"LineString","coordinates":[[-99.12932,19.42948],[-99.12944,19.42865]]}},{"type":"Feature","properties":{"c":"minor","n":"Calle de las Vizcaínas"},"geometry":{"type":"LineString","coordinates":[[-99.12944,19.42865],[-99.12955,19.42791]]}},{"type":"Feature","properties":{"c":"minor","n":"Calle de las Vizcaínas"},"geometry":{"type":"LineString","coordinates":[[-99.12955,19.42791],[-99.12968,19.42696],[-99.12978,19.42635],[-99.1298,19.42625]]}},{"type":"Feature","properties":{"c":"foot","n":"Calle Licenciado Francisco Primo de Verdad"},"geometry":{"type":"LineString","coordinates":[[-99.13093,19.43349],[-99.13093,19.43353]]}},{"type":"Feature","properties":{"c":"foot","n":"Calle Licenciado Francisco Primo de Verdad"},"geometry":{"type":"LineString","coordinates":[[-99.13093,19.43353],[-99.13093,19.43355]]}},{"type":"Feature","properties":{"c":"foot","n":"Calle Licenciado Francisco Primo de Verdad"},"geometry":{"type":"LineString","coordinates":[[-99.13093,19.43355],[-99.13083,19.43428]]}},{"type":"Feature","properties":{"c":"major","n":"Avenida Hidalgo"},"geometry":{"type":"LineString","coordinates":[[-99.14058,19.43609],[-99.14071,19.43611]]}},{"type":"Feature","properties":{"c":"major","n":"Avenida Hidalgo"},"geometry":{"type":"LineString","coordinates":[[-99.14071,19.43611],[-99.14152,19.43625]]}},{"type":"Feature","properties":{"c":"major","n":"Avenida Hidalgo"},"geometry":{"type":"LineString","coordinates":[[-99.14152,19.43625],[-99.14197,19.43633]]}},{"type":"Feature","properties":{"c":"major","n":"Avenida Hidalgo"},"geometry":{"type":"LineString","coordinates":[[-99.14197,19.43633],[-99.1425,19.43642]]}},{"type":"Feature","properties":{"c":"major","n":"Avenida Hidalgo"},"geometry":{"type":"LineString","coordinates":[[-99.1425,19.43642],[-99.14291,19.4365]]}},{"type":"Feature","properties":{"c":"major","n":"Avenida Hidalgo"},"geometry":{"type":"LineString","coordinates":[[-99.14291,19.4365],[-99.14387,19.43669]]}},{"type":"Feature","properties":{"c":"major","n":"Avenida Hidalgo"},"geometry":{"type":"LineString","coordinates":[[-99.14387,19.43669],[-99.14408,19.43673]]}},{"type":"Feature","properties":{"c":"major","n":"Avenida Hidalgo"},"geometry":{"type":"LineString","coordinates":[[-99.14408,19.43673],[-99.14427,19.43678]]}},{"type":"Feature","properties":{"c":"major","n":"Avenida Hidalgo"},"geometry":{"type":"LineString","coordinates":[[-99.14427,19.43678],[-99.14586,19.43714],[-99.14633,19.43724],[-99.14646,19.43727],[-99.14649,19.43728]]}},{"type":"Feature","properties":{"c":"foot","n":"Calle Condesa"},"geometry":{"type":"LineString","coordinates":[[-99.13995,19.436],[-99.14008,19.43522],[-99.14017,19.43474]]}},{"type":"Feature","properties":{"c":"foot","n":"Calle Marconi"},"geometry":{"type":"LineString","coordinates":[[-99.13995,19.436],[-99.13994,19.43604]]}},{"type":"Feature","properties":{"c":"foot","n":"Calle Marconi"},"geometry":{"type":"LineString","coordinates":[[-99.13994,19.43604],[-99.13993,19.43608]]}},{"type":"Feature","properties":{"c":"foot","n":"Calle Marconi"},"geometry":{"type":"LineString","coordinates":[[-99.13993,19.43608],[-99.1399,19.43625]]}},{"type":"Feature","properties":{"c":"foot","n":"Calle Marconi"},"geometry":{"type":"LineString","coordinates":[[-99.1399,19.43625],[-99.1398,19.43684]]}},{"type":"Feature","properties":{"c":"minor","n":"Calle Erasmo Castellanos"},"geometry":{"type":"LineString","coordinates":[[-99.13108,19.43156],[-99.13108,19.43154],[-99.13109,19.4315]]}},{"type":"Feature","properties":{"c":"minor","n":"Calle Erasmo Castellanos"},"geometry":{"type":"LineString","coordinates":[[-99.13109,19.4315],[-99.13115,19.43108]]}},{"type":"Feature","properties":{"c":"minor","n":"Calle Erasmo Castellanos"},"geometry":{"type":"LineString","coordinates":[[-99.13115,19.43108],[-99.13121,19.43062]]}},{"type":"Feature","properties":{"c":"foot","n":"Calle Tabaqueños"},"geometry":{"type":"LineString","coordinates":[[-99.1315,19.43066],[-99.13162,19.4298]]}},{"type":"Feature","properties":{"c":"foot","n":"Pasaje Yucatán"},"geometry":{"type":"LineString","coordinates":[[-99.13088,19.43057],[-99.131,19.42971]]}},{"type":"Feature","properties":{"c":"minor","n":"Primer Callejón Mesones"},"geometry":{"type":"LineString","coordinates":[[-99.13589,19.42855],[-99.13596,19.42777]]}},{"type":"Feature","properties":{"c":"major","n":"Avenida Sonora"},"geometry":{"type":"LineString","coordinates":[[-99.17004,19.41583],[-99.16997,19.41573]]}},{"type":"Feature","properties":{"c":"major","n":"Avenida Sonora"},"geometry":{"type":"LineString","coordinates":[[-99.16997,19.41573],[-99.16987,19.4156]]}},{"type":"Feature","properties":{"c":"major","n":"Avenida Sonora"},"geometry":{"type":"LineString","coordinates":[[-99.16987,19.4156],[-99.16953,19.4151]]}},{"type":"Feature","properties":{"c":"major","n":"Avenida Sonora"},"geometry":{"type":"LineString","coordinates":[[-99.16953,19.4151],[-99.16948,19.41505]]}},{"type":"Feature","properties":{"c":"major","n":"Avenida Sonora"},"geometry":{"type":"LineString","coordinates":[[-99.16948,19.41505],[-99.16944,19.41499]]}},{"type":"Feature","properties":{"c":"major","n":"Avenida Sonora"},"geometry":{"type":"LineString","coordinates":[[-99.16944,19.41499],[-99.16901,19.41446]]}},{"type":"Feature","properties":{"c":"major","n":"Avenida Sonora"},"geometry":{"type":"LineString","coordinates":[[-99.16901,19.41446],[-99.16897,19.41441]]}},{"type":"Feature","properties":{"c":"minor","n":"Avenida Amsterdam"},"geometry":{"type":"LineString","coordinates":[[-99.16936,19.41508],[-99.16906,19.4153],[-99.16868,19.41553],[-99.16849,19.41563]]}},{"type":"Feature","properties":{"c":"minor","n":"Avenida Amsterdam"},"geometry":{"type":"LineString","coordinates":[[-99.16849,19.41563],[-99.16827,19.41571],[-99.16802,19.41573],[-99.1677,19.41569]]}},{"type":"Feature","properties":{"c":"minor","n":"Avenida Amsterdam"},"geometry":{"type":"LineString","coordinates":[[-99.1677,19.41569],[-99.16741,19.41554],[-99.16716,19.41539],[-99.167,19.41515]]}},{"type":"Feature","properties":{"c":"minor","n":"Calle Iztaccihuatl"},"geometry":{"type":"LineString","coordinates":[[-99.16938,19.41059],[-99.16901,19.41004]]}},{"type":"Feature","properties":{"c":"minor"},"geometry":{"type":"LineString","coordinates":[[-99.17157,19.40971],[-99.17161,19.40966]]}},{"type":"Feature","properties":{"c":"minor"},"geometry":{"type":"LineString","coordinates":[[-99.17161,19.40966],[-99.17163,19.40959]]}},{"type":"Feature","properties":{"c":"minor"},"geometry":{"type":"LineString","coordinates":[[-99.17163,19.40959],[-99.17164,19.40951],[-99.17161,19.40944],[-99.17157,19.40938],[-99.1715,19.40934]]}},{"type":"Feature","properties":{"c":"minor"},"geometry":{"type":"LineString","coordinates":[[-99.1715,19.40934],[-99.17148,19.40933],[-99.17141,19.40931]]}},{"type":"Feature","properties":{"c":"minor"},"geometry":{"type":"LineString","coordinates":[[-99.17141,19.40931],[-99.17134,19.40932],[-99.17127,19.40934],[-99.17122,19.40939]]}},{"type":"Feature","properties":{"c":"minor"},"geometry":{"type":"LineString","coordinates":[[-99.17122,19.40939],[-99.17117,19.40945]]}},{"type":"Feature","properties":{"c":"minor"},"geometry":{"type":"LineString","coordinates":[[-99.17117,19.40945],[-99.17115,19.4095]]}},{"type":"Feature","properties":{"c":"minor"},"geometry":{"type":"LineString","coordinates":[[-99.17115,19.4095],[-99.17115,19.40957],[-99.17117,19.40963],[-99.1712,19.40969],[-99.17126,19.40974]]}},{"type":"Feature","properties":{"c":"minor"},"geometry":{"type":"LineString","coordinates":[[-99.17126,19.40974],[-99.17131,19.40976]]}},{"type":"Feature","properties":{"c":"minor"},"geometry":{"type":"LineString","coordinates":[[-99.17131,19.40976],[-99.17138,19.40978],[-99.17145,19.40977],[-99.17151,19.40975],[-99.17157,19.40971]]}},{"type":"Feature","properties":{"c":"minor"},"geometry":{"type":"LineString","coordinates":[[-99.16912,19.40981],[-99.16909,19.40974]]}},{"type":"Feature","properties":{"c":"minor"},"geometry":{"type":"LineString","coordinates":[[-99.16909,19.40974],[-99.16906,19.4097],[-99.16902,19.40967]]}},{"type":"Feature","properties":{"c":"minor"},"geometry":{"type":"LineString","coordinates":[[-99.16902,19.40967],[-99.16896,19.40964],[-99.16889,19.40963],[-99.16882,19.40965],[-99.16876,19.40968]]}},{"type":"Feature","properties":{"c":"minor"},"geometry":{"type":"LineString","coordinates":[[-99.16876,19.40968],[-99.16872,19.40972],[-99.16869,19.40976],[-99.16867,19.40981],[-99.16867,19.40986],[-99.16868,19.40991]]}},{"type":"Feature","properties":{"c":"minor"},"geometry":{"type":"LineString","coordinates":[[-99.16868,19.40991],[-99.16871,19.40997]]}},{"type":"Feature","properties":{"c":"minor"},"geometry":{"type":"LineString","coordinates":[[-99.16871,19.40997],[-99.16876,19.41003]]}},{"type":"Feature","properties":{"c":"minor"},"geometry":{"type":"LineString","coordinates":[[-99.16876,19.41003],[-99.16882,19.41005],[-99.16889,19.41007],[-99.16895,19.41006],[-99.16901,19.41004]]}},{"type":"Feature","properties":{"c":"minor"},"geometry":{"type":"LineString","coordinates":[[-99.16901,19.41004],[-99.16907,19.40999],[-99.16911,19.40994],[-99.16913,19.40987],[-99.16912,19.40981]]}},{"type":"Feature","properties":{"c":"minor","n":"Avenida Amsterdam"},"geometry":{"type":"LineString","coordinates":[[-99.17122,19.40939],[-99.17094,19.40932],[-99.1707,19.4093],[-99.17048,19.40931],[-99.17011,19.40936]]}},{"type":"Feature","properties":{"c":"minor","n":"Avenida Amsterdam"},"geometry":{"type":"LineString","coordinates":[[-99.17011,19.40936],[-99.16953,19.40949],[-99.16902,19.40967]]}},{"type":"Feature","properties":{"c":"minor","n":"Avenida Amsterdam"},"geometry":{"type":"LineString","coordinates":[[-99.16683,19.4152],[-99.16708,19.41546],[-99.16737,19.41566],[-99.16768,19.4158]]}},{"type":"Feature","properties":{"c":"minor","n":"Avenida Amsterdam"},"geometry":{"type":"LineString","coordinates":[[-99.16768,19.4158],[-99.16798,19.41582],[-99.16827,19.41581],[-99.16856,19.41573]]}},{"type":"Feature","properties":{"c":"minor","n":"Avenida Amsterdam"},"geometry":{"type":"LineString","coordinates":[[-99.16856,19.41573],[-99.16876,19.41564],[-99.16914,19.4154],[-99.16944,19.41519]]}},{"type":"Feature","properties":{"c":"minor","n":"Calle Sinaloa"},"geometry":{"type":"LineString","coordinates":[[-99.17289,19.41952],[-99.17277,19.41955],[-99.17266,19.41957],[-99.17257,19.41959],[-99.17116,19.4199]]}},{"type":"Feature","properties":{"c":"minor","n":"Calle Sinaloa"},"geometry":{"type":"LineString","coordinates":[[-99.17116,19.4199],[-99.17073,19.41999],[-99.17054,19.42003]]}},{"type":"Feature","properties":{"c":"minor","n":"Calle Sinaloa"},"geometry":{"type":"LineString","coordinates":[[-99.17054,19.42003],[-99.17042,19.42006]]}},{"type":"Feature","properties":{"c":"minor","n":"Calle Sinaloa"},"geometry":{"type":"LineString","coordinates":[[-99.17042,19.42006],[-99.16984,19.42019]]}},{"type":"Feature","properties":{"c":"minor","n":"Calle Sinaloa"},"geometry":{"type":"LineString","coordinates":[[-99.16984,19.42019],[-99.16918,19.42033]]}},{"type":"Feature","properties":{"c":"minor","n":"Calle Sinaloa"},"geometry":{"type":"LineString","coordinates":[[-99.16918,19.42033],[-99.16837,19.42051]]}},{"type":"Feature","properties":{"c":"minor","n":"Calle Sinaloa"},"geometry":{"type":"LineString","coordinates":[[-99.16837,19.42051],[-99.1677,19.42066]]}},{"type":"Feature","properties":{"c":"minor","n":"Calle Sinaloa"},"geometry":{"type":"LineString","coordinates":[[-99.1677,19.42066],[-99.1668,19.42085]]}},{"type":"Feature","properties":{"c":"minor","n":"Calle Sinaloa"},"geometry":{"type":"LineString","coordinates":[[-99.1668,19.42085],[-99.16562,19.42109],[-99.16554,19.42109],[-99.16542,19.42109]]}},{"type":"Feature","properties":{"c":"minor","n":"Calle Popocatépetl"},"geometry":{"type":"LineString","coordinates":[[-99.16766,19.41485],[-99.16695,19.41507]]}},{"type":"Feature","properties":{"c":"minor","n":"Calle Popocatépetl"},"geometry":{"type":"LineString","coordinates":[[-99.16695,19.41507],[-99.16687,19.41509]]}},{"type":"Feature","properties":{"c":"minor","n":"Calle Popocatépetl"},"geometry":{"type":"LineString","coordinates":[[-99.16687,19.41509],[-99.16678,19.41512]]}},{"type":"Feature","properties":{"c":"minor","n":"Calle Popocatépetl"},"geometry":{"type":"LineString","coordinates":[[-99.16678,19.41512],[-99.16593,19.41537]]}},{"type":"Feature","properties":{"c":"minor","n":"Calle Popocatépetl"},"geometry":{"type":"LineString","coordinates":[[-99.16593,19.41537],[-99.16573,19.41543],[-99.16569,19.41543],[-99.16567,19.41542],[-99.16564,19.41541],[-99.16562,19.4154],[-99.16561,19.41539]]}},{"type":"Feature","properties":{"c":"minor","n":"Calle Popocatépetl"},"geometry":{"type":"LineString","coordinates":[[-99.16561,19.41539],[-99.16557,19.41536],[-99.16554,19.41534]]}},{"type":"Feature","properties":{"c":"major","n":"Avenida México"},"geometry":{"type":"LineString","coordinates":[[-99.16468,19.35164],[-99.16388,19.35077]]}},{"type":"Feature","properties":{"c":"minor","n":"Calle Vicente Guerrero"},"geometry":{"type":"LineString","coordinates":[[-99.16484,19.3518],[-99.16504,19.35256]]}},{"type":"Feature","properties":{"c":"minor","n":"Calle Vicente Guerrero"},"geometry":{"type":"LineString","coordinates":[[-99.16504,19.35256],[-99.16525,19.35342]]}},{"type":"Feature","properties":{"c":"minor","n":"Calle Vicente Guerrero"},"geometry":{"type":"LineString","coordinates":[[-99.16525,19.35342],[-99.16544,19.35431],[-99.16566,19.35519],[-99.16585,19.35609],[-99.16604,19.35696],[-99.16623,19.35785],[-99.16631,19.35821]]}},{"type":"Feature","properties":{"c":"minor","n":"Calle Ignacio Aldama"},"geometry":{"type":"LineString","coordinates":[[-99.1636,19.35284],[-99.1637,19.35294],[-99.16375,19.35303],[-99.16377,19.35312]]}},{"type":"Feature","properties":{"c":"minor","n":"Calle Ignacio Aldama"},"geometry":{"type":"LineString","coordinates":[[-99.16377,19.35312],[-99.1639,19.35368]]}},{"type":"Feature","properties":{"c":"minor","n":"Calle Ignacio Aldama"},"geometry":{"type":"LineString","coordinates":[[-99.1639,19.35368],[-99.16408,19.35458],[-99.16429,19.35546],[-99.16448,19.35635],[-99.16468,19.35723],[-99.16486,19.35812]]}},{"type":"Feature","properties":{"c":"minor","n":"Calle París"},"geometry":{"type":"LineString","coordinates":[[-99.15578,19.3553],[-99.1562,19.35522],[-99.15746,19.35497],[-99.15834,19.3548],[-99.15967,19.35454]]}},{"type":"Feature","properties":{"c":"minor","n":"Calle París"},"geometry":{"type":"LineString","coordinates":[[-99.15967,19.35454],[-99.16099,19.35426]]}},{"type":"Feature","properties":{"c":"minor","n":"Calle París"},"geometry":{"type":"LineString","coordinates":[[-99.16099,19.35426],[-99.16233,19.35399]]}},{"type":"Feature","properties":{"c":"minor","n":"Calle París"},"geometry":{"type":"LineString","coordinates":[[-99.16233,19.35399],[-99.16321,19.35382]]}},{"type":"Feature","properties":{"c":"minor","n":"Calle París"},"geometry":{"type":"LineString","coordinates":[[-99.16321,19.35382],[-99.16351,19.35376]]}},{"type":"Feature","properties":{"c":"minor","n":"Calle París"},"geometry":{"type":"LineString","coordinates":[[-99.16351,19.35376],[-99.1639,19.35368]]}},{"type":"Feature","properties":{"c":"minor","n":"Calle París"},"geometry":{"type":"LineString","coordinates":[[-99.1639,19.35368],[-99.16525,19.35342]]}},{"type":"Feature","properties":{"c":"minor","n":"Calle París"},"geometry":{"type":"LineString","coordinates":[[-99.16525,19.35342],[-99.16613,19.35324]]}},{"type":"Feature","properties":{"c":"major","n":"Calle Aguayo"},"geometry":{"type":"LineString","coordinates":[[-99.16278,19.35042],[-99.16264,19.35103],[-99.16263,19.35112]]}},{"type":"Feature","properties":{"c":"major","n":"Calle Felipe Carillo Puerto"},"geometry":{"type":"LineString","coordinates":[[-99.16409,19.34455],[-99.16408,19.34464],[-99.16406,19.34474],[-99.16387,19.34603],[-99.16371,19.34682]]}},{"type":"Feature","properties":{"c":"major","n":"Calle Felipe Carillo Puerto"},"geometry":{"type":"LineString","coordinates":[[-99.16371,19.34682],[-99.16354,19.34755]]}},{"type":"Feature","properties":{"c":"major","n":"Calle Xicoténcatl"},"geometry":{"type":"LineString","coordinates":[[-99.16547,19.35248],[-99.16504,19.35256]]}},{"type":"Feature","properties":{"c":"major","n":"Calle Xicoténcatl"},"geometry":{"type":"LineString","coordinates":[[-99.16504,19.35256],[-99.1638,19.35281],[-99.1636,19.35284]]}},{"type":"Feature","properties":{"c":"major","n":"Calle Xicoténcatl"},"geometry":{"type":"LineString","coordinates":[[-99.1636,19.35284],[-99.16303,19.35292]]}},{"type":"Feature","properties":{"c":"major","n":"Calle Xicoténcatl"},"geometry":{"type":"LineString","coordinates":[[-99.16303,19.35292],[-99.16213,19.35311]]}},{"type":"Feature","properties":{"c":"major","n":"Calle Xicoténcatl"},"geometry":{"type":"LineString","coordinates":[[-99.16213,19.35311],[-99.16146,19.35325]]}},{"type":"Feature","properties":{"c":"minor","n":"Calle Ignacio Allende"},"geometry":{"type":"LineString","coordinates":[[-99.16179,19.34953],[-99.16181,19.34959]]}},{"type":"Feature","properties":{"c":"minor","n":"Calle Ignacio Allende"},"geometry":{"type":"LineString","coordinates":[[-99.16181,19.34959],[-99.16182,19.34963],[-99.1618,19.34977]]}},{"type":"Feature","properties":{"c":"minor","n":"Calle Ignacio Allende"},"geometry":{"type":"LineString","coordinates":[[-99.1618,19.34977],[-99.16175,19.35]]}},{"type":"Feature","properties":{"c":"minor","n":"Calle Ignacio Allende"},"geometry":{"type":"LineString","coordinates":[[-99.16175,19.35],[-99.16164,19.35041]]}},{"type":"Feature","properties":{"c":"minor","n":"Calle Ignacio Allende"},"geometry":{"type":"LineString","coordinates":[[-99.16164,19.35041],[-99.16159,19.35059]]}},{"type":"Feature","properties":{"c":"minor","n":"Calle Caballo Calco"},"geometry":{"type":"LineString","coordinates":[[-99.16232,19.34729],[-99.16219,19.34777]]}},{"type":"Feature","properties":{"c":"minor","n":"Calle Caballo Calco"},"geometry":{"type":"LineString","coordinates":[[-99.16219,19.34777],[-99.16216,19.34787]]}},{"type":"Feature","properties":{"c":"minor","n":"Calle Caballo Calco"},"geometry":{"type":"LineString","coordinates":[[-99.16216,19.34787],[-99.16182,19.34914]]}},{"type":"Feature","properties":{"c":"minor","n":"Calle Caballo Calco"},"geometry":{"type":"LineString","coordinates":[[-99.16182,19.34914],[-99.16179,19.3494]]}},{"type":"Feature","properties":{"c":"minor","n":"Calle Caballo Calco"},"geometry":{"type":"LineString","coordinates":[[-99.16179,19.3494],[-99.16179,19.34953]]}},{"type":"Feature","properties":{"c":"minor","n":"Calle Malintzin"},"geometry":{"type":"LineString","coordinates":[[-99.15705,19.35317],[-99.15794,19.35299],[-99.15928,19.35275]]}},{"type":"Feature","properties":{"c":"minor","n":"Calle Malintzin"},"geometry":{"type":"LineString","coordinates":[[-99.15928,19.35275],[-99.16059,19.35248]]}},{"type":"Feature","properties":{"c":"minor","n":"Calle Malintzin"},"geometry":{"type":"LineString","coordinates":[[-99.16059,19.35248],[-99.16193,19.35221]]}},{"type":"Feature","properties":{"c":"minor","n":"Calle Malintzin"},"geometry":{"type":"LineString","coordinates":[[-99.16193,19.35221],[-99.16282,19.35203]]}},{"type":"Feature","properties":{"c":"minor","n":"Calle Malintzin"},"geometry":{"type":"LineString","coordinates":[[-99.16282,19.35203],[-99.16367,19.35183]]}},{"type":"Feature","properties":{"c":"minor","n":"Calle Malintzin"},"geometry":{"type":"LineString","coordinates":[[-99.16367,19.35183],[-99.16468,19.35164]]}},{"type":"Feature","properties":{"c":"minor","n":"Calle Abasolo"},"geometry":{"type":"LineString","coordinates":[[-99.16002,19.34982],[-99.1601,19.35021]]}},{"type":"Feature","properties":{"c":"minor","n":"Calle Abasolo"},"geometry":{"type":"LineString","coordinates":[[-99.1601,19.35021],[-99.16021,19.35069]]}},{"type":"Feature","properties":{"c":"minor","n":"Calle Abasolo"},"geometry":{"type":"LineString","coordinates":[[-99.16021,19.35069],[-99.16039,19.35159]]}},{"type":"Feature","properties":{"c":"minor","n":"Calle Abasolo"},"geometry":{"type":"LineString","coordinates":[[-99.16039,19.35159],[-99.16059,19.35248]]}},{"type":"Feature","properties":{"c":"minor","n":"Calle Abasolo"},"geometry":{"type":"LineString","coordinates":[[-99.16059,19.35248],[-99.16079,19.35338]]}},{"type":"Feature","properties":{"c":"minor","n":"Calle Abasolo"},"geometry":{"type":"LineString","coordinates":[[-99.16079,19.35338],[-99.16099,19.35426]]}},{"type":"Feature","properties":{"c":"minor","n":"Calle Abasolo"},"geometry":{"type":"LineString","coordinates":[[-99.16099,19.35426],[-99.16119,19.35515],[-99.16139,19.35603],[-99.16158,19.35691],[-99.16181,19.35797]]}},{"type":"Feature","properties":{"c":"minor","n":"Calle Cuauhtémoc"},"geometry":{"type":"LineString","coordinates":[[-99.16375,19.3514],[-99.16309,19.35123]]}},{"type":"Feature","properties":{"c":"minor","n":"Calle Cuauhtémoc"},"geometry":{"type":"LineString","coordinates":[[-99.16309,19.35123],[-99.16263,19.35112]]}},{"type":"Feature","properties":{"c":"minor","n":"Calle Valentín Gómez Farías"},"geometry":{"type":"LineString","coordinates":[[-99.16038,19.35789],[-99.16037,19.35782],[-99.16023,19.35717],[-99.16006,19.35629],[-99.15987,19.35541],[-99.15967,19.35454]]}},{"type":"Feature","properties":{"c":"minor","n":"Calle Valentín Gómez Farías"},"geometry":{"type":"LineString","coordinates":[[-99.15967,19.35454],[-99.15947,19.35365]]}},{"type":"Feature","properties":{"c":"minor","n":"Calle Valentín Gómez Farías"},"geometry":{"type":"LineString","coordinates":[[-99.15947,19.35365],[-99.15928,19.35275]]}},{"type":"Feature","properties":{"c":"minor","n":"Calle Valentín Gómez Farías"},"geometry":{"type":"LineString","coordinates":[[-99.15928,19.35275],[-99.15908,19.35186]]}},{"type":"Feature","properties":{"c":"minor","n":"Calle Valentín Gómez Farías"},"geometry":{"type":"LineString","coordinates":[[-99.15908,19.35186],[-99.15888,19.35095]]}},{"type":"Feature","properties":{"c":"minor","n":"Calle Valentín Gómez Farías"},"geometry":{"type":"LineString","coordinates":[[-99.15888,19.35095],[-99.15867,19.35009]]}},{"type":"Feature","properties":{"c":"minor","n":"Calle Moctezuma"},"geometry":{"type":"LineString","coordinates":[[-99.16164,19.35041],[-99.16021,19.35069]]}},{"type":"Feature","properties":{"c":"minor","n":"Calle Guillermo Pérez Valenzuela"},"geometry":{"type":"LineString","coordinates":[[-99.16967,19.35119],[-99.1681,19.35084]]}},{"type":"Feature","properties":{"c":"minor","n":"Calle Reforma"},"geometry":{"type":"LineString","coordinates":[[-99.16652,19.34764],[-99.1663,19.34759],[-99.16628,19.34759],[-99.16626,19.34759],[-99.16624,19.34761],[-99.16622,19.34763],[-99.16611,19.3481]]}},{"type":"Feature","properties":{"c":"minor","n":"Calle Truenitos"},"geometry":{"type":"LineString","coordinates":[[-99.16681,19.34708],[-99.16689,19.34695],[-99.16691,19.34691],[-99.16693,19.34688],[-99.16695,19.34683],[-99.16696,19.34679],[-99.16703,19.34655]]}},{"type":"Feature","properties":{"c":"minor","n":"Calle Truenitos"},"geometry":{"type":"LineString","coordinates":[[-99.16703,19.34655],[-99.1672,19.34596]]}},{"type":"Feature","properties":{"c":"minor","n":"Calle Aurora"},"geometry":{"type":"LineString","coordinates":[[-99.16948,19.34825],[-99.16913,19.34824],[-99.16898,19.34822],[-99.16888,19.34815],[-99.16881,19.34808],[-99.16833,19.34756]]}},{"type":"Feature","properties":{"c":"minor","n":"Calle Aurora"},"geometry":{"type":"LineString","coordinates":[[-99.16833,19.34756],[-99.1682,19.3474]]}},{"type":"Feature","properties":{"c":"minor","n":"Calle Ave María"},"geometry":{"type":"LineString","coordinates":[[-99.16833,19.34756],[-99.16813,19.34785]]}},{"type":"Feature","properties":{"c":"minor","n":"Calle Ave María"},"geometry":{"type":"LineString","coordinates":[[-99.16813,19.34785],[-99.16787,19.34824],[-99.16773,19.34845]]}},{"type":"Feature","properties":{"c":"minor","n":"Calle Artes"},"geometry":{"type":"LineString","coordinates":[[-99.16813,19.34785],[-99.16681,19.34708]]}},{"type":"Feature","properties":{"c":"minor","n":"Calle Artes"},"geometry":{"type":"LineString","coordinates":[[-99.16681,19.34708],[-99.16674,19.34705]]}},{"type":"Feature","properties":{"c":"minor","n":"Calle Xochicatitla"},"geometry":{"type":"LineString","coordinates":[[-99.16613,19.3468],[-99.16601,19.34675],[-99.1659,19.34671],[-99.16576,19.34666],[-99.16562,19.34661],[-99.16548,19.34657],[-99.16477,19.34637]]}},{"type":"Feature","properties":{"c":"minor","n":"Calle Ignacio Zaragoza"},"geometry":{"type":"LineString","coordinates":[[-99.16658,19.34546],[-99.16645,19.34583],[-99.16613,19.3468]]}},{"type":"Feature","properties":{"c":"minor","n":"Calle 5 de Febrero"},"geometry":{"type":"LineString","coordinates":[[-99.16288,19.34578],[-99.16266,19.3465]]}},{"type":"Feature","properties":{"c":"minor","n":"Calle 5 de Febrero"},"geometry":{"type":"LineString","coordinates":[[-99.16266,19.3465],[-99.16242,19.34731]]}},{"type":"Feature","properties":{"c":"minor","n":"Calle San Gregorio"},"geometry":{"type":"LineString","coordinates":[[-99.16472,19.34709],[-99.16371,19.34682]]}},{"type":"Feature","properties":{"c":"minor","n":"Calle San Gregorio"},"geometry":{"type":"LineString","coordinates":[[-99.16371,19.34682],[-99.16266,19.3465]]}},{"type":"Feature","properties":{"c":"minor","n":"Calle Higuera"},"geometry":{"type":"LineString","coordinates":[[-99.16182,19.34914],[-99.16153,19.34907],[-99.16145,19.34902],[-99.16134,19.34889]]}},{"type":"Feature","properties":{"c":"minor","n":"Calle Higuera"},"geometry":{"type":"LineString","coordinates":[[-99.16134,19.34889],[-99.16125,19.34879]]}},{"type":"Feature","properties":{"c":"minor","n":"Calle Higuera"},"geometry":{"type":"LineString","coordinates":[[-99.16125,19.34879],[-99.16097,19.34847],[-99.16094,19.34844]]}},{"type":"Feature","properties":{"c":"minor","n":"Calle Higuera"},"geometry":{"type":"LineString","coordinates":[[-99.16094,19.34844],[-99.16065,19.3481]]}},{"type":"Feature","properties":{"c":"minor","n":"Calle Higuera"},"geometry":{"type":"LineString","coordinates":[[-99.16065,19.3481],[-99.16058,19.34803]]}},{"type":"Feature","properties":{"c":"minor","n":"Calle Higuera"},"geometry":{"type":"LineString","coordinates":[[-99.16058,19.34803],[-99.16022,19.34762],[-99.15978,19.34719]]}},{"type":"Feature","properties":{"c":"minor","n":"Calle Higuera"},"geometry":{"type":"LineString","coordinates":[[-99.15978,19.34719],[-99.15973,19.34715]]}},{"type":"Feature","properties":{"c":"minor","n":"Calle San Francisco Figuraco"},"geometry":{"type":"LineString","coordinates":[[-99.16058,19.34803],[-99.16083,19.34696]]}},{"type":"Feature","properties":{"c":"minor","n":"Calle Vallarta"},"geometry":{"type":"LineString","coordinates":[[-99.15904,19.35001],[-99.1594,19.34827],[-99.15949,19.34782]]}},{"type":"Feature","properties":{"c":"minor","n":"Calle Vallarta"},"geometry":{"type":"LineString","coordinates":[[-99.15949,19.34782],[-99.15954,19.34764]]}},{"type":"Feature","properties":{"c":"minor","n":"Calle Vallarta"},"geometry":{"type":"LineString","coordinates":[[-99.15954,19.34764],[-99.15967,19.34728]]}},{"type":"Feature","properties":{"c":"minor","n":"Calle Vallarta"},"geometry":{"type":"LineString","coordinates":[[-99.15967,19.34728],[-99.15973,19.34715]]}},{"type":"Feature","properties":{"c":"minor","n":"Calle Vallarta"},"geometry":{"type":"LineString","coordinates":[[-99.15973,19.34715],[-99.15987,19.34672]]}},{"type":"Feature","properties":{"c":"minor","n":"Calle Presidente Venustiano Carranza"},"geometry":{"type":"LineString","coordinates":[[-99.17029,19.34944],[-99.17009,19.34934],[-99.16917,19.3489],[-99.16887,19.3488],[-99.16877,19.34877],[-99.1686,19.34871],[-99.16773,19.34845]]}},{"type":"Feature","properties":{"c":"minor","n":"Calle Plaza de la Conchita"},"geometry":{"type":"LineString","coordinates":[[-99.15858,19.34732],[-99.15891,19.34744],[-99.15954,19.34764]]}},{"type":"Feature","properties":{"c":"minor","n":"Callejón Chilpa"},"geometry":{"type":"LineString","coordinates":[[-99.15978,19.34613],[-99.15965,19.34658]]}},{"type":"Feature","properties":{"c":"minor","n":"Callejón Chilpa"},"geometry":{"type":"LineString","coordinates":[[-99.15965,19.34658],[-99.15965,19.34667]]}},{"type":"Feature","properties":{"c":"minor","n":"Avenida Pacífico"},"geometry":{"type":"LineString","coordinates":[[-99.15909,19.34654],[-99.15886,19.34614]]}},{"type":"Feature","properties":{"c":"minor","n":"Calle Belisario Domínguez"},"geometry":{"type":"LineString","coordinates":[[-99.1639,19.3507],[-99.16511,19.35099]]}},{"type":"Feature","properties":{"c":"minor","n":"Calle Belisario Domínguez"},"geometry":{"type":"LineString","coordinates":[[-99.16511,19.35099],[-99.1655,19.35108]]}},{"type":"Feature","properties":{"c":"minor","n":"Calle Belisario Domínguez"},"geometry":{"type":"LineString","coordinates":[[-99.1655,19.35108],[-99.16613,19.35123]]}},{"type":"Feature","properties":{"c":"minor","n":"Calle Belisario Domínguez"},"geometry":{"type":"LineString","coordinates":[[-99.16613,19.35123],[-99.16681,19.3514]]}},{"type":"Feature","properties":{"c":"minor","n":"Calle Belisario Domínguez"},"geometry":{"type":"LineString","coordinates":[[-99.16681,19.3514],[-99.16789,19.35166]]}},{"type":"Feature","properties":{"c":"minor","n":"Calle Belisario Domínguez"},"geometry":{"type":"LineString","coordinates":[[-99.16789,19.35166],[-99.16931,19.352]]}},{"type":"Feature","properties":{"c":"minor","n":"Cerrada Belisario Domínguez"},"geometry":{"type":"LineString","coordinates":[[-99.16613,19.35123],[-99.16571,19.35275]]}},{"type":"Feature","properties":{"c":"major","n":"Calle Orizaba"},"geometry":{"type":"LineString","coordinates":[[-99.15923,19.41592],[-99.1592,19.4159],[-99.15919,19.41588],[-99.15918,19.41586],[-99.15917,19.41583],[-99.15899,19.41508]]}},{"type":"Feature","properties":{"c":"major","n":"Calle Plaza Río de Janeiro"},"geometry":{"type":"LineString","coordinates":[[-99.16093,19.42101],[-99.16092,19.42097]]}},{"type":"Feature","properties":{"c":"major","n":"Calle Plaza Río de Janeiro"},"geometry":{"type":"LineString","coordinates":[[-99.16092,19.42097],[-99.1608,19.42048],[-99.16078,19.42047],[-99.16042,19.42055]]}},{"type":"Feature","properties":{"c":"major","n":"Calle Plaza Río de Janeiro"},"geometry":{"type":"LineString","coordinates":[[-99.16042,19.42055],[-99.16034,19.42057]]}},{"type":"Feature","properties":{"c":"major","n":"Calle Plaza Río de Janeiro"},"geometry":{"type":"LineString","coordinates":[[-99.16034,19.42057],[-99.16028,19.42058]]}},{"type":"Feature","properties":{"c":"major","n":"Calle Plaza Río de Janeiro"},"geometry":{"type":"LineString","coordinates":[[-99.16028,19.42058],[-99.1602,19.4206]]}},{"type":"Feature","properties":{"c":"major","n":"Calle Plaza Río de Janeiro"},"geometry":{"type":"LineString","coordinates":[[-99.1602,19.4206],[-99.15989,19.42067],[-99.15986,19.42068],[-99.15985,19.42071],[-99.15994,19.42108]]}},{"type":"Feature","properties":{"c":"foot","n":"Plaza Manuel Tolsá"},"geometry":{"type":"LineString","coordinates":[[-99.13895,19.43588],[-99.13901,19.43589]]}},{"type":"Feature","properties":{"c":"foot","n":"Plaza Manuel Tolsá"},"geometry":{"type":"LineString","coordinates":[[-99.13901,19.43589],[-99.13994,19.43604]]}},{"type":"Feature","properties":{"c":"foot","n":"Plaza Manuel Tolsá"},"geometry":{"type":"LineString","coordinates":[[-99.13994,19.43604],[-99.13997,19.43604],[-99.13996,19.43609]]}},{"type":"Feature","properties":{"c":"foot","n":"Plaza Manuel Tolsá"},"geometry":{"type":"LineString","coordinates":[[-99.13996,19.43609],[-99.13993,19.43626],[-99.1399,19.43625]]}},{"type":"Feature","properties":{"c":"foot","n":"Plaza Manuel Tolsá"},"geometry":{"type":"LineString","coordinates":[[-99.1399,19.43625],[-99.13903,19.43612]]}},{"type":"Feature","properties":{"c":"foot","n":"Plaza Manuel Tolsá"},"geometry":{"type":"LineString","coordinates":[[-99.13903,19.43612],[-99.13897,19.43611]]}},{"type":"Feature","properties":{"c":"foot","n":"Plaza Manuel Tolsá"},"geometry":{"type":"LineString","coordinates":[[-99.13897,19.43611],[-99.13891,19.4361]]}},{"type":"Feature","properties":{"c":"foot","n":"Plaza Manuel Tolsá"},"geometry":{"type":"LineString","coordinates":[[-99.13891,19.4361],[-99.13895,19.43592],[-99.13895,19.43588]]}},{"type":"Feature","properties":{"c":"major","n":"Calle Parque España"},"geometry":{"type":"LineString","coordinates":[[-99.1718,19.4157],[-99.17195,19.4154],[-99.17203,19.41519],[-99.17205,19.41508]]}},{"type":"Feature","properties":{"c":"major","n":"Calle Parque España"},"geometry":{"type":"LineString","coordinates":[[-99.17205,19.41508],[-99.17208,19.41496],[-99.17212,19.41475],[-99.17213,19.41461],[-99.17212,19.41442],[-99.17211,19.41431],[-99.17209,19.4142],[-99.17202,19.41403],[-99.17193,19.41387]]}},{"type":"Feature","properties":{"c":"major","n":"Calle Parque España"},"geometry":{"type":"LineString","coordinates":[[-99.17193,19.41387],[-99.17181,19.41366]]}},{"type":"Feature","properties":{"c":"major","n":"Calle Parque España"},"geometry":{"type":"LineString","coordinates":[[-99.17181,19.41366],[-99.17176,19.41357]]}},{"type":"Feature","properties":{"c":"major","n":"Avenida Nuevo León"},"geometry":{"type":"LineString","coordinates":[[-99.17176,19.41357],[-99.17173,19.41348]]}},{"type":"Feature","properties":{"c":"major","n":"Avenida Nuevo León"},"geometry":{"type":"LineString","coordinates":[[-99.17173,19.41348],[-99.17171,19.41342],[-99.17171,19.41341],[-99.17169,19.41327]]}},{"type":"Feature","properties":{"c":"major","n":"Avenida Nuevo León"},"geometry":{"type":"LineString","coordinates":[[-99.17169,19.41327],[-99.17171,19.41322]]}},{"type":"Feature","properties":{"c":"major","n":"Avenida Nuevo León"},"geometry":{"type":"LineString","coordinates":[[-99.17171,19.41322],[-99.17172,19.41318]]}},{"type":"Feature","properties":{"c":"major","n":"Avenida Nuevo León"},"geometry":{"type":"LineString","coordinates":[[-99.17172,19.41318],[-99.17208,19.4123],[-99.1723,19.41177]]}},{"type":"Feature","properties":{"c":"minor","n":"Calle Popocatépetl"},"geometry":{"type":"LineString","coordinates":[[-99.16566,19.4157],[-99.16567,19.41561],[-99.16569,19.41557],[-99.16575,19.41552],[-99.16683,19.4152]]}},{"type":"Feature","properties":{"c":"minor","n":"Calle Popocatépetl"},"geometry":{"type":"LineString","coordinates":[[-99.16683,19.4152],[-99.16691,19.41518]]}},{"type":"Feature","properties":{"c":"minor","n":"Calle Popocatépetl"},"geometry":{"type":"LineString","coordinates":[[-99.16691,19.41518],[-99.167,19.41515]]}},{"type":"Feature","properties":{"c":"minor","n":"Calle Popocatépetl"},"geometry":{"type":"LineString","coordinates":[[-99.167,19.41515],[-99.1677,19.41495]]}},{"type":"Feature","properties":{"c":"minor","n":"Calle Ayuntamiento"},"geometry":{"type":"LineString","coordinates":[[-99.16849,19.34939],[-99.1683,19.35011]]}},{"type":"Feature","properties":{"c":"minor","n":"Calle Ayuntamiento"},"geometry":{"type":"LineString","coordinates":[[-99.1683,19.35011],[-99.1681,19.35084]]}},{"type":"Feature","properties":{"c":"minor","n":"Calle Ayuntamiento"},"geometry":{"type":"LineString","coordinates":[[-99.1681,19.35084],[-99.16789,19.35166]]}},{"type":"Feature","properties":{"c":"minor","n":"Calle Ayuntamiento"},"geometry":{"type":"LineString","coordinates":[[-99.16789,19.35166],[-99.16767,19.35254]]}},{"type":"Feature","properties":{"c":"minor","n":"Calle Ayuntamiento"},"geometry":{"type":"LineString","coordinates":[[-99.16767,19.35254],[-99.16743,19.35343]]}},{"type":"Feature","properties":{"c":"minor","n":"Calle Ayuntamiento"},"geometry":{"type":"LineString","coordinates":[[-99.16743,19.35343],[-99.1672,19.35437]]}},{"type":"Feature","properties":{"c":"minor","n":"Calle Francisco Ortega"},"geometry":{"type":"LineString","coordinates":[[-99.16442,19.34846],[-99.16339,19.34819]]}},{"type":"Feature","properties":{"c":"minor","n":"Calle Francisco Ortega"},"geometry":{"type":"LineString","coordinates":[[-99.16339,19.34819],[-99.16216,19.34787]]}},{"type":"Feature","properties":{"c":"minor","n":"Calle Arturo Ibáñez"},"geometry":{"type":"LineString","coordinates":[[-99.16065,19.3481],[-99.16059,19.34813],[-99.16052,19.34813],[-99.15949,19.34782]]}},{"type":"Feature","properties":{"c":"minor","n":"Calle Ferrocarril Viejo"},"geometry":{"type":"LineString","coordinates":[[-99.15965,19.34658],[-99.15886,19.34614]]}},{"type":"Feature","properties":{"c":"minor","n":"Calle Moctezuma"},"geometry":{"type":"LineString","coordinates":[[-99.16021,19.35069],[-99.15888,19.35095]]}},{"type":"Feature","properties":{"c":"minor","n":"Calle Moctezuma"},"geometry":{"type":"LineString","coordinates":[[-99.15888,19.35095],[-99.15753,19.35122],[-99.15656,19.35141]]}},{"type":"Feature","properties":{"c":"major","n":"Calle Tres Cruces"},"geometry":{"type":"LineString","coordinates":[[-99.1646,19.34779],[-99.16468,19.34739],[-99.16472,19.34713]]}},{"type":"Feature","properties":{"c":"major","n":"Calle Tres Cruces"},"geometry":{"type":"LineString","coordinates":[[-99.16472,19.34713],[-99.16472,19.34709]]}},{"type":"Feature","properties":{"c":"major","n":"Calle Tres Cruces"},"geometry":{"type":"LineString","coordinates":[[-99.16472,19.34709],[-99.16477,19.34637]]}},{"type":"Feature","properties":{"c":"major","n":"Calle Tres Cruces"},"geometry":{"type":"LineString","coordinates":[[-99.16477,19.34637],[-99.16477,19.34631],[-99.16499,19.3455],[-99.16509,19.34486]]}},{"type":"Feature","properties":{"c":"minor","n":"Calle Belisario Domínguez"},"geometry":{"type":"LineString","coordinates":[[-99.1639,19.3507],[-99.16368,19.35066]]}},{"type":"Feature","properties":{"c":"minor","n":"Calle Belisario Domínguez"},"geometry":{"type":"LineString","coordinates":[[-99.16368,19.35066],[-99.16333,19.35056]]}},{"type":"Feature","properties":{"c":"minor","n":"Calle Belisario Domínguez"},"geometry":{"type":"LineString","coordinates":[[-99.16333,19.35056],[-99.16278,19.35042]]}},{"type":"Feature","properties":{"c":"major","n":"Avenida México"},"geometry":{"type":"LineString","coordinates":[[-99.16468,19.35164],[-99.16484,19.3518]]}},{"type":"Feature","properties":{"c":"major","n":"Avenida México"},"geometry":{"type":"LineString","coordinates":[[-99.16484,19.3518],[-99.1651,19.35206]]}},{"type":"Feature","properties":{"c":"major","n":"Avenida México"},"geometry":{"type":"LineString","coordinates":[[-99.1651,19.35206],[-99.16547,19.35248]]}},{"type":"Feature","properties":{"c":"major","n":"Avenida México"},"geometry":{"type":"LineString","coordinates":[[-99.16547,19.35248],[-99.16571,19.35275]]}},{"type":"Feature","properties":{"c":"major","n":"Avenida México"},"geometry":{"type":"LineString","coordinates":[[-99.16571,19.35275],[-99.16613,19.35324]]}},{"type":"Feature","properties":{"c":"major","n":"Avenida México"},"geometry":{"type":"LineString","coordinates":[[-99.16613,19.35324],[-99.16644,19.35356]]}},{"type":"Feature","properties":{"c":"major","n":"Avenida México"},"geometry":{"type":"LineString","coordinates":[[-99.16644,19.35356],[-99.16653,19.35366],[-99.16673,19.35387],[-99.16688,19.35403],[-99.1672,19.35437]]}},{"type":"Feature","properties":{"c":"major","n":"Avenida México"},"geometry":{"type":"LineString","coordinates":[[-99.1672,19.35437],[-99.16757,19.35478],[-99.16791,19.35519],[-99.16792,19.3552],[-99.16826,19.35562],[-99.16885,19.35637],[-99.16888,19.3564]]}},{"type":"Feature","properties":{"c":"minor","n":"Calle 3"},"geometry":{"type":"LineString","coordinates":[[-99.1667,19.35332],[-99.16667,19.35338],[-99.16644,19.35356]]}},{"type":"Feature","properties":{"c":"minor","n":"Calle Lerdo de Tejada"},"geometry":{"type":"LineString","coordinates":[[-99.16743,19.35343],[-99.16857,19.35369]]}},{"type":"Feature","properties":{"c":"minor","n":"Calle Lerdo de Tejada"},"geometry":{"type":"LineString","coordinates":[[-99.16673,19.35325],[-99.16743,19.35343]]}},{"type":"Feature","properties":{"c":"minor","n":"Calle Aurora"},"geometry":{"type":"LineString","coordinates":[[-99.1682,19.3474],[-99.1681,19.34728]]}},{"type":"Feature","properties":{"c":"minor","n":"Calle Aurora"},"geometry":{"type":"LineString","coordinates":[[-99.1681,19.34728],[-99.16795,19.34709],[-99.16793,19.34706],[-99.1679,19.34703],[-99.16787,19.34699],[-99.16783,19.34696],[-99.1678,19.34693],[-99.16777,19.3469],[-99.16773,19.34687],[-99.1677,19.34683],[-99.16756,19.34668],[-99.16754,19.34667],[-99.16753,19.34665]]}},{"type":"Feature","properties":{"c":"minor","n":"Calle Aurora"},"geometry":{"type":"LineString","coordinates":[[-99.16753,19.34665],[-99.16749,19.34665],[-99.16746,19.34665],[-99.1674,19.34666],[-99.16738,19.34667],[-99.16731,19.34667]]}},{"type":"Feature","properties":{"c":"minor","n":"Calle Aurora"},"geometry":{"type":"LineString","coordinates":[[-99.16731,19.34667],[-99.16728,19.34666],[-99.16703,19.34655]]}},{"type":"Feature","properties":{"c":"minor","n":"Calle Encantada"},"geometry":{"type":"LineString","coordinates":[[-99.16929,19.34941],[-99.1692,19.35011],[-99.16915,19.35015],[-99.16909,19.35019],[-99.16903,19.35022],[-99.16897,19.35024],[-99.1689,19.35025],[-99.16884,19.35026],[-99.1683,19.35011]]}},{"type":"Feature","properties":{"c":"minor","n":"Calle Benito Juárez"},"geometry":{"type":"LineString","coordinates":[[-99.16893,19.35288],[-99.16767,19.35254]]}},{"type":"Feature","properties":{"c":"minor","n":"Calle Benito Juárez"},"geometry":{"type":"LineString","coordinates":[[-99.16767,19.35254],[-99.16704,19.35238]]}},{"type":"Feature","properties":{"c":"minor","n":"Calle Benito Juárez"},"geometry":{"type":"LineString","coordinates":[[-99.16704,19.35238],[-99.16672,19.35231],[-99.16665,19.35227]]}},{"type":"Feature","properties":{"c":"major","n":"Calle Centenario"},"geometry":{"type":"LineString","coordinates":[[-99.16354,19.35805],[-99.16353,19.35749],[-99.16353,19.3574],[-99.16351,19.35653],[-99.16348,19.35562],[-99.16343,19.3547]]}},{"type":"Feature","properties":{"c":"major","n":"Calle Centenario"},"geometry":{"type":"LineString","coordinates":[[-99.16343,19.3547],[-99.16351,19.35376]]}},{"type":"Feature","properties":{"c":"major","n":"Calle Centenario"},"geometry":{"type":"LineString","coordinates":[[-99.16351,19.35376],[-99.16358,19.35312]]}},{"type":"Feature","properties":{"c":"major","n":"Calle Centenario"},"geometry":{"type":"LineString","coordinates":[[-99.16358,19.35312],[-99.1636,19.35284]]}},{"type":"Feature","properties":{"c":"minor","n":"Privada Aurora"},"geometry":{"type":"LineString","coordinates":[[-99.16863,19.34616],[-99.16851,19.34654],[-99.16844,19.34675],[-99.16837,19.3469],[-99.16825,19.34712],[-99.1681,19.34728]]}},{"type":"Feature","properties":{"c":"minor","n":"Callejón del Horno"},"geometry":{"type":"LineString","coordinates":[[-99.16472,19.34713],[-99.16506,19.34719],[-99.16514,19.34721],[-99.1652,19.3472],[-99.16524,19.34718],[-99.16535,19.3471],[-99.16542,19.34706],[-99.1655,19.34703],[-99.16573,19.34701],[-99.16582,19.34699],[-99.16605,19.34688],[-99.16611,19.34685],[-99.16613,19.3468]]}},{"type":"Feature","properties":{"c":"major","n":"Calle Orizaba"},"geometry":{"type":"LineString","coordinates":[[-99.15819,19.41221],[-99.15833,19.4128]]}},{"type":"Feature","properties":{"c":"major","n":"Calle Orizaba"},"geometry":{"type":"LineString","coordinates":[[-99.15833,19.4128],[-99.15842,19.41317]]}},{"type":"Feature","properties":{"c":"major","n":"Calle Orizaba"},"geometry":{"type":"LineString","coordinates":[[-99.15842,19.41317],[-99.1587,19.41429]]}},{"type":"Feature","properties":{"c":"minor","n":"Calle 3"},"geometry":{"type":"LineString","coordinates":[[-99.16704,19.35238],[-99.16673,19.35325]]}},{"type":"Feature","properties":{"c":"minor","n":"Privada Bosque"},"geometry":{"type":"LineString","coordinates":[[-99.16665,19.35227],[-99.16663,19.3522],[-99.16681,19.3514]]}},{"type":"Feature","properties":{"c":"minor","n":"Cerrada Belisario Domínguez"},"geometry":{"type":"LineString","coordinates":[[-99.1651,19.35206],[-99.16522,19.3519],[-99.1655,19.35108]]}},{"type":"Feature","properties":{"c":"foot"},"geometry":{"type":"LineString","coordinates":[[-99.15897,19.34707],[-99.15926,19.34716]]}},{"type":"Feature","properties":{"c":"foot"},"geometry":{"type":"LineString","coordinates":[[-99.15922,19.34658],[-99.15956,19.34696]]}},{"type":"Feature","properties":{"c":"foot"},"geometry":{"type":"LineString","coordinates":[[-99.15956,19.34696],[-99.15973,19.34715]]}},{"type":"Feature","properties":{"c":"foot"},"geometry":{"type":"LineString","coordinates":[[-99.15967,19.34728],[-99.15939,19.34719]]}},{"type":"Feature","properties":{"c":"foot"},"geometry":{"type":"LineString","coordinates":[[-99.15896,19.34735],[-99.15926,19.34719]]}},{"type":"Feature","properties":{"c":"foot"},"geometry":{"type":"LineString","coordinates":[[-99.15939,19.34715],[-99.15938,19.34714],[-99.15937,19.34712]]}},{"type":"Feature","properties":{"c":"foot"},"geometry":{"type":"LineString","coordinates":[[-99.15937,19.34712],[-99.15935,19.34711],[-99.15933,19.34711],[-99.15931,19.34711]]}},{"type":"Feature","properties":{"c":"foot"},"geometry":{"type":"LineString","coordinates":[[-99.15931,19.34711],[-99.15929,19.34712],[-99.15927,19.34714],[-99.15926,19.34716]]}},{"type":"Feature","properties":{"c":"foot"},"geometry":{"type":"LineString","coordinates":[[-99.15926,19.34716],[-99.15926,19.34718],[-99.15926,19.34719]]}},{"type":"Feature","properties":{"c":"foot"},"geometry":{"type":"LineString","coordinates":[[-99.15926,19.34719],[-99.15927,19.34721],[-99.15929,19.34723],[-99.15931,19.34724],[-99.15933,19.34724]]}},{"type":"Feature","properties":{"c":"foot"},"geometry":{"type":"LineString","coordinates":[[-99.15933,19.34724],[-99.15936,19.34723],[-99.15937,19.34722],[-99.15939,19.34721],[-99.15939,19.34719]]}},{"type":"Feature","properties":{"c":"foot"},"geometry":{"type":"LineString","coordinates":[[-99.15939,19.34719],[-99.1594,19.34717],[-99.15939,19.34715]]}},{"type":"Feature","properties":{"c":"foot"},"geometry":{"type":"LineString","coordinates":[[-99.15909,19.34654],[-99.15912,19.34663]]}},{"type":"Feature","properties":{"c":"foot"},"geometry":{"type":"LineString","coordinates":[[-99.15912,19.34663],[-99.15931,19.34711]]}},{"type":"Feature","properties":{"c":"foot"},"geometry":{"type":"LineString","coordinates":[[-99.15912,19.34663],[-99.159,19.34699],[-99.15897,19.34707]]}},{"type":"Feature","properties":{"c":"foot"},"geometry":{"type":"LineString","coordinates":[[-99.15987,19.34672],[-99.1598,19.34677],[-99.15956,19.34696]]}},{"type":"Feature","properties":{"c":"foot"},"geometry":{"type":"LineString","coordinates":[[-99.15956,19.34696],[-99.15937,19.34712]]}},{"type":"Feature","properties":{"c":"foot"},"geometry":{"type":"LineString","coordinates":[[-99.15954,19.34764],[-99.15933,19.34724]]}},{"type":"Feature","properties":{"c":"foot","n":"Calle Fray Pedro de Gante"},"geometry":{"type":"LineString","coordinates":[[-99.13941,19.43392],[-99.1396,19.43263]]}},{"type":"Feature","properties":{"c":"foot","n":"Calle Fray Pedro de Gante"},"geometry":{"type":"LineString","coordinates":[[-99.1396,19.43263],[-99.1397,19.43182]]}},{"type":"Feature","properties":{"c":"foot"},"geometry":{"type":"LineString","coordinates":[[-99.1636,19.34891],[-99.16356,19.34907]]}},{"type":"Feature","properties":{"c":"foot"},"geometry":{"type":"LineString","coordinates":[[-99.16274,19.34895],[-99.16314,19.34905],[-99.16317,19.34906]]}},{"type":"Feature","properties":{"c":"foot"},"geometry":{"type":"LineString","coordinates":[[-99.16424,19.34924],[-99.16387,19.3492]]}},{"type":"Feature","properties":{"c":"foot"},"geometry":{"type":"LineString","coordinates":[[-99.16387,19.3492],[-99.16361,19.34917]]}},{"type":"Feature","properties":{"c":"foot"},"geometry":{"type":"LineString","coordinates":[[-99.16347,19.34937],[-99.16374,19.34943]]}},{"type":"Feature","properties":{"c":"foot"},"geometry":{"type":"LineString","coordinates":[[-99.16392,19.349],[-99.16387,19.3492]]}},{"type":"Feature","properties":{"c":"foot"},"geometry":{"type":"LineString","coordinates":[[-99.16387,19.3492],[-99.16381,19.34939]]}},{"type":"Feature","properties":{"c":"foot"},"geometry":{"type":"LineString","coordinates":[[-99.16385,19.34945],[-99.16386,19.34943],[-99.16385,19.34941],[-99.16383,19.3494],[-99.16381,19.34939]]}},{"type":"Feature","properties":{"c":"foot"},"geometry":{"type":"LineString","coordinates":[[-99.16381,19.34939],[-99.16379,19.34939],[-99.16377,19.3494],[-99.16375,19.34941],[-99.16374,19.34943]]}},{"type":"Feature","properties":{"c":"foot"},"geometry":{"type":"LineString","coordinates":[[-99.16374,19.34943],[-99.16374,19.34945],[-99.16375,19.34947],[-99.16376,19.34948],[-99.16378,19.34949]]}},{"type":"Feature","properties":{"c":"foot"},"geometry":{"type":"LineString","coordinates":[[-99.16378,19.34949],[-99.1638,19.3495],[-99.16383,19.34949],[-99.16384,19.34948],[-99.16385,19.34945]]}},{"type":"Feature","properties":{"c":"foot","n":"Andador Jardín del Centenario"},"geometry":{"type":"LineString","coordinates":[[-99.16428,19.34909],[-99.16392,19.349]]}},{"type":"Feature","properties":{"c":"foot","n":"Andador Jardín del Centenario"},"geometry":{"type":"LineString","coordinates":[[-99.16392,19.349],[-99.1636,19.34891]]}},{"type":"Feature","properties":{"c":"foot","n":"Andador Jardín del Centenario"},"geometry":{"type":"LineString","coordinates":[[-99.1636,19.34891],[-99.16327,19.34882],[-99.16323,19.34881]]}},{"type":"Feature","properties":{"c":"foot","n":"Andador Jardín del Centenario"},"geometry":{"type":"LineString","coordinates":[[-99.16323,19.34881],[-99.1632,19.34881],[-99.16282,19.34869]]}},{"type":"Feature","properties":{"c":"foot"},"geometry":{"type":"LineString","coordinates":[[-99.16345,19.34914],[-99.16347,19.34909],[-99.16351,19.34907],[-99.16356,19.34907]]}},{"type":"Feature","properties":{"c":"foot"},"geometry":{"type":"LineString","coordinates":[[-99.16356,19.34907],[-99.16359,19.34908],[-99.16361,19.34911],[-99.16361,19.34914],[-99.16361,19.34917]]}},{"type":"Feature","properties":{"c":"foot"},"geometry":{"type":"LineString","coordinates":[[-99.16361,19.34917],[-99.16358,19.3492],[-99.16355,19.34921],[-99.16351,19.34921]]}},{"type":"Feature","properties":{"c":"foot"},"geometry":{"type":"LineString","coordinates":[[-99.16351,19.34921],[-99.16348,19.3492],[-99.16346,19.34917],[-99.16345,19.34914]]}},{"type":"Feature","properties":{"c":"foot"},"geometry":{"type":"LineString","coordinates":[[-99.16375,19.34961],[-99.16378,19.34949]]}},{"type":"Feature","properties":{"c":"foot"},"geometry":{"type":"LineString","coordinates":[[-99.16345,19.34914],[-99.1632,19.34907],[-99.16317,19.34906]]}},{"type":"Feature","properties":{"c":"foot"},"geometry":{"type":"LineString","coordinates":[[-99.16342,19.34953],[-99.16347,19.34937]]}},{"type":"Feature","properties":{"c":"foot"},"geometry":{"type":"LineString","coordinates":[[-99.16347,19.34937],[-99.16351,19.34921]]}},{"type":"Feature","properties":{"c":"foot"},"geometry":{"type":"LineString","coordinates":[[-99.16418,19.34952],[-99.16385,19.34945]]}},{"type":"Feature","properties":{"c":"minor","n":"Calle 3"},"geometry":{"type":"LineString","coordinates":[[-99.1667,19.35332],[-99.16673,19.35325]]}},{"type":"Feature","properties":{"c":"minor","n":"Paseo Peatonal Ángela Peralta"},"geometry":{"type":"LineString","coordinates":[[-99.14186,19.43549],[-99.14176,19.43608]]}},{"type":"Feature","properties":{"c":"minor","n":"Paseo Peatonal Ángela Peralta"},"geometry":{"type":"LineString","coordinates":[[-99.14176,19.43608],[-99.14174,19.4362]]}},{"type":"Feature","properties":{"c":"minor","n":"Paseo Peatonal Ángela Peralta"},"geometry":{"type":"LineString","coordinates":[[-99.14174,19.4362],[-99.14174,19.43623],[-99.14197,19.43633]]}},{"type":"Feature","properties":{"c":"minor"},"geometry":{"type":"LineString","coordinates":[[-99.14201,19.43442],[-99.14199,19.43452]]}},{"type":"Feature","properties":{"c":"minor"},"geometry":{"type":"LineString","coordinates":[[-99.14199,19.43452],[-99.14196,19.43475]]}},{"type":"Feature","properties":{"c":"major"},"geometry":{"type":"LineString","coordinates":[[-99.17217,19.4134],[-99.1721,19.41342]]}},{"type":"Feature","properties":{"c":"major"},"geometry":{"type":"LineString","coordinates":[[-99.1721,19.41342],[-99.17199,19.41343]]}},{"type":"Feature","properties":{"c":"major"},"geometry":{"type":"LineString","coordinates":[[-99.17199,19.41343],[-99.17189,19.41342],[-99.17179,19.41337],[-99.17172,19.41331],[-99.17169,19.41327]]}},{"type":"Feature","properties":{"c":"major","n":"Avenida Chapultepec"},"geometry":{"type":"LineString","coordinates":[[-99.16418,19.42327],[-99.16397,19.42331],[-99.16351,19.42336],[-99.16326,19.42338],[-99.16309,19.42344],[-99.16292,19.42354],[-99.16238,19.42379],[-99.16217,19.42387],[-99.16111,19.42409]]}},{"type":"Feature","properties":{"c":"minor","n":"Calle Chilpancingo"},"geometry":{"type":"LineString","coordinates":[[-99.16927,19.40589],[-99.16947,19.40676],[-99.16972,19.40781]]}},{"type":"Feature","properties":{"c":"minor","n":"Calle Chilpancingo"},"geometry":{"type":"LineString","coordinates":[[-99.16972,19.40781],[-99.16991,19.40857]]}},{"type":"Feature","properties":{"c":"minor","n":"Calle Chilpancingo"},"geometry":{"type":"LineString","coordinates":[[-99.16991,19.40857],[-99.17011,19.40936]]}},{"type":"Feature","properties":{"c":"minor","n":"Calle Chilpancingo"},"geometry":{"type":"LineString","coordinates":[[-99.17011,19.40936],[-99.17013,19.40944]]}},{"type":"Feature","properties":{"c":"minor","n":"Calle Chilpancingo"},"geometry":{"type":"LineString","coordinates":[[-99.17013,19.40944],[-99.17015,19.40951]]}},{"type":"Feature","properties":{"c":"minor","n":"Calle Chilpancingo"},"geometry":{"type":"LineString","coordinates":[[-99.17015,19.40951],[-99.17032,19.41036]]}},{"type":"Feature","properties":{"c":"major","n":"Avenida Chapultepec"},"geometry":{"type":"LineString","coordinates":[[-99.16118,19.42424],[-99.1623,19.42401],[-99.1625,19.42398],[-99.16299,19.4239],[-99.16318,19.42389],[-99.16337,19.42385],[-99.16357,19.42376],[-99.1641,19.42358],[-99.16456,19.42341]]}},{"type":"Feature","properties":{"c":"minor"},"geometry":{"type":"LineString","coordinates":[[-99.16084,19.34968],[-99.16083,19.34961],[-99.16083,19.3496]]}},{"type":"Feature","properties":{"c":"foot","n":"Glorieta de los Insurgentes"},"geometry":{"type":"LineString","coordinates":[[-99.16333,19.42406],[-99.16341,19.42397],[-99.16346,19.4239],[-99.16347,19.42388],[-99.16349,19.42382],[-99.16351,19.42377],[-99.16348,19.42374]]}},{"type":"Feature","properties":{"c":"foot","n":"Glorieta de los Insurgentes"},"geometry":{"type":"LineString","coordinates":[[-99.16348,19.42374],[-99.16346,19.42373],[-99.16344,19.42375],[-99.16341,19.42377],[-99.16338,19.42379],[-99.16335,19.4238]]}},{"type":"Feature","properties":{"c":"foot","n":"Glorieta de los Insurgentes"},"geometry":{"type":"LineString","coordinates":[[-99.16335,19.4238],[-99.16331,19.42381],[-99.16331,19.42384],[-99.16327,19.42384],[-99.16324,19.42384],[-99.16321,19.42383],[-99.16319,19.42383],[-99.16317,19.42382],[-99.16317,19.42383],[-99.16316,19.42385],[-99.16315,19.42386],[-99.16313,19.42386],[-99.16311,19.42386],[-99.1631,19.42386],[-99.16308,19.42385],[-99.16308,19.42383],[-99.16307,19.42382],[-99.16307,19.4238],[-99.16308,19.42379],[-99.16309,19.42378],[-99.16311,19.42377],[-99.16309,19.42375],[-99.16308,19.42372],[-99.16311,19.42371],[-99.16312,19.4237],[-99.16314,19.4237]]}},{"type":"Feature","properties":{"c":"foot","n":"Glorieta de los Insurgentes"},"geometry":{"type":"LineString","coordinates":[[-99.16314,19.4237],[-99.16315,19.42369],[-99.16314,19.42367],[-99.16314,19.42364],[-99.16313,19.42362],[-99.16311,19.42362]]}},{"type":"Feature","properties":{"c":"foot","n":"Glorieta de los Insurgentes"},"geometry":{"type":"LineString","coordinates":[[-99.16311,19.42362],[-99.16309,19.42363],[-99.16308,19.42363],[-99.16306,19.42363],[-99.16306,19.42362],[-99.16306,19.4236],[-99.16306,19.42356],[-99.16307,19.42353],[-99.16309,19.4235],[-99.16311,19.42347],[-99.16314,19.42345],[-99.16319,19.42342],[-99.1632,19.42345],[-99.16324,19.42344]]}},{"type":"Feature","properties":{"c":"foot","n":"Glorieta de los Insurgentes"},"geometry":{"type":"LineString","coordinates":[[-99.16324,19.42344],[-99.16328,19.42343],[-99.16333,19.42343],[-99.16337,19.42345],[-99.16339,19.42339]]}},{"type":"Feature","properties":{"c":"foot","n":"Glorieta de los Insurgentes"},"geometry":{"type":"LineString","coordinates":[[-99.16339,19.42339],[-99.1634,19.42334],[-99.16337,19.4233],[-99.16334,19.42328],[-99.1633,19.42325]]}},{"type":"Feature","properties":{"c":"foot","n":"Glorieta de los Insurgentes"},"geometry":{"type":"LineString","coordinates":[[-99.1633,19.42325],[-99.16329,19.42324],[-99.16327,19.42323],[-99.16325,19.42321]]}},{"type":"Feature","properties":{"c":"foot","n":"Glorieta de los Insurgentes"},"geometry":{"type":"LineString","coordinates":[[-99.16325,19.42321],[-99.16323,19.4232],[-99.16322,19.4232],[-99.16315,19.42317],[-99.16306,19.42315],[-99.16296,19.42314],[-99.16293,19.42314],[-99.16289,19.42314]]}},{"type":"Feature","properties":{"c":"foot","n":"Glorieta de los Insurgentes"},"geometry":{"type":"LineString","coordinates":[[-99.16289,19.42314],[-99.16286,19.42315],[-99.16281,19.42316],[-99.16275,19.42318],[-99.16264,19.42323],[-99.16261,19.42326],[-99.16259,19.42328]]}},{"type":"Feature","properties":{"c":"foot","n":"Glorieta de los Insurgentes"},"geometry":{"type":"LineString","coordinates":[[-99.16259,19.42328],[-99.16256,19.4233],[-99.16255,19.42331],[-99.1625,19.42338],[-99.16245,19.42346],[-99.16243,19.42353],[-99.16242,19.42357]]}},{"type":"Feature","properties":{"c":"foot","n":"Glorieta de los Insurgentes"},"geometry":{"type":"LineString","coordinates":[[-99.16242,19.42357],[-99.16241,19.42363],[-99.1625,19.42364],[-99.1625,19.42369],[-99.1625,19.42373],[-99.16251,19.42377],[-99.16251,19.4238],[-99.16253,19.42384],[-99.16255,19.42388],[-99.16258,19.42391],[-99.1626,19.42394],[-99.16262,19.42397],[-99.16264,19.42399],[-99.16258,19.42404],[-99.1626,19.42406],[-99.16262,19.42407],[-99.16267,19.42411],[-99.16274,19.42414],[-99.16282,19.42417],[-99.16291,19.42418],[-99.16296,19.42419],[-99.16299,19.42419]]}},{"type":"Feature","properties":{"c":"foot","n":"Glorieta de los Insurgentes"},"geometry":{"type":"LineString","coordinates":[[-99.16299,19.42419],[-99.16311,19.42417],[-99.16323,19.42413],[-99.16328,19.42409]]}},{"type":"Feature","properties":{"c":"foot","n":"Glorieta de los Insurgentes"},"geometry":{"type":"LineString","coordinates":[[-99.16328,19.42409],[-99.16333,19.42406]]}},{"type":"Feature","properties":{"c":"foot","n":"Jalapa"},"geometry":{"type":"LineString","coordinates":[[-99.16239,19.42302],[-99.16241,19.42309],[-99.16248,19.42317]]}},{"type":"Feature","properties":{"c":"minor","n":"Calle Jalapa"},"geometry":{"type":"LineString","coordinates":[[-99.16225,19.42242],[-99.16239,19.42302]]}},{"type":"Feature","properties":{"c":"foot"},"geometry":{"type":"LineString","coordinates":[[-99.16245,19.42304],[-99.16245,19.42305],[-99.16248,19.42307],[-99.16254,19.42304],[-99.16263,19.42299],[-99.16272,19.42296],[-99.16279,19.42294],[-99.16288,19.42293]]}},{"type":"Feature","properties":{"c":"foot"},"geometry":{"type":"LineString","coordinates":[[-99.16288,19.42293],[-99.16293,19.42293],[-99.16299,19.42294],[-99.16303,19.42293],[-99.16305,19.42292],[-99.16307,19.42288],[-99.16316,19.42257],[-99.16323,19.42254]]}},{"type":"Feature","properties":{"c":"foot"},"geometry":{"type":"LineString","coordinates":[[-99.16369,19.42283],[-99.16363,19.42283],[-99.16346,19.42303],[-99.16338,19.42306],[-99.16335,19.42305]]}},{"type":"Feature","properties":{"c":"minor","n":"Calle Luis González Obregón"},"geometry":{"type":"LineString","coordinates":[[-99.13161,19.43657],[-99.13366,19.43684]]}},{"type":"Feature","properties":{"c":"minor","n":"Calle República de Guatemala"},"geometry":{"type":"LineString","coordinates":[[-99.12973,19.43459],[-99.12871,19.43445],[-99.12768,19.43432],[-99.12685,19.43422],[-99.12595,19.43411],[-99.12508,19.43401],[-99.12434,19.43392]]}},{"type":"Feature","properties":{"c":"minor","n":"Calle Pino"},"geometry":{"type":"LineString","coordinates":[[-99.16652,19.34764],[-99.16674,19.34705]]}},{"type":"Feature","properties":{"c":"minor","n":"Privada Mondragón"},"geometry":{"type":"LineString","coordinates":[[-99.16578,19.34802],[-99.16603,19.34707]]}},{"type":"Feature","properties":{"c":"minor","n":"Cerrada Primera Reforma"},"geometry":{"type":"LineString","coordinates":[[-99.16619,19.34812],[-99.1659,19.34931]]}},{"type":"Feature","properties":{"c":"minor","n":"Cerrada Primera Reforma"},"geometry":{"type":"LineString","coordinates":[[-99.1659,19.34931],[-99.16589,19.34938],[-99.16578,19.34985]]}},{"type":"Feature","properties":{"c":"minor","n":"Calle República de Argentina"},"geometry":{"type":"LineString","coordinates":[[-99.13078,19.44323],[-99.13087,19.44231],[-99.131,19.4414],[-99.13105,19.44101],[-99.13108,19.44078],[-99.13116,19.44007],[-99.13128,19.43919],[-99.13138,19.4383],[-99.13149,19.43739]]}},{"type":"Feature","properties":{"c":"minor","n":"Calle República de Argentina"},"geometry":{"type":"LineString","coordinates":[[-99.13149,19.43739],[-99.13161,19.43657]]}},{"type":"Feature","properties":{"c":"foot","n":"Calle San Ildefonso"},"geometry":{"type":"LineString","coordinates":[[-99.13161,19.43657],[-99.12949,19.43628]]}},{"type":"Feature","properties":{"c":"major","n":"Avenida Oaxaca"},"geometry":{"type":"LineString","coordinates":[[-99.16379,19.4229],[-99.1643,19.42234]]}},{"type":"Feature","properties":{"c":"major","n":"Avenida Oaxaca"},"geometry":{"type":"LineString","coordinates":[[-99.1643,19.42234],[-99.16434,19.42229]]}},{"type":"Feature","properties":{"c":"major","n":"Avenida Oaxaca"},"geometry":{"type":"LineString","coordinates":[[-99.16434,19.42229],[-99.16509,19.42146]]}},{"type":"Feature","properties":{"c":"major","n":"Avenida Oaxaca"},"geometry":{"type":"LineString","coordinates":[[-99.16509,19.42146],[-99.16517,19.42137]]}},{"type":"Feature","properties":{"c":"major","n":"Avenida Oaxaca"},"geometry":{"type":"LineString","coordinates":[[-99.16517,19.42137],[-99.16532,19.4212]]}},{"type":"Feature","properties":{"c":"major","n":"Avenida Oaxaca"},"geometry":{"type":"LineString","coordinates":[[-99.16532,19.4212],[-99.16542,19.42109]]}},{"type":"Feature","properties":{"c":"minor","n":"Calle Londres"},"geometry":{"type":"LineString","coordinates":[[-99.17027,19.42252],[-99.17037,19.42247],[-99.17041,19.42245]]}},{"type":"Feature","properties":{"c":"minor","n":"Calle Londres"},"geometry":{"type":"LineString","coordinates":[[-99.17041,19.42245],[-99.17084,19.42222]]}},{"type":"Feature","properties":{"c":"minor","n":"Calle Londres"},"geometry":{"type":"LineString","coordinates":[[-99.17084,19.42222],[-99.17096,19.42216],[-99.17099,19.42214],[-99.17101,19.42211]]}},{"type":"Feature","properties":{"c":"minor","n":"Calle Londres"},"geometry":{"type":"LineString","coordinates":[[-99.17101,19.42211],[-99.17102,19.42208],[-99.17104,19.42202]]}},{"type":"Feature","properties":{"c":"minor"},"geometry":{"type":"LineString","coordinates":[[-99.13251,19.4309],[-99.1325,19.43092],[-99.13247,19.43115]]}},{"type":"Feature","properties":{"c":"major","n":"Avenida 5 de Mayo"},"geometry":{"type":"LineString","coordinates":[[-99.14077,19.43481],[-99.1406,19.43479]]}},{"type":"Feature","properties":{"c":"major","n":"Avenida 5 de Mayo"},"geometry":{"type":"LineString","coordinates":[[-99.1406,19.43479],[-99.14023,19.43474]]}},{"type":"Feature","properties":{"c":"major","n":"Avenida 5 de Mayo"},"geometry":{"type":"LineString","coordinates":[[-99.14023,19.43474],[-99.14017,19.43474]]}},{"type":"Feature","properties":{"c":"major","n":"Avenida 5 de Mayo"},"geometry":{"type":"LineString","coordinates":[[-99.14017,19.43474],[-99.13993,19.43471]]}},{"type":"Feature","properties":{"c":"major","n":"Avenida 5 de Mayo"},"geometry":{"type":"LineString","coordinates":[[-99.13993,19.43471],[-99.13926,19.43462]]}},{"type":"Feature","properties":{"c":"major","n":"Avenida 5 de Mayo"},"geometry":{"type":"LineString","coordinates":[[-99.13926,19.43462],[-99.13819,19.43449]]}},{"type":"Feature","properties":{"c":"major","n":"Avenida 5 de Mayo"},"geometry":{"type":"LineString","coordinates":[[-99.13819,19.43449],[-99.13717,19.43436]]}},{"type":"Feature","properties":{"c":"major","n":"Avenida 5 de Mayo"},"geometry":{"type":"LineString","coordinates":[[-99.13717,19.43436],[-99.13686,19.43432]]}},{"type":"Feature","properties":{"c":"major","n":"Avenida 5 de Mayo"},"geometry":{"type":"LineString","coordinates":[[-99.13686,19.43432],[-99.13613,19.43423]]}},{"type":"Feature","properties":{"c":"minor","n":"Avenida Ozuluama"},"geometry":{"type":"LineString","coordinates":[[-99.17273,19.4103],[-99.17187,19.41043]]}},{"type":"Feature","properties":{"c":"minor","n":"Avenida Ozuluama"},"geometry":{"type":"LineString","coordinates":[[-99.17187,19.41043],[-99.17179,19.41043]]}},{"type":"Feature","properties":{"c":"minor","n":"Avenida Ozuluama"},"geometry":{"type":"LineString","coordinates":[[-99.17179,19.41043],[-99.17173,19.41043]]}},{"type":"Feature","properties":{"c":"minor","n":"Avenida Ozuluama"},"geometry":{"type":"LineString","coordinates":[[-99.17173,19.41043],[-99.17097,19.41051]]}},{"type":"Feature","properties":{"c":"major","n":"Avenida Oaxaca"},"geometry":{"type":"LineString","coordinates":[[-99.16666,19.41971],[-99.16674,19.41961]]}},{"type":"Feature","properties":{"c":"major","n":"Avenida Oaxaca"},"geometry":{"type":"LineString","coordinates":[[-99.16674,19.41961],[-99.16779,19.41847]]}},{"type":"Feature","properties":{"c":"major","n":"Avenida Oaxaca"},"geometry":{"type":"LineString","coordinates":[[-99.16779,19.41847],[-99.16786,19.4184]]}},{"type":"Feature","properties":{"c":"foot","n":"Callejón Condesa"},"geometry":{"type":"LineString","coordinates":[[-99.14023,19.43474],[-99.14034,19.43406]]}},{"type":"Feature","properties":{"c":"foot"},"geometry":{"type":"LineString","coordinates":[[-99.13653,19.4313],[-99.13656,19.43109],[-99.13622,19.43105],[-99.13619,19.43126],[-99.13653,19.4313]]}},{"type":"Feature","properties":{"c":"foot","n":"Callejón del Conde"},"geometry":{"type":"LineString","coordinates":[[-99.13267,19.42856],[-99.13225,19.42852],[-99.13222,19.42852],[-99.13219,19.42854],[-99.13218,19.42857],[-99.13212,19.42902]]}},{"type":"Feature","properties":{"c":"minor","n":"Calle José María Marroquí"},"geometry":{"type":"LineString","coordinates":[[-99.14366,19.43154],[-99.1438,19.43067],[-99.14381,19.4306]]}},{"type":"Feature","properties":{"c":"major","n":"Calle Centenario"},"geometry":{"type":"LineString","coordinates":[[-99.1636,19.35284],[-99.16367,19.35183]]}},{"type":"Feature","properties":{"c":"major","n":"Calle Centenario"},"geometry":{"type":"LineString","coordinates":[[-99.16367,19.35183],[-99.16375,19.3514]]}},{"type":"Feature","properties":{"c":"major","n":"Calle Centenario"},"geometry":{"type":"LineString","coordinates":[[-99.16375,19.3514],[-99.16383,19.35095],[-99.16388,19.35077]]}},{"type":"Feature","properties":{"c":"major","n":"Calle Centenario"},"geometry":{"type":"LineString","coordinates":[[-99.16388,19.35077],[-99.1639,19.3507]]}},{"type":"Feature","properties":{"c":"minor","n":"Calle San Francisco Figuraco"},"geometry":{"type":"LineString","coordinates":[[-99.16083,19.34696],[-99.16099,19.34626],[-99.16101,19.34623],[-99.16126,19.34527]]}},{"type":"Feature","properties":{"c":"major","n":"Avenida Sonora"},"geometry":{"type":"LineString","coordinates":[[-99.17027,19.41634],[-99.17031,19.41639]]}},{"type":"Feature","properties":{"c":"major","n":"Avenida Sonora"},"geometry":{"type":"LineString","coordinates":[[-99.17031,19.41639],[-99.1704,19.41651]]}},{"type":"Feature","properties":{"c":"major","n":"Avenida Sonora"},"geometry":{"type":"LineString","coordinates":[[-99.1704,19.41651],[-99.17045,19.41657]]}},{"type":"Feature","properties":{"c":"major","n":"Avenida Sonora"},"geometry":{"type":"LineString","coordinates":[[-99.17045,19.41657],[-99.17053,19.41668]]}},{"type":"Feature","properties":{"c":"major","n":"Avenida Sonora"},"geometry":{"type":"LineString","coordinates":[[-99.17053,19.41668],[-99.17078,19.417]]}},{"type":"Feature","properties":{"c":"major","n":"Avenida Sonora"},"geometry":{"type":"LineString","coordinates":[[-99.17078,19.417],[-99.171,19.41728],[-99.17109,19.4174]]}},{"type":"Feature","properties":{"c":"major","n":"Avenida Oaxaca"},"geometry":{"type":"LineString","coordinates":[[-99.16996,19.41594],[-99.16991,19.41599]]}},{"type":"Feature","properties":{"c":"major","n":"Avenida Oaxaca"},"geometry":{"type":"LineString","coordinates":[[-99.16991,19.41599],[-99.16987,19.41603],[-99.16984,19.41606],[-99.16966,19.41623]]}},{"type":"Feature","properties":{"c":"major","n":"Avenida Oaxaca"},"geometry":{"type":"LineString","coordinates":[[-99.16904,19.41691],[-99.16894,19.41702]]}},{"type":"Feature","properties":{"c":"major","n":"Avenida Oaxaca"},"geometry":{"type":"LineString","coordinates":[[-99.16894,19.41702],[-99.16884,19.41713],[-99.1687,19.41729]]}},{"type":"Feature","properties":{"c":"major","n":"Avenida Oaxaca"},"geometry":{"type":"LineString","coordinates":[[-99.1687,19.41729],[-99.16799,19.41808],[-99.16789,19.41819]]}},{"type":"Feature","properties":{"c":"major","n":"Avenida Oaxaca"},"geometry":{"type":"LineString","coordinates":[[-99.16789,19.41819],[-99.16782,19.41826]]}},{"type":"Feature","properties":{"c":"major","n":"Avenida Oaxaca"},"geometry":{"type":"LineString","coordinates":[[-99.16782,19.41826],[-99.16776,19.41833]]}},{"type":"Feature","properties":{"c":"major","n":"Avenida Oaxaca"},"geometry":{"type":"LineString","coordinates":[[-99.16776,19.41833],[-99.16667,19.41955]]}},{"type":"Feature","properties":{"c":"major","n":"Avenida Oaxaca"},"geometry":{"type":"LineString","coordinates":[[-99.16667,19.41955],[-99.16659,19.41965]]}},{"type":"Feature","properties":{"c":"minor","n":"Calle Tabasco"},"geometry":{"type":"LineString","coordinates":[[-99.1687,19.41729],[-99.16854,19.41733]]}},{"type":"Feature","properties":{"c":"minor","n":"Calle Tabasco"},"geometry":{"type":"LineString","coordinates":[[-99.16854,19.41733],[-99.16838,19.41736]]}},{"type":"Feature","properties":{"c":"minor","n":"Calle Tabasco"},"geometry":{"type":"LineString","coordinates":[[-99.16838,19.41736],[-99.16764,19.41752]]}},{"type":"Feature","properties":{"c":"minor","n":"Calle Tabasco"},"geometry":{"type":"LineString","coordinates":[[-99.16764,19.41752],[-99.16605,19.41786]]}},{"type":"Feature","properties":{"c":"minor","n":"Calle Tabasco"},"geometry":{"type":"LineString","coordinates":[[-99.16605,19.41786],[-99.16466,19.41814]]}},{"type":"Feature","properties":{"c":"major","n":"Avenida Yucatán"},"geometry":{"type":"LineString","coordinates":[[-99.16328,19.41426],[-99.16307,19.41414]]}},{"type":"Feature","properties":{"c":"major","n":"Avenida Yucatán"},"geometry":{"type":"LineString","coordinates":[[-99.15956,19.41191],[-99.15954,19.41195],[-99.15955,19.41198],[-99.15955,19.41202]]}},{"type":"Feature","properties":{"c":"major","n":"Avenida Yucatán"},"geometry":{"type":"LineString","coordinates":[[-99.15955,19.41202],[-99.15956,19.41206],[-99.15958,19.4121],[-99.1596,19.41213],[-99.15962,19.41216],[-99.15964,19.41219],[-99.15969,19.41224]]}},{"type":"Feature","properties":{"c":"major","n":"Avenida Yucatán"},"geometry":{"type":"LineString","coordinates":[[-99.15969,19.41224],[-99.15975,19.41228]]}},{"type":"Feature","properties":{"c":"major","n":"Avenida Yucatán"},"geometry":{"type":"LineString","coordinates":[[-99.15975,19.41228],[-99.1599,19.41237],[-99.15992,19.4124],[-99.1603,19.41263],[-99.16034,19.41263],[-99.16045,19.41269],[-99.16058,19.41277]]}},{"type":"Feature","properties":{"c":"major","n":"Avenida Yucatán"},"geometry":{"type":"LineString","coordinates":[[-99.16741,19.41665],[-99.16734,19.41663],[-99.16729,19.4166]]}},{"type":"Feature","properties":{"c":"major","n":"Avenida Yucatán"},"geometry":{"type":"LineString","coordinates":[[-99.16729,19.4166],[-99.16711,19.41651],[-99.16703,19.41646],[-99.16693,19.41646]]}},{"type":"Feature","properties":{"c":"major","n":"Avenida Yucatán"},"geometry":{"type":"LineString","coordinates":[[-99.16547,19.41558],[-99.16533,19.4155]]}},{"type":"Feature","properties":{"c":"major","n":"Avenida Yucatán"},"geometry":{"type":"LineString","coordinates":[[-99.16736,19.41674],[-99.16729,19.41671],[-99.1672,19.41666]]}},{"type":"Feature","properties":{"c":"major","n":"Avenida Yucatán"},"geometry":{"type":"LineString","coordinates":[[-99.1672,19.41666],[-99.16714,19.41662],[-99.16712,19.41661],[-99.16699,19.41653],[-99.16693,19.41646]]}},{"type":"Feature","properties":{"c":"minor","n":"Calle Zacatecas"},"geometry":{"type":"LineString","coordinates":[[-99.1656,19.41466],[-99.16556,19.41466],[-99.16529,19.41472]]}},{"type":"Feature","properties":{"c":"minor","n":"Calle Zacatecas"},"geometry":{"type":"LineString","coordinates":[[-99.16529,19.41472],[-99.16514,19.41475]]}},{"type":"Feature","properties":{"c":"minor","n":"Calle Zacatecas"},"geometry":{"type":"LineString","coordinates":[[-99.16514,19.41475],[-99.16433,19.41491]]}},{"type":"Feature","properties":{"c":"minor","n":"Calle Zacatecas"},"geometry":{"type":"LineString","coordinates":[[-99.16433,19.41491],[-99.16352,19.41507]]}},{"type":"Feature","properties":{"c":"minor","n":"Calle Zacatecas"},"geometry":{"type":"LineString","coordinates":[[-99.16352,19.41507],[-99.16199,19.41537]]}},{"type":"Feature","properties":{"c":"major","n":"Avenida Nuevo León"},"geometry":{"type":"LineString","coordinates":[[-99.17004,19.41583],[-99.16996,19.41594]]}},{"type":"Feature","properties":{"c":"major","n":"Avenida Yucatán"},"geometry":{"type":"LineString","coordinates":[[-99.16693,19.41646],[-99.16658,19.41625]]}},{"type":"Feature","properties":{"c":"major","n":"Avenida Yucatán"},"geometry":{"type":"LineString","coordinates":[[-99.16658,19.41625],[-99.16588,19.41583]]}},{"type":"Feature","properties":{"c":"minor"},"geometry":{"type":"LineString","coordinates":[[-99.16134,19.34889],[-99.16129,19.34892]]}},{"type":"Feature","properties":{"c":"foot"},"geometry":{"type":"LineString","coordinates":[[-99.16234,19.34996],[-99.16233,19.34999]]}},{"type":"Feature","properties":{"c":"foot"},"geometry":{"type":"LineString","coordinates":[[-99.16233,19.34999],[-99.16229,19.35014]]}},{"type":"Feature","properties":{"c":"minor"},"geometry":{"type":"LineString","coordinates":[[-99.16094,19.34844],[-99.16089,19.34853]]}},{"type":"Feature","properties":{"c":"foot"},"geometry":{"type":"LineString","coordinates":[[-99.16182,19.34914],[-99.16184,19.34914]]}},{"type":"Feature","properties":{"c":"foot"},"geometry":{"type":"LineString","coordinates":[[-99.16175,19.35],[-99.16178,19.35001]]}},{"type":"Feature","properties":{"c":"minor"},"geometry":{"type":"LineString","coordinates":[[-99.16163,19.35086],[-99.16171,19.35085]]}},{"type":"Feature","properties":{"c":"foot"},"geometry":{"type":"LineString","coordinates":[[-99.16181,19.34959],[-99.16188,19.34957],[-99.16193,19.34955]]}},{"type":"Feature","properties":{"c":"foot"},"geometry":{"type":"LineString","coordinates":[[-99.16179,19.3494],[-99.16181,19.34938]]}},{"type":"Feature","properties":{"c":"foot"},"geometry":{"type":"LineString","coordinates":[[-99.16459,19.41838],[-99.16448,19.41829]]}},{"type":"Feature","properties":{"c":"foot"},"geometry":{"type":"LineString","coordinates":[[-99.16448,19.41829],[-99.16433,19.41828]]}},{"type":"Feature","properties":{"c":"minor","n":"Calle Hamburgo"},"geometry":{"type":"LineString","coordinates":[[-99.16808,19.42466],[-99.16893,19.42426],[-99.16931,19.42408],[-99.16941,19.42403]]}},{"type":"Feature","properties":{"c":"minor","n":"Calle Hamburgo"},"geometry":{"type":"LineString","coordinates":[[-99.16941,19.42403],[-99.16949,19.424]]}},{"type":"Feature","properties":{"c":"minor","n":"Calle Hamburgo"},"geometry":{"type":"LineString","coordinates":[[-99.16949,19.424],[-99.16998,19.42376]]}},{"type":"Feature","properties":{"c":"minor","n":"Calle Hamburgo"},"geometry":{"type":"LineString","coordinates":[[-99.16998,19.42376],[-99.17061,19.42347],[-99.17064,19.42345]]}},{"type":"Feature","properties":{"c":"minor","n":"Calle Hamburgo"},"geometry":{"type":"LineString","coordinates":[[-99.17064,19.42345],[-99.17073,19.42341]]}},{"type":"Feature","properties":{"c":"minor","n":"Avenida México"},"geometry":{"type":"LineString","coordinates":[[-99.16897,19.41441],[-99.16927,19.4141],[-99.1695,19.4138]]}},{"type":"Feature","properties":{"c":"minor","n":"Avenida México"},"geometry":{"type":"LineString","coordinates":[[-99.1695,19.4138],[-99.17009,19.4126]]}},{"type":"Feature","properties":{"c":"minor","n":"Avenida México"},"geometry":{"type":"LineString","coordinates":[[-99.17009,19.4126],[-99.17028,19.41215],[-99.17053,19.41153]]}},{"type":"Feature","properties":{"c":"minor","n":"Avenida México"},"geometry":{"type":"LineString","coordinates":[[-99.17053,19.41153],[-99.1706,19.41135],[-99.17078,19.41092]]}},{"type":"Feature","properties":{"c":"major","n":"Avenida Nuevo León"},"geometry":{"type":"LineString","coordinates":[[-99.17176,19.41357],[-99.17166,19.41362]]}},{"type":"Feature","properties":{"c":"major","n":"Avenida Nuevo León"},"geometry":{"type":"LineString","coordinates":[[-99.17166,19.41362],[-99.17159,19.41366],[-99.17145,19.41377],[-99.1714,19.41382],[-99.17133,19.41389],[-99.17113,19.41415]]}},{"type":"Feature","properties":{"c":"major","n":"Avenida Oaxaca"},"geometry":{"type":"LineString","coordinates":[[-99.16951,19.4165],[-99.16957,19.41645],[-99.16966,19.41642],[-99.17005,19.41637],[-99.17018,19.41635]]}},{"type":"Feature","properties":{"c":"major","n":"Avenida Oaxaca"},"geometry":{"type":"LineString","coordinates":[[-99.17018,19.41635],[-99.17027,19.41634]]}},{"type":"Feature","properties":{"c":"major","n":"Plaza de Madrid"},"geometry":{"type":"LineString","coordinates":[[-99.16584,19.41992],[-99.16584,19.42001],[-99.16585,19.42009],[-99.16588,19.42018],[-99.16592,19.42025],[-99.16598,19.42032]]}},{"type":"Feature","properties":{"c":"major","n":"Plaza de Madrid"},"geometry":{"type":"LineString","coordinates":[[-99.16598,19.42032],[-99.16603,19.42035],[-99.16608,19.42038]]}},{"type":"Feature","properties":{"c":"major","n":"Plaza de Madrid"},"geometry":{"type":"LineString","coordinates":[[-99.16608,19.42038],[-99.16616,19.42042],[-99.16625,19.42044],[-99.16635,19.42044],[-99.16644,19.42042],[-99.16652,19.42039],[-99.1666,19.42034],[-99.16666,19.42029]]}},{"type":"Feature","properties":{"c":"major","n":"Plaza de Madrid"},"geometry":{"type":"LineString","coordinates":[[-99.16666,19.42029],[-99.16671,19.42021],[-99.16675,19.42014],[-99.16676,19.42007],[-99.16677,19.41999]]}},{"type":"Feature","properties":{"c":"major","n":"Plaza de Madrid"},"geometry":{"type":"LineString","coordinates":[[-99.16677,19.41999],[-99.16676,19.4199]]}},{"type":"Feature","properties":{"c":"major","n":"Plaza de Madrid"},"geometry":{"type":"LineString","coordinates":[[-99.16676,19.4199],[-99.16673,19.41982]]}},{"type":"Feature","properties":{"c":"major","n":"Plaza de Madrid"},"geometry":{"type":"LineString","coordinates":[[-99.16673,19.41982],[-99.16666,19.41971]]}},{"type":"Feature","properties":{"c":"major","n":"Plaza de Madrid"},"geometry":{"type":"LineString","coordinates":[[-99.16666,19.41971],[-99.16662,19.41967],[-99.16659,19.41965]]}},{"type":"Feature","properties":{"c":"major","n":"Plaza de Madrid"},"geometry":{"type":"LineString","coordinates":[[-99.16659,19.41965],[-99.16649,19.41959]]}},{"type":"Feature","properties":{"c":"major","n":"Plaza de Madrid"},"geometry":{"type":"LineString","coordinates":[[-99.16649,19.41959],[-99.16639,19.41956],[-99.16629,19.41956],[-99.16619,19.41957],[-99.1661,19.4196],[-99.16602,19.41965],[-99.16594,19.41972],[-99.1659,19.41978],[-99.16586,19.41985],[-99.16584,19.41992]]}},{"type":"Feature","properties":{"c":"foot","n":"Pasaje Pedro Slim"},"geometry":{"type":"LineString","coordinates":[[-99.12978,19.43042],[-99.12977,19.43048],[-99.12966,19.43128],[-99.12965,19.43134]]}},{"type":"Feature","properties":{"c":"minor","n":"Calle Citlaltépetl"},"geometry":{"type":"LineString","coordinates":[[-99.17211,19.40759],[-99.17184,19.40833]]}},{"type":"Feature","properties":{"c":"minor","n":"Calle Citlaltépetl"},"geometry":{"type":"LineString","coordinates":[[-99.17184,19.40833],[-99.17152,19.40904]]}},{"type":"Feature","properties":{"c":"minor","n":"Calle Citlaltépetl"},"geometry":{"type":"LineString","coordinates":[[-99.17152,19.40904],[-99.17141,19.40931]]}},{"type":"Feature","properties":{"c":"minor","n":"Calle Durango"},"geometry":{"type":"LineString","coordinates":[[-99.1595,19.42132],[-99.15926,19.42138]]}},{"type":"Feature","properties":{"c":"major","n":"Avenida Lázaro Cárdenas"},"geometry":{"type":"LineString","coordinates":[[-99.142,19.42693],[-99.14199,19.42699],[-99.14196,19.4271],[-99.14189,19.42747],[-99.14185,19.4277],[-99.1418,19.42795]]}},{"type":"Feature","properties":{"c":"major","n":"Avenida Lázaro Cárdenas"},"geometry":{"type":"LineString","coordinates":[[-99.1418,19.42795],[-99.1417,19.42863]]}},{"type":"Feature","properties":{"c":"minor","n":"Calle 20 de Noviembre"},"geometry":{"type":"LineString","coordinates":[[-99.13358,19.43095],[-99.13357,19.43099],[-99.13357,19.43101]]}},{"type":"Feature","properties":{"c":"minor","n":"Calle 20 de Noviembre"},"geometry":{"type":"LineString","coordinates":[[-99.13357,19.43101],[-99.13353,19.43129]]}},{"type":"Feature","properties":{"c":"minor","n":"Calle 20 de Noviembre"},"geometry":{"type":"LineString","coordinates":[[-99.13353,19.43129],[-99.13353,19.43133]]}},{"type":"Feature","properties":{"c":"minor","n":"Calle 20 de Noviembre"},"geometry":{"type":"LineString","coordinates":[[-99.13353,19.43133],[-99.13346,19.43181]]}},{"type":"Feature","properties":{"c":"minor","n":"Calle 20 de Noviembre"},"geometry":{"type":"LineString","coordinates":[[-99.13346,19.43181],[-99.13343,19.43202]]}},{"type":"Feature","properties":{"c":"minor","n":"Calle José María Marroquí"},"geometry":{"type":"LineString","coordinates":[[-99.14324,19.43316],[-99.14344,19.43232]]}},{"type":"Feature","properties":{"c":"minor","n":"Calle Independencia"},"geometry":{"type":"LineString","coordinates":[[-99.14108,19.43281],[-99.14207,19.43296]]}},{"type":"Feature","properties":{"c":"minor","n":"Calle Independencia"},"geometry":{"type":"LineString","coordinates":[[-99.14207,19.43296],[-99.14291,19.43311]]}},{"type":"Feature","properties":{"c":"minor","n":"Calle Independencia"},"geometry":{"type":"LineString","coordinates":[[-99.14291,19.43311],[-99.14317,19.43315]]}},{"type":"Feature","properties":{"c":"minor","n":"Calle Independencia"},"geometry":{"type":"LineString","coordinates":[[-99.14317,19.43315],[-99.14324,19.43316]]}},{"type":"Feature","properties":{"c":"minor","n":"Calle Independencia"},"geometry":{"type":"LineString","coordinates":[[-99.14324,19.43316],[-99.14346,19.4332]]}},{"type":"Feature","properties":{"c":"minor","n":"Calle Independencia"},"geometry":{"type":"LineString","coordinates":[[-99.14346,19.4332],[-99.14365,19.43323]]}},{"type":"Feature","properties":{"c":"minor","n":"Calle Independencia"},"geometry":{"type":"LineString","coordinates":[[-99.14365,19.43323],[-99.14502,19.43344]]}},{"type":"Feature","properties":{"c":"minor","n":"Prolongación Moctezuma"},"geometry":{"type":"LineString","coordinates":[[-99.16753,19.34665],[-99.16753,19.34642]]}},{"type":"Feature","properties":{"c":"minor","n":"Prolongación Moctezuma"},"geometry":{"type":"LineString","coordinates":[[-99.16753,19.34642],[-99.16752,19.34611],[-99.16753,19.34607],[-99.16757,19.34589],[-99.16761,19.34573],[-99.16778,19.34518]]}},{"type":"Feature","properties":{"c":"major","n":"Avenida Nuevo León"},"geometry":{"type":"LineString","coordinates":[[-99.17113,19.41415],[-99.17074,19.4148]]}},{"type":"Feature","properties":{"c":"major","n":"Avenida Nuevo León"},"geometry":{"type":"LineString","coordinates":[[-99.17074,19.4148],[-99.17022,19.41557],[-99.17017,19.41564]]}},{"type":"Feature","properties":{"c":"major","n":"Avenida Nuevo León"},"geometry":{"type":"LineString","coordinates":[[-99.17017,19.41564],[-99.17013,19.4157],[-99.17009,19.41577]]}},{"type":"Feature","properties":{"c":"major","n":"Avenida Nuevo León"},"geometry":{"type":"LineString","coordinates":[[-99.17009,19.41577],[-99.17004,19.41583]]}},{"type":"Feature","properties":{"c":"major","n":"Calle Orizaba"},"geometry":{"type":"LineString","coordinates":[[-99.1612,19.42395],[-99.16119,19.42389]]}},{"type":"Feature","properties":{"c":"major","n":"Calle Orizaba"},"geometry":{"type":"LineString","coordinates":[[-99.16119,19.42389],[-99.16109,19.42349]]}},{"type":"Feature","properties":{"c":"major","n":"Calle Orizaba"},"geometry":{"type":"LineString","coordinates":[[-99.16109,19.42349],[-99.16098,19.42303]]}},{"type":"Feature","properties":{"c":"major","n":"Calle Orizaba"},"geometry":{"type":"LineString","coordinates":[[-99.16098,19.42303],[-99.1609,19.42272]]}},{"type":"Feature","properties":{"c":"major","n":"Avenida Chapultepec"},"geometry":{"type":"LineString","coordinates":[[-99.16221,19.42381],[-99.16215,19.42382],[-99.16128,19.42401]]}},{"type":"Feature","properties":{"c":"major","n":"Avenida Chapultepec"},"geometry":{"type":"LineString","coordinates":[[-99.16128,19.42401],[-99.16118,19.42403]]}},{"type":"Feature","properties":{"c":"foot"},"geometry":{"type":"LineString","coordinates":[[-99.14389,19.43661],[-99.14387,19.43669]]}},{"type":"Feature","properties":{"c":"foot"},"geometry":{"type":"LineString","coordinates":[[-99.14387,19.43669],[-99.14384,19.43685]]}},{"type":"Feature","properties":{"c":"foot"},"geometry":{"type":"LineString","coordinates":[[-99.14384,19.43685],[-99.14383,19.4369]]}},{"type":"Feature","properties":{"c":"foot"},"geometry":{"type":"LineString","coordinates":[[-99.14153,19.43617],[-99.14152,19.43625]]}},{"type":"Feature","properties":{"c":"foot"},"geometry":{"type":"LineString","coordinates":[[-99.14152,19.43625],[-99.1415,19.43633]]}},{"type":"Feature","properties":{"c":"foot"},"geometry":{"type":"LineString","coordinates":[[-99.1415,19.43633],[-99.14149,19.43641]]}},{"type":"Feature","properties":{"c":"foot"},"geometry":{"type":"LineString","coordinates":[[-99.14149,19.43641],[-99.14148,19.43647]]}},{"type":"Feature","properties":{"c":"foot"},"geometry":{"type":"LineString","coordinates":[[-99.17151,19.40952],[-99.1715,19.40947],[-99.17148,19.40943],[-99.17143,19.4094],[-99.17138,19.40939],[-99.17133,19.4094],[-99.17129,19.40943],[-99.17126,19.40947]]}},{"type":"Feature","properties":{"c":"foot"},"geometry":{"type":"LineString","coordinates":[[-99.17126,19.40947],[-99.17124,19.40952],[-99.17126,19.40957],[-99.17128,19.40961],[-99.17133,19.40964],[-99.17138,19.40965],[-99.17143,19.40964],[-99.17147,19.40961],[-99.1715,19.40957]]}},{"type":"Feature","properties":{"c":"foot"},"geometry":{"type":"LineString","coordinates":[[-99.1715,19.40957],[-99.17151,19.40952]]}},{"type":"Feature","properties":{"c":"foot"},"geometry":{"type":"LineString","coordinates":[[-99.16905,19.40982],[-99.16905,19.40987],[-99.16904,19.40992],[-99.16901,19.40996],[-99.16896,19.40999],[-99.16892,19.41],[-99.16888,19.41],[-99.16884,19.40999],[-99.16881,19.40997],[-99.16877,19.40994]]}},{"type":"Feature","properties":{"c":"foot"},"geometry":{"type":"LineString","coordinates":[[-99.16877,19.40994],[-99.16875,19.40989],[-99.16874,19.40983],[-99.16876,19.40978],[-99.1688,19.40974],[-99.16884,19.40971],[-99.16889,19.4097],[-99.16894,19.40971],[-99.16898,19.40973],[-99.16903,19.40977]]}},{"type":"Feature","properties":{"c":"foot"},"geometry":{"type":"LineString","coordinates":[[-99.16903,19.40977],[-99.16905,19.40982]]}},{"type":"Feature","properties":{"c":"foot"},"geometry":{"type":"LineString","coordinates":[[-99.16877,19.40994],[-99.16871,19.40997]]}},{"type":"Feature","properties":{"c":"foot"},"geometry":{"type":"LineString","coordinates":[[-99.16871,19.40997],[-99.16846,19.41015],[-99.16811,19.41055],[-99.16801,19.41067],[-99.16794,19.4108]]}},{"type":"Feature","properties":{"c":"foot"},"geometry":{"type":"LineString","coordinates":[[-99.16794,19.4108],[-99.16754,19.41183]]}},{"type":"Feature","properties":{"c":"foot"},"geometry":{"type":"LineString","coordinates":[[-99.16754,19.41183],[-99.1672,19.41288]]}},{"type":"Feature","properties":{"c":"foot"},"geometry":{"type":"LineString","coordinates":[[-99.1672,19.41288],[-99.16716,19.41302]]}},{"type":"Feature","properties":{"c":"foot"},"geometry":{"type":"LineString","coordinates":[[-99.16716,19.41302],[-99.16692,19.41375],[-99.16679,19.41417]]}},{"type":"Feature","properties":{"c":"foot"},"geometry":{"type":"LineString","coordinates":[[-99.16679,19.41417],[-99.16674,19.41455],[-99.1668,19.41495],[-99.16687,19.41509]]}},{"type":"Feature","properties":{"c":"foot"},"geometry":{"type":"LineString","coordinates":[[-99.16687,19.41509],[-99.16691,19.41518]]}},{"type":"Feature","properties":{"c":"foot"},"geometry":{"type":"LineString","coordinates":[[-99.16691,19.41518],[-99.16712,19.41543],[-99.16739,19.4156],[-99.16769,19.41575]]}},{"type":"Feature","properties":{"c":"foot"},"geometry":{"type":"LineString","coordinates":[[-99.16769,19.41575],[-99.16801,19.41578],[-99.16827,19.41577],[-99.16854,19.41569]]}},{"type":"Feature","properties":{"c":"foot"},"geometry":{"type":"LineString","coordinates":[[-99.16854,19.41569],[-99.1691,19.41535],[-99.1694,19.41513]]}},{"type":"Feature","properties":{"c":"foot"},"geometry":{"type":"LineString","coordinates":[[-99.1694,19.41513],[-99.16948,19.41505]]}},{"type":"Feature","properties":{"c":"foot"},"geometry":{"type":"LineString","coordinates":[[-99.16948,19.41505],[-99.16978,19.41472],[-99.1701,19.41428]]}},{"type":"Feature","properties":{"c":"foot"},"geometry":{"type":"LineString","coordinates":[[-99.1701,19.41428],[-99.17082,19.41287]]}},{"type":"Feature","properties":{"c":"foot"},"geometry":{"type":"LineString","coordinates":[[-99.17082,19.41287],[-99.1714,19.41155]]}},{"type":"Feature","properties":{"c":"foot"},"geometry":{"type":"LineString","coordinates":[[-99.17126,19.40947],[-99.17117,19.40945]]}},{"type":"Feature","properties":{"c":"foot"},"geometry":{"type":"LineString","coordinates":[[-99.17117,19.40945],[-99.17084,19.40939],[-99.17051,19.40938],[-99.17013,19.40944]]}},{"type":"Feature","properties":{"c":"foot"},"geometry":{"type":"LineString","coordinates":[[-99.17013,19.40944],[-99.16959,19.40956],[-99.16909,19.40974]]}},{"type":"Feature","properties":{"c":"foot"},"geometry":{"type":"LineString","coordinates":[[-99.16909,19.40974],[-99.16903,19.40977]]}},{"type":"Feature","properties":{"c":"major","n":"Avenida Sonora"},"geometry":{"type":"LineString","coordinates":[[-99.16887,19.41448],[-99.16891,19.41453]]}},{"type":"Feature","properties":{"c":"major","n":"Avenida Sonora"},"geometry":{"type":"LineString","coordinates":[[-99.16891,19.41453],[-99.16936,19.41508]]}},{"type":"Feature","properties":{"c":"major","n":"Avenida Sonora"},"geometry":{"type":"LineString","coordinates":[[-99.16936,19.41508],[-99.1694,19.41513]]}},{"type":"Feature","properties":{"c":"major","n":"Avenida Sonora"},"geometry":{"type":"LineString","coordinates":[[-99.1694,19.41513],[-99.16944,19.41519]]}},{"type":"Feature","properties":{"c":"major","n":"Avenida Sonora"},"geometry":{"type":"LineString","coordinates":[[-99.16944,19.41519],[-99.16989,19.41583]]}},{"type":"Feature","properties":{"c":"major","n":"Avenida Sonora"},"geometry":{"type":"LineString","coordinates":[[-99.16989,19.41583],[-99.16996,19.41594]]}},{"type":"Feature","properties":{"c":"major","n":"Avenida Sonora"},"geometry":{"type":"LineString","coordinates":[[-99.16639,19.41274],[-99.16621,19.41281]]}},{"type":"Feature","properties":{"c":"foot"},"geometry":{"type":"LineString","coordinates":[[-99.17213,19.41871],[-99.17183,19.41878]]}},{"type":"Feature","properties":{"c":"foot"},"geometry":{"type":"LineString","coordinates":[[-99.17183,19.41878],[-99.17142,19.41887]]}},{"type":"Feature","properties":{"c":"foot"},"geometry":{"type":"LineString","coordinates":[[-99.17142,19.41887],[-99.17094,19.41898]]}},{"type":"Feature","properties":{"c":"foot"},"geometry":{"type":"LineString","coordinates":[[-99.17094,19.41898],[-99.17048,19.41908]]}},{"type":"Feature","properties":{"c":"foot"},"geometry":{"type":"LineString","coordinates":[[-99.17048,19.41908],[-99.17,19.41919]]}},{"type":"Feature","properties":{"c":"foot"},"geometry":{"type":"LineString","coordinates":[[-99.17,19.41919],[-99.16962,19.41927]]}},{"type":"Feature","properties":{"c":"foot"},"geometry":{"type":"LineString","coordinates":[[-99.16962,19.41927],[-99.1692,19.41936]]}},{"type":"Feature","properties":{"c":"foot"},"geometry":{"type":"LineString","coordinates":[[-99.1692,19.41936],[-99.16894,19.41942]]}},{"type":"Feature","properties":{"c":"foot"},"geometry":{"type":"LineString","coordinates":[[-99.16894,19.41942],[-99.16854,19.41951]]}},{"type":"Feature","properties":{"c":"foot"},"geometry":{"type":"LineString","coordinates":[[-99.16854,19.41951],[-99.16815,19.4196]]}},{"type":"Feature","properties":{"c":"foot"},"geometry":{"type":"LineString","coordinates":[[-99.16815,19.4196],[-99.16763,19.41971]]}},{"type":"Feature","properties":{"c":"foot"},"geometry":{"type":"LineString","coordinates":[[-99.16763,19.41971],[-99.16716,19.41982]]}},{"type":"Feature","properties":{"c":"foot"},"geometry":{"type":"LineString","coordinates":[[-99.16716,19.41982],[-99.16689,19.41988]]}},{"type":"Feature","properties":{"c":"foot"},"geometry":{"type":"LineString","coordinates":[[-99.16689,19.41988],[-99.16676,19.4199]]}},{"type":"Feature","properties":{"c":"foot","n":"1er Callejón de San Juan de Dios"},"geometry":{"type":"LineString","coordinates":[[-99.14281,19.43743],[-99.14282,19.4374]]}},{"type":"Feature","properties":{"c":"foot","n":"1er Callejón de San Juan de Dios"},"geometry":{"type":"LineString","coordinates":[[-99.14282,19.4374],[-99.14292,19.43701]]}},{"type":"Feature","properties":{"c":"major","n":"Calle Michoacán"},"geometry":{"type":"LineString","coordinates":[[-99.16799,19.41082],[-99.16887,19.41107]]}},{"type":"Feature","properties":{"c":"major","n":"Calle Michoacán"},"geometry":{"type":"LineString","coordinates":[[-99.16887,19.41107],[-99.16895,19.41109]]}},{"type":"Feature","properties":{"c":"major","n":"Calle Michoacán"},"geometry":{"type":"LineString","coordinates":[[-99.16895,19.41109],[-99.17019,19.41145],[-99.17047,19.41153]]}},{"type":"Feature","properties":{"c":"major","n":"Calle Michoacán"},"geometry":{"type":"LineString","coordinates":[[-99.17047,19.41153],[-99.17053,19.41153]]}},{"type":"Feature","properties":{"c":"major","n":"Calle Michoacán"},"geometry":{"type":"LineString","coordinates":[[-99.17053,19.41153],[-99.17105,19.41154],[-99.1713,19.41155]]}},{"type":"Feature","properties":{"c":"major","n":"Avenida Insurgentes Sur"},"geometry":{"type":"LineString","coordinates":[[-99.16709,19.41055],[-99.16711,19.41049]]}},{"type":"Feature","properties":{"c":"major","n":"Avenida Insurgentes Sur"},"geometry":{"type":"LineString","coordinates":[[-99.16711,19.41049],[-99.16732,19.40986]]}},{"type":"Feature","properties":{"c":"foot"},"geometry":{"type":"LineString","coordinates":[[-99.1714,19.41155],[-99.17162,19.41105],[-99.1717,19.4108],[-99.17176,19.41063],[-99.17179,19.41043]]}},{"type":"Feature","properties":{"c":"foot"},"geometry":{"type":"LineString","coordinates":[[-99.17179,19.41043],[-99.17178,19.41005],[-99.1717,19.4098],[-99.17161,19.40966]]}},{"type":"Feature","properties":{"c":"foot"},"geometry":{"type":"LineString","coordinates":[[-99.17161,19.40966],[-99.1715,19.40957]]}},{"type":"Feature","properties":{"c":"major","n":"Calle Michoacán"},"geometry":{"type":"LineString","coordinates":[[-99.17149,19.41155],[-99.17226,19.41154]]}},{"type":"Feature","properties":{"c":"major","n":"Avenida Insurgentes Sur"},"geometry":{"type":"LineString","coordinates":[[-99.16515,19.41606],[-99.16503,19.41642]]}},{"type":"Feature","properties":{"c":"major","n":"Avenida Insurgentes Sur"},"geometry":{"type":"LineString","coordinates":[[-99.16503,19.41642],[-99.16491,19.41678]]}},{"type":"Feature","properties":{"c":"major","n":"Avenida Álvaro Obregón"},"geometry":{"type":"LineString","coordinates":[[-99.15968,19.41819],[-99.15962,19.41821],[-99.1591,19.41831],[-99.15857,19.41841],[-99.15851,19.41842]]}},{"type":"Feature","properties":{"c":"major","n":"Avenida Álvaro Obregón"},"geometry":{"type":"LineString","coordinates":[[-99.15851,19.41842],[-99.15845,19.41843],[-99.15736,19.41865],[-99.15732,19.41866]]}},{"type":"Feature","properties":{"c":"major","n":"Avenida Álvaro Obregón"},"geometry":{"type":"LineString","coordinates":[[-99.15732,19.41866],[-99.15703,19.41872]]}},{"type":"Feature","properties":{"c":"major","n":"Avenida Álvaro Obregón"},"geometry":{"type":"LineString","coordinates":[[-99.15703,19.41872],[-99.15655,19.41881],[-99.15584,19.41894]]}},{"type":"Feature","properties":{"c":"major","n":"Avenida Álvaro Obregón"},"geometry":{"type":"LineString","coordinates":[[-99.15584,19.41894],[-99.15487,19.41915]]}},{"type":"Feature","properties":{"c":"major","n":"Avenida Álvaro Obregón"},"geometry":{"type":"LineString","coordinates":[[-99.15487,19.41915],[-99.15447,19.41923],[-99.15441,19.41923],[-99.15437,19.41923],[-99.15433,19.41922],[-99.15426,19.4192]]}},{"type":"Feature","properties":{"c":"major","n":"Avenida Álvaro Obregón"},"geometry":{"type":"LineString","coordinates":[[-99.16472,19.41743],[-99.16488,19.4174]]}},{"type":"Feature","properties":{"c":"major","n":"Avenida Cuauhtémoc"},"geometry":{"type":"LineString","coordinates":[[-99.15423,19.41954],[-99.15426,19.4192]]}},{"type":"Feature","properties":{"c":"major","n":"Avenida Cuauhtémoc"},"geometry":{"type":"LineString","coordinates":[[-99.15426,19.4192],[-99.15431,19.41856]]}},{"type":"Feature","properties":{"c":"minor","n":"Avenida Medellín"},"geometry":{"type":"LineString","coordinates":[[-99.1672,19.42254],[-99.1672,19.42246]]}},{"type":"Feature","properties":{"c":"minor","n":"Avenida Medellín"},"geometry":{"type":"LineString","coordinates":[[-99.1672,19.42246],[-99.16701,19.4217]]}},{"type":"Feature","properties":{"c":"minor","n":"Avenida Medellín"},"geometry":{"type":"LineString","coordinates":[[-99.16701,19.4217],[-99.1668,19.42085]]}},{"type":"Feature","properties":{"c":"minor","n":"Avenida Medellín"},"geometry":{"type":"LineString","coordinates":[[-99.1668,19.42085],[-99.1667,19.42045]]}},{"type":"Feature","properties":{"c":"minor","n":"Avenida Medellín"},"geometry":{"type":"LineString","coordinates":[[-99.1667,19.42045],[-99.16666,19.42029]]}},{"type":"Feature","properties":{"c":"minor","n":"Segunda Cerrada de Cinco de Mayo"},"geometry":{"type":"LineString","coordinates":[[-99.13561,19.43416],[-99.13561,19.43407],[-99.13565,19.43382]]}},{"type":"Feature","properties":{"c":"foot","n":"Pasaje América"},"geometry":{"type":"LineString","coordinates":[[-99.14005,19.43401],[-99.14004,19.43407]]}},{"type":"Feature","properties":{"c":"major","n":"Avenida Álvaro Obregón"},"geometry":{"type":"LineString","coordinates":[[-99.16494,19.41718],[-99.16478,19.41721]]}},{"type":"Feature","properties":{"c":"minor","n":"Segundo Callejón de la Romita"},"geometry":{"type":"LineString","coordinates":[[-99.15431,19.42356],[-99.15433,19.42341],[-99.15434,19.42324]]}},{"type":"Feature","properties":{"c":"minor","n":"Calle Real de Romita"},"geometry":{"type":"LineString","coordinates":[[-99.15504,19.42338],[-99.15489,19.42344]]}},{"type":"Feature","properties":{"c":"minor","n":"Calle Real de Romita"},"geometry":{"type":"LineString","coordinates":[[-99.15489,19.42344],[-99.1545,19.42353],[-99.15431,19.42356]]}},{"type":"Feature","properties":{"c":"minor","n":"Calle Real de Romita"},"geometry":{"type":"LineString","coordinates":[[-99.15431,19.42356],[-99.15392,19.42353]]}},{"type":"Feature","properties":{"c":"minor","n":"Calle Puebla"},"geometry":{"type":"LineString","coordinates":[[-99.16346,19.42221],[-99.16366,19.42222]]}},{"type":"Feature","properties":{"c":"minor","n":"Calle Puebla"},"geometry":{"type":"LineString","coordinates":[[-99.16366,19.42222],[-99.16389,19.42224]]}},{"type":"Feature","properties":{"c":"minor","n":"Calle Puebla"},"geometry":{"type":"LineString","coordinates":[[-99.16389,19.42224],[-99.16421,19.42225]]}},{"type":"Feature","properties":{"c":"minor","n":"Calle Puebla"},"geometry":{"type":"LineString","coordinates":[[-99.16421,19.42225],[-99.16425,19.42225],[-99.1643,19.42226],[-99.16434,19.42229]]}},{"type":"Feature","properties":{"c":"minor","n":"Calle Puebla"},"geometry":{"type":"LineString","coordinates":[[-99.16434,19.42229],[-99.16462,19.42223]]}},{"type":"Feature","properties":{"c":"minor","n":"Calle Puebla"},"geometry":{"type":"LineString","coordinates":[[-99.16462,19.42223],[-99.16536,19.42206]]}},{"type":"Feature","properties":{"c":"minor","n":"Calle Puebla"},"geometry":{"type":"LineString","coordinates":[[-99.16536,19.42206],[-99.16653,19.4218]]}},{"type":"Feature","properties":{"c":"minor","n":"Calle Puebla"},"geometry":{"type":"LineString","coordinates":[[-99.16653,19.4218],[-99.16656,19.42179],[-99.16669,19.42177]]}},{"type":"Feature","properties":{"c":"minor","n":"Calle Puebla"},"geometry":{"type":"LineString","coordinates":[[-99.16669,19.42177],[-99.16701,19.4217]]}},{"type":"Feature","properties":{"c":"minor","n":"Calle Puebla"},"geometry":{"type":"LineString","coordinates":[[-99.16701,19.4217],[-99.16858,19.42135]]}},{"type":"Feature","properties":{"c":"minor","n":"Calle Puebla"},"geometry":{"type":"LineString","coordinates":[[-99.16858,19.42135],[-99.16889,19.42128]]}},{"type":"Feature","properties":{"c":"minor","n":"Calle Puebla"},"geometry":{"type":"LineString","coordinates":[[-99.16889,19.42128],[-99.16927,19.4212]]}},{"type":"Feature","properties":{"c":"minor","n":"Calle Puebla"},"geometry":{"type":"LineString","coordinates":[[-99.16927,19.4212],[-99.16932,19.42119]]}},{"type":"Feature","properties":{"c":"minor","n":"Calle Puebla"},"geometry":{"type":"LineString","coordinates":[[-99.16932,19.42119],[-99.17005,19.42102]]}},{"type":"Feature","properties":{"c":"minor","n":"Calle Puebla"},"geometry":{"type":"LineString","coordinates":[[-99.17005,19.42102],[-99.17095,19.42082]]}},{"type":"Feature","properties":{"c":"minor","n":"Calle Puebla"},"geometry":{"type":"LineString","coordinates":[[-99.17095,19.42082],[-99.17137,19.42073]]}},{"type":"Feature","properties":{"c":"minor","n":"Calle Puebla"},"geometry":{"type":"LineString","coordinates":[[-99.17137,19.42073],[-99.17196,19.4206],[-99.17286,19.4204],[-99.17335,19.42029]]}},{"type":"Feature","properties":{"c":"minor","n":"Cerrada Salamanca"},"geometry":{"type":"LineString","coordinates":[[-99.16944,19.41857],[-99.17075,19.41826]]}},{"type":"Feature","properties":{"c":"minor","n":"Calle Colima"},"geometry":{"type":"LineString","coordinates":[[-99.1645,19.41888],[-99.16621,19.41851]]}},{"type":"Feature","properties":{"c":"minor","n":"Calle Colima"},"geometry":{"type":"LineString","coordinates":[[-99.16621,19.41851],[-99.16772,19.41818]]}},{"type":"Feature","properties":{"c":"minor","n":"Calle Colima"},"geometry":{"type":"LineString","coordinates":[[-99.16772,19.41818],[-99.1678,19.41816]]}},{"type":"Feature","properties":{"c":"major","n":"Calle Orizaba"},"geometry":{"type":"LineString","coordinates":[[-99.15931,19.41689],[-99.15933,19.4169],[-99.15935,19.41691],[-99.15935,19.41692],[-99.15937,19.41694],[-99.15938,19.41697],[-99.15951,19.41752]]}},{"type":"Feature","properties":{"c":"major","n":"Calle Orizaba"},"geometry":{"type":"LineString","coordinates":[[-99.15951,19.41752],[-99.15966,19.41811],[-99.15966,19.41813],[-99.15967,19.41815],[-99.15968,19.41819]]}},{"type":"Feature","properties":{"c":"major","n":"Calle Orizaba"},"geometry":{"type":"LineString","coordinates":[[-99.16042,19.42055],[-99.16038,19.42053],[-99.16036,19.42052],[-99.16035,19.4205],[-99.16021,19.4199]]}},{"type":"Feature","properties":{"c":"major","n":"Calle Orizaba"},"geometry":{"type":"LineString","coordinates":[[-99.16021,19.4199],[-99.16019,19.41985]]}},{"type":"Feature","properties":{"c":"major","n":"Calle Orizaba"},"geometry":{"type":"LineString","coordinates":[[-99.16019,19.41985],[-99.16001,19.41913]]}},{"type":"Feature","properties":{"c":"major","n":"Calle Orizaba"},"geometry":{"type":"LineString","coordinates":[[-99.16001,19.41913],[-99.15983,19.41846],[-99.15983,19.41844],[-99.15981,19.41838]]}},{"type":"Feature","properties":{"c":"major","n":"Calle Orizaba"},"geometry":{"type":"LineString","coordinates":[[-99.15965,19.41682],[-99.15955,19.41644],[-99.15957,19.41641],[-99.15954,19.41627],[-99.1595,19.41625],[-99.15942,19.41594],[-99.1594,19.41592],[-99.15938,19.4159],[-99.15935,19.41589]]}},{"type":"Feature","properties":{"c":"major","n":"Calle Orizaba"},"geometry":{"type":"LineString","coordinates":[[-99.15899,19.41597],[-99.15896,19.416],[-99.15895,19.41603],[-99.15894,19.41606],[-99.15904,19.41649],[-99.15901,19.41653],[-99.15902,19.41658],[-99.15907,19.4166],[-99.15915,19.41692]]}},{"type":"Feature","properties":{"c":"foot"},"geometry":{"type":"LineString","coordinates":[[-99.16796,19.41468],[-99.16792,19.41469]]}},{"type":"Feature","properties":{"c":"foot"},"geometry":{"type":"LineString","coordinates":[[-99.16792,19.41469],[-99.16788,19.41471],[-99.16785,19.41474]]}},{"type":"Feature","properties":{"c":"foot"},"geometry":{"type":"LineString","coordinates":[[-99.16785,19.41474],[-99.16783,19.41477],[-99.16783,19.41482]]}},{"type":"Feature","properties":{"c":"foot"},"geometry":{"type":"LineString","coordinates":[[-99.16783,19.41482],[-99.16784,19.41485],[-99.16786,19.41489]]}},{"type":"Feature","properties":{"c":"foot"},"geometry":{"type":"LineString","coordinates":[[-99.16786,19.41489],[-99.16789,19.41492],[-99.16793,19.41493]]}},{"type":"Feature","properties":{"c":"foot"},"geometry":{"type":"LineString","coordinates":[[-99.16793,19.41493],[-99.16798,19.41493],[-99.16802,19.41492]]}},{"type":"Feature","properties":{"c":"foot"},"geometry":{"type":"LineString","coordinates":[[-99.16802,19.41492],[-99.16805,19.4149],[-99.16808,19.41486],[-99.16809,19.41482],[-99.16809,19.41478]]}},{"type":"Feature","properties":{"c":"foot"},"geometry":{"type":"LineString","coordinates":[[-99.16809,19.41478],[-99.16808,19.41474],[-99.16805,19.41471],[-99.16801,19.41469],[-99.16796,19.41468]]}},{"type":"Feature","properties":{"c":"foot"},"geometry":{"type":"LineString","coordinates":[[-99.16786,19.41489],[-99.1677,19.41495]]}},{"type":"Feature","properties":{"c":"foot"},"geometry":{"type":"LineString","coordinates":[[-99.16789,19.41508],[-99.16793,19.41493]]}},{"type":"Feature","properties":{"c":"foot"},"geometry":{"type":"LineString","coordinates":[[-99.16811,19.41504],[-99.16802,19.41492]]}},{"type":"Feature","properties":{"c":"foot"},"geometry":{"type":"LineString","coordinates":[[-99.16824,19.41472],[-99.16809,19.41478]]}},{"type":"Feature","properties":{"c":"foot"},"geometry":{"type":"LineString","coordinates":[[-99.16789,19.41452],[-99.16792,19.41469]]}},{"type":"Feature","properties":{"c":"foot"},"geometry":{"type":"LineString","coordinates":[[-99.16785,19.41474],[-99.16769,19.41465]]}},{"type":"Feature","properties":{"c":"foot"},"geometry":{"type":"LineString","coordinates":[[-99.16783,19.41482],[-99.16766,19.41485]]}},{"type":"Feature","properties":{"c":"major","n":"Avenida Lázaro Cárdenas"},"geometry":{"type":"LineString","coordinates":[[-99.14058,19.43609],[-99.14056,19.43626]]}},{"type":"Feature","properties":{"c":"major","n":"Avenida Lázaro Cárdenas"},"geometry":{"type":"LineString","coordinates":[[-99.14056,19.43626],[-99.14055,19.43632]]}},{"type":"Feature","properties":{"c":"major","n":"Avenida Lázaro Cárdenas"},"geometry":{"type":"LineString","coordinates":[[-99.14055,19.43632],[-99.14052,19.4365]]}},{"type":"Feature","properties":{"c":"minor","n":"Calle Moneda"},"geometry":{"type":"LineString","coordinates":[[-99.1299,19.43336],[-99.12995,19.43337],[-99.13093,19.43349]]}},{"type":"Feature","properties":{"c":"minor","n":"Calle Moneda"},"geometry":{"type":"LineString","coordinates":[[-99.13093,19.43349],[-99.13107,19.4335]]}},{"type":"Feature","properties":{"c":"minor","n":"Calle Moneda"},"geometry":{"type":"LineString","coordinates":[[-99.13107,19.4335],[-99.13188,19.4336],[-99.13194,19.43361]]}},{"type":"Feature","properties":{"c":"minor","n":"Calle Moneda"},"geometry":{"type":"LineString","coordinates":[[-99.13194,19.43361],[-99.13199,19.43359],[-99.13223,19.43343]]}},{"type":"Feature","properties":{"c":"minor","n":"Calle Moneda"},"geometry":{"type":"LineString","coordinates":[[-99.13223,19.43343],[-99.13246,19.43328]]}},{"type":"Feature","properties":{"c":"major","n":"Calle Monte de Piedad"},"geometry":{"type":"LineString","coordinates":[[-99.13402,19.43397],[-99.13403,19.43403]]}},{"type":"Feature","properties":{"c":"major","n":"Calle Monte de Piedad"},"geometry":{"type":"LineString","coordinates":[[-99.13403,19.43403],[-99.13404,19.43407],[-99.13404,19.43413],[-99.13391,19.43508],[-99.13392,19.43515]]}},{"type":"Feature","properties":{"c":"minor","n":"Calle Plaza de la Constitución"},"geometry":{"type":"LineString","coordinates":[[-99.13333,19.4334],[-99.13353,19.43346],[-99.13361,19.43347],[-99.13369,19.43349]]}},{"type":"Feature","properties":{"c":"minor","n":"Calle Plaza de la Constitución"},"geometry":{"type":"LineString","coordinates":[[-99.13369,19.43349],[-99.13374,19.43351],[-99.1338,19.43355],[-99.13383,19.43358],[-99.13388,19.43364]]}},{"type":"Feature","properties":{"c":"minor","n":"Calle Plaza de la Constitución"},"geometry":{"type":"LineString","coordinates":[[-99.13388,19.43364],[-99.13392,19.43368],[-99.13395,19.43376],[-99.13399,19.4339],[-99.13401,19.43395],[-99.13402,19.43397]]}},{"type":"Feature","properties":{"c":"minor","n":"Calle 5 de Febrero"},"geometry":{"type":"LineString","coordinates":[[-99.13411,19.43268],[-99.13423,19.43242],[-99.13427,19.43216]]}},{"type":"Feature","properties":{"c":"minor","n":"Calle 5 de Febrero"},"geometry":{"type":"LineString","coordinates":[[-99.13427,19.43216],[-99.13428,19.43211],[-99.13436,19.43202],[-99.13436,19.43199]]}},{"type":"Feature","properties":{"c":"minor","n":"Calle 5 de Febrero"},"geometry":{"type":"LineString","coordinates":[[-99.13436,19.43199],[-99.13437,19.43195]]}},{"type":"Feature","properties":{"c":"minor","n":"Calle 5 de Febrero"},"geometry":{"type":"LineString","coordinates":[[-99.13451,19.43107],[-99.13464,19.43023]]}},{"type":"Feature","properties":{"c":"minor","n":"Calle 5 de Febrero"},"geometry":{"type":"LineString","coordinates":[[-99.13464,19.43023],[-99.13477,19.4294]]}},{"type":"Feature","properties":{"c":"minor","n":"Calle 5 de Febrero"},"geometry":{"type":"LineString","coordinates":[[-99.13477,19.4294],[-99.13492,19.42846]]}},{"type":"Feature","properties":{"c":"minor","n":"Calle 5 de Febrero"},"geometry":{"type":"LineString","coordinates":[[-99.13492,19.42846],[-99.13504,19.42765]]}},{"type":"Feature","properties":{"c":"minor","n":"Calle 5 de Febrero"},"geometry":{"type":"LineString","coordinates":[[-99.13504,19.42765],[-99.13508,19.4274],[-99.1351,19.4273],[-99.13517,19.42684],[-99.13527,19.42618]]}},{"type":"Feature","properties":{"c":"minor","n":"Calle Aldaco"},"geometry":{"type":"LineString","coordinates":[[-99.13986,19.4301],[-99.13992,19.42956]]}},{"type":"Feature","properties":{"c":"minor","n":"Calle Aldaco"},"geometry":{"type":"LineString","coordinates":[[-99.13992,19.42956],[-99.13999,19.42889]]}},{"type":"Feature","properties":{"c":"foot"},"geometry":{"type":"LineString","coordinates":[[-99.14382,19.42965],[-99.14371,19.43059]]}},{"type":"Feature","properties":{"c":"foot"},"geometry":{"type":"LineString","coordinates":[[-99.1434,19.42959],[-99.14328,19.43053]]}},{"type":"Feature","properties":{"c":"major","n":"Calle República de Brasil"},"geometry":{"type":"LineString","coordinates":[[-99.13392,19.43515],[-99.13379,19.43599]]}},{"type":"Feature","properties":{"c":"foot"},"geometry":{"type":"LineString","coordinates":[[-99.17051,19.41611],[-99.17073,19.41611]]}},{"type":"Feature","properties":{"c":"foot"},"geometry":{"type":"LineString","coordinates":[[-99.17073,19.41611],[-99.17119,19.41593]]}},{"type":"Feature","properties":{"c":"foot"},"geometry":{"type":"LineString","coordinates":[[-99.17119,19.41593],[-99.17131,19.41588],[-99.1716,19.41569]]}},{"type":"Feature","properties":{"c":"foot"},"geometry":{"type":"LineString","coordinates":[[-99.1716,19.41569],[-99.17168,19.41561]]}},{"type":"Feature","properties":{"c":"foot"},"geometry":{"type":"LineString","coordinates":[[-99.17168,19.41561],[-99.17186,19.41518],[-99.1719,19.41506]]}},{"type":"Feature","properties":{"c":"foot"},"geometry":{"type":"LineString","coordinates":[[-99.1719,19.41506],[-99.17196,19.41488],[-99.17197,19.41452],[-99.17192,19.41411]]}},{"type":"Feature","properties":{"c":"foot"},"geometry":{"type":"LineString","coordinates":[[-99.17192,19.41411],[-99.17179,19.41386]]}},{"type":"Feature","properties":{"c":"foot"},"geometry":{"type":"LineString","coordinates":[[-99.17179,19.41386],[-99.17176,19.4138]]}},{"type":"Feature","properties":{"c":"foot"},"geometry":{"type":"LineString","coordinates":[[-99.17176,19.4138],[-99.17164,19.41381],[-99.17142,19.414],[-99.17121,19.4143],[-99.17119,19.41434]]}},{"type":"Feature","properties":{"c":"foot"},"geometry":{"type":"LineString","coordinates":[[-99.17119,19.41434],[-99.17089,19.41483],[-99.17086,19.41488]]}},{"type":"Feature","properties":{"c":"foot"},"geometry":{"type":"LineString","coordinates":[[-99.17086,19.41488],[-99.17067,19.41517]]}},{"type":"Feature","properties":{"c":"foot"},"geometry":{"type":"LineString","coordinates":[[-99.17067,19.41517],[-99.17039,19.4156]]}},{"type":"Feature","properties":{"c":"foot"},"geometry":{"type":"LineString","coordinates":[[-99.17039,19.4156],[-99.17024,19.41582]]}},{"type":"Feature","properties":{"c":"foot"},"geometry":{"type":"LineString","coordinates":[[-99.17024,19.41582],[-99.1703,19.41589]]}},{"type":"Feature","properties":{"c":"foot"},"geometry":{"type":"LineString","coordinates":[[-99.1703,19.41589],[-99.17051,19.41611]]}},{"type":"Feature","properties":{"c":"foot"},"geometry":{"type":"LineString","coordinates":[[-99.1716,19.41569],[-99.17139,19.41558]]}},{"type":"Feature","properties":{"c":"foot"},"geometry":{"type":"LineString","coordinates":[[-99.17139,19.41558],[-99.17158,19.41527]]}},{"type":"Feature","properties":{"c":"foot"},"geometry":{"type":"LineString","coordinates":[[-99.17158,19.41527],[-99.17127,19.41507]]}},{"type":"Feature","properties":{"c":"foot"},"geometry":{"type":"LineString","coordinates":[[-99.17127,19.41507],[-99.17106,19.4153]]}},{"type":"Feature","properties":{"c":"foot"},"geometry":{"type":"LineString","coordinates":[[-99.17106,19.4153],[-99.17086,19.41518],[-99.17077,19.41518]]}},{"type":"Feature","properties":{"c":"foot"},"geometry":{"type":"LineString","coordinates":[[-99.17077,19.41518],[-99.17067,19.41517]]}},{"type":"Feature","properties":{"c":"foot"},"geometry":{"type":"LineString","coordinates":[[-99.17127,19.41507],[-99.1714,19.41501],[-99.17151,19.41494]]}},{"type":"Feature","properties":{"c":"foot"},"geometry":{"type":"LineString","coordinates":[[-99.17151,19.41494],[-99.17156,19.41484],[-99.1715,19.41469],[-99.17152,19.41457]]}},{"type":"Feature","properties":{"c":"foot"},"geometry":{"type":"LineString","coordinates":[[-99.17152,19.41457],[-99.1716,19.41445],[-99.17174,19.41433],[-99.1718,19.41416],[-99.17192,19.41411]]}},{"type":"Feature","properties":{"c":"foot"},"geometry":{"type":"LineString","coordinates":[[-99.17106,19.4153],[-99.17104,19.41549],[-99.17099,19.41566]]}},{"type":"Feature","properties":{"c":"foot"},"geometry":{"type":"LineString","coordinates":[[-99.17099,19.41566],[-99.17085,19.41563],[-99.17067,19.41547],[-99.17057,19.41552],[-99.17052,19.41558]]}},{"type":"Feature","properties":{"c":"foot"},"geometry":{"type":"LineString","coordinates":[[-99.17052,19.41558],[-99.17047,19.41565],[-99.17039,19.4156]]}},{"type":"Feature","properties":{"c":"foot"},"geometry":{"type":"LineString","coordinates":[[-99.17099,19.41566],[-99.17094,19.41584],[-99.17073,19.41611]]}},{"type":"Feature","properties":{"c":"foot"},"geometry":{"type":"LineString","coordinates":[[-99.16899,19.41104],[-99.16909,19.41094],[-99.16928,19.41077],[-99.16942,19.41065]]}},{"type":"Feature","properties":{"c":"foot"},"geometry":{"type":"LineString","coordinates":[[-99.16942,19.41065],[-99.16956,19.41058],[-99.16976,19.4105],[-99.16997,19.41045],[-99.17014,19.41043],[-99.17028,19.41043],[-99.17037,19.41044]]}},{"type":"Feature","properties":{"c":"foot"},"geometry":{"type":"LineString","coordinates":[[-99.17037,19.41044],[-99.17053,19.41053]]}},{"type":"Feature","properties":{"c":"foot"},"geometry":{"type":"LineString","coordinates":[[-99.17053,19.41053],[-99.17065,19.41065],[-99.17069,19.41075]]}},{"type":"Feature","properties":{"c":"foot"},"geometry":{"type":"LineString","coordinates":[[-99.17069,19.41075],[-99.17072,19.4108],[-99.17074,19.4109],[-99.17048,19.4115]]}},{"type":"Feature","properties":{"c":"foot"},"geometry":{"type":"LineString","coordinates":[[-99.17048,19.4115],[-99.17047,19.41153]]}},{"type":"Feature","properties":{"c":"foot"},"geometry":{"type":"LineString","coordinates":[[-99.17047,19.41153],[-99.17045,19.4116]]}},{"type":"Feature","properties":{"c":"foot"},"geometry":{"type":"LineString","coordinates":[[-99.17045,19.4116],[-99.17022,19.41215],[-99.1701,19.41242]]}},{"type":"Feature","properties":{"c":"foot"},"geometry":{"type":"LineString","coordinates":[[-99.1701,19.41242],[-99.17003,19.41258]]}},{"type":"Feature","properties":{"c":"foot"},"geometry":{"type":"LineString","coordinates":[[-99.17003,19.41258],[-99.16966,19.41337],[-99.16946,19.41377]]}},{"type":"Feature","properties":{"c":"foot"},"geometry":{"type":"LineString","coordinates":[[-99.16946,19.41377],[-99.16913,19.41416],[-99.1691,19.4142],[-99.16907,19.41422],[-99.16903,19.41423]]}},{"type":"Feature","properties":{"c":"foot"},"geometry":{"type":"LineString","coordinates":[[-99.16903,19.41423],[-99.16899,19.41424],[-99.16895,19.41423],[-99.16893,19.41422]]}},{"type":"Feature","properties":{"c":"foot"},"geometry":{"type":"LineString","coordinates":[[-99.16893,19.41422],[-99.16891,19.41421],[-99.16888,19.41418],[-99.16854,19.41376]]}},{"type":"Feature","properties":{"c":"foot"},"geometry":{"type":"LineString","coordinates":[[-99.16854,19.41376],[-99.1681,19.41317]]}},{"type":"Feature","properties":{"c":"foot"},"geometry":{"type":"LineString","coordinates":[[-99.1681,19.41317],[-99.16806,19.41311]]}},{"type":"Feature","properties":{"c":"foot"},"geometry":{"type":"LineString","coordinates":[[-99.16806,19.41311],[-99.16808,19.41305]]}},{"type":"Feature","properties":{"c":"foot"},"geometry":{"type":"LineString","coordinates":[[-99.16808,19.41305],[-99.16842,19.41207]]}},{"type":"Feature","properties":{"c":"foot"},"geometry":{"type":"LineString","coordinates":[[-99.16842,19.41207],[-99.16861,19.41168],[-99.16874,19.41144],[-99.16877,19.41138]]}},{"type":"Feature","properties":{"c":"foot"},"geometry":{"type":"LineString","coordinates":[[-99.16877,19.41138],[-99.16891,19.41115]]}},{"type":"Feature","properties":{"c":"foot"},"geometry":{"type":"LineString","coordinates":[[-99.1696,19.41223],[-99.16963,19.41229],[-99.16964,19.41233]]}},{"type":"Feature","properties":{"c":"foot"},"geometry":{"type":"LineString","coordinates":[[-99.16964,19.41233],[-99.16966,19.41239]]}},{"type":"Feature","properties":{"c":"foot"},"geometry":{"type":"LineString","coordinates":[[-99.16966,19.41239],[-99.16966,19.41245],[-99.16966,19.41253],[-99.16966,19.41258],[-99.16965,19.41264],[-99.1696,19.41272]]}},{"type":"Feature","properties":{"c":"foot"},"geometry":{"type":"LineString","coordinates":[[-99.1696,19.41272],[-99.16954,19.41277],[-99.16948,19.41279],[-99.16939,19.41281]]}},{"type":"Feature","properties":{"c":"foot"},"geometry":{"type":"LineString","coordinates":[[-99.16939,19.41281],[-99.16926,19.41278],[-99.1692,19.41277]]}},{"type":"Feature","properties":{"c":"foot"},"geometry":{"type":"LineString","coordinates":[[-99.17002,19.41211],[-99.17005,19.41197]]}},{"type":"Feature","properties":{"c":"foot"},"geometry":{"type":"LineString","coordinates":[[-99.17005,19.41197],[-99.17007,19.41192],[-99.17011,19.41179],[-99.17015,19.4117],[-99.17023,19.41154]]}},{"type":"Feature","properties":{"c":"foot"},"geometry":{"type":"LineString","coordinates":[[-99.17053,19.41053],[-99.17046,19.41062],[-99.17038,19.4107]]}},{"type":"Feature","properties":{"c":"foot"},"geometry":{"type":"LineString","coordinates":[[-99.17038,19.4107],[-99.17044,19.41076],[-99.17049,19.41082],[-99.17051,19.41091],[-99.17051,19.41098]]}},{"type":"Feature","properties":{"c":"foot"},"geometry":{"type":"LineString","coordinates":[[-99.17051,19.41098],[-99.17051,19.41102],[-99.17048,19.41115],[-99.17042,19.41125],[-99.17032,19.41145]]}},{"type":"Feature","properties":{"c":"foot"},"geometry":{"type":"LineString","coordinates":[[-99.16992,19.41081],[-99.16981,19.41076],[-99.16972,19.41073],[-99.16961,19.41071],[-99.16953,19.41072],[-99.16946,19.41073]]}},{"type":"Feature","properties":{"c":"foot"},"geometry":{"type":"LineString","coordinates":[[-99.16946,19.41073],[-99.16942,19.41065]]}},{"type":"Feature","properties":{"c":"foot"},"geometry":{"type":"LineString","coordinates":[[-99.16942,19.41065],[-99.16938,19.41059]]}},{"type":"Feature","properties":{"c":"foot"},"geometry":{"type":"LineString","coordinates":[[-99.16899,19.41104],[-99.16917,19.4111]]}},{"type":"Feature","properties":{"c":"foot"},"geometry":{"type":"LineString","coordinates":[[-99.16917,19.4111],[-99.16952,19.4112]]}},{"type":"Feature","properties":{"c":"foot"},"geometry":{"type":"LineString","coordinates":[[-99.16952,19.4112],[-99.16994,19.41133]]}},{"type":"Feature","properties":{"c":"foot"},"geometry":{"type":"LineString","coordinates":[[-99.16994,19.41133],[-99.1702,19.41142],[-99.17032,19.41145]]}},{"type":"Feature","properties":{"c":"foot"},"geometry":{"type":"LineString","coordinates":[[-99.17032,19.41145],[-99.17048,19.4115]]}},{"type":"Feature","properties":{"c":"foot"},"geometry":{"type":"LineString","coordinates":[[-99.1692,19.41277],[-99.16916,19.41277],[-99.16908,19.41278],[-99.169,19.4128]]}},{"type":"Feature","properties":{"c":"foot"},"geometry":{"type":"LineString","coordinates":[[-99.16888,19.41287],[-99.16876,19.41295],[-99.16867,19.41305],[-99.16864,19.41314],[-99.16863,19.41318]]}},{"type":"Feature","properties":{"c":"foot"},"geometry":{"type":"LineString","coordinates":[[-99.17152,19.41457],[-99.1714,19.41447],[-99.17134,19.41445],[-99.17126,19.4144]]}},{"type":"Feature","properties":{"c":"foot"},"geometry":{"type":"LineString","coordinates":[[-99.17126,19.4144],[-99.17125,19.41435],[-99.17119,19.41434]]}},{"type":"Feature","properties":{"c":"foot"},"geometry":{"type":"LineString","coordinates":[[-99.17073,19.41611],[-99.17073,19.41599],[-99.17066,19.41596],[-99.17062,19.41588],[-99.17058,19.41578],[-99.17056,19.41572],[-99.17052,19.41558]]}},{"type":"Feature","properties":{"c":"foot"},"geometry":{"type":"LineString","coordinates":[[-99.17052,19.41558],[-99.1703,19.41589]]}},{"type":"Feature","properties":{"c":"foot"},"geometry":{"type":"LineString","coordinates":[[-99.17052,19.41558],[-99.17077,19.41518]]}},{"type":"Feature","properties":{"c":"foot"},"geometry":{"type":"LineString","coordinates":[[-99.17077,19.41518],[-99.17092,19.41496],[-99.17126,19.4144]]}},{"type":"Feature","properties":{"c":"foot"},"geometry":{"type":"LineString","coordinates":[[-99.17139,19.41558],[-99.17124,19.41567],[-99.17116,19.41568]]}},{"type":"Feature","properties":{"c":"foot"},"geometry":{"type":"LineString","coordinates":[[-99.17116,19.41568],[-99.17108,19.41568],[-99.17099,19.41566]]}},{"type":"Feature","properties":{"c":"foot"},"geometry":{"type":"LineString","coordinates":[[-99.17116,19.41568],[-99.17119,19.41583],[-99.17119,19.41593]]}},{"type":"Feature","properties":{"c":"foot"},"geometry":{"type":"LineString","coordinates":[[-99.17158,19.41527],[-99.17169,19.41513],[-99.17172,19.41512]]}},{"type":"Feature","properties":{"c":"foot"},"geometry":{"type":"LineString","coordinates":[[-99.17172,19.41512],[-99.17181,19.41507],[-99.1719,19.41506]]}},{"type":"Feature","properties":{"c":"foot"},"geometry":{"type":"LineString","coordinates":[[-99.1719,19.41506],[-99.17205,19.41508]]}},{"type":"Feature","properties":{"c":"foot"},"geometry":{"type":"LineString","coordinates":[[-99.17151,19.41494],[-99.17158,19.415],[-99.17172,19.41512]]}},{"type":"Feature","properties":{"c":"foot"},"geometry":{"type":"LineString","coordinates":[[-99.13108,19.43343],[-99.13108,19.43347],[-99.13107,19.4335]]}},{"type":"Feature","properties":{"c":"foot","n":"Calle República de Argentina"},"geometry":{"type":"LineString","coordinates":[[-99.13185,19.43488],[-99.13173,19.43567]]}},{"type":"Feature","properties":{"c":"foot","n":"Calle República de Argentina"},"geometry":{"type":"LineString","coordinates":[[-99.13173,19.43567],[-99.13173,19.43568]]}},{"type":"Feature","properties":{"c":"foot","n":"Calle República de Argentina"},"geometry":{"type":"LineString","coordinates":[[-99.13173,19.43568],[-99.13173,19.43569]]}},{"type":"Feature","properties":{"c":"foot","n":"Calle República de Argentina"},"geometry":{"type":"LineString","coordinates":[[-99.13173,19.43569],[-99.13172,19.43572]]}},{"type":"Feature","properties":{"c":"foot"},"geometry":{"type":"LineString","coordinates":[[-99.16294,19.34868],[-99.16299,19.34844],[-99.16292,19.34842]]}},{"type":"Feature","properties":{"c":"foot"},"geometry":{"type":"LineString","coordinates":[[-99.16333,19.35056],[-99.16339,19.35037],[-99.16366,19.35044]]}},{"type":"Feature","properties":{"c":"major","n":"Calle Toluca"},"geometry":{"type":"LineString","coordinates":[[-99.15814,19.41171],[-99.15812,19.41162]]}},{"type":"Feature","properties":{"c":"major","n":"Calle Toluca"},"geometry":{"type":"LineString","coordinates":[[-99.15812,19.41162],[-99.15801,19.41116]]}},{"type":"Feature","properties":{"c":"major","n":"Calle Toluca"},"geometry":{"type":"LineString","coordinates":[[-99.15801,19.41116],[-99.15771,19.40996]]}},{"type":"Feature","properties":{"c":"major","n":"Calle Toluca"},"geometry":{"type":"LineString","coordinates":[[-99.15771,19.40996],[-99.15765,19.4097]]}},{"type":"Feature","properties":{"c":"major","n":"Calle Toluca"},"geometry":{"type":"LineString","coordinates":[[-99.15765,19.4097],[-99.15744,19.40886]]}},{"type":"Feature","properties":{"c":"major","n":"Calle Toluca"},"geometry":{"type":"LineString","coordinates":[[-99.15744,19.40886],[-99.15712,19.40746],[-99.15705,19.40739]]}},{"type":"Feature","properties":{"c":"foot"},"geometry":{"type":"LineString","coordinates":[[-99.16051,19.42101],[-99.16054,19.42103],[-99.16056,19.42105]]}},{"type":"Feature","properties":{"c":"foot"},"geometry":{"type":"LineString","coordinates":[[-99.16056,19.42105],[-99.16057,19.42107],[-99.16057,19.4211],[-99.16058,19.42112],[-99.16057,19.42115]]}},{"type":"Feature","properties":{"c":"foot"},"geometry":{"type":"LineString","coordinates":[[-99.16057,19.42115],[-99.16057,19.42117],[-99.16056,19.42119],[-99.16055,19.42121],[-99.16053,19.42122]]}},{"type":"Feature","properties":{"c":"foot"},"geometry":{"type":"LineString","coordinates":[[-99.16053,19.42122],[-99.16051,19.42124],[-99.16049,19.42125],[-99.16046,19.42125],[-99.16044,19.42126]]}},{"type":"Feature","properties":{"c":"foot"},"geometry":{"type":"LineString","coordinates":[[-99.16044,19.42126],[-99.1604,19.42125],[-99.16036,19.42124],[-99.16033,19.42121],[-99.16031,19.42118]]}},{"type":"Feature","properties":{"c":"foot"},"geometry":{"type":"LineString","coordinates":[[-99.16031,19.42118],[-99.1603,19.42115],[-99.16029,19.42111]]}},{"type":"Feature","properties":{"c":"foot"},"geometry":{"type":"LineString","coordinates":[[-99.16029,19.42111],[-99.1603,19.42109],[-99.16031,19.42106],[-99.16033,19.42103],[-99.16035,19.42102],[-99.16038,19.421]]}},{"type":"Feature","properties":{"c":"foot"},"geometry":{"type":"LineString","coordinates":[[-99.16038,19.421],[-99.1604,19.42099],[-99.16043,19.42099]]}},{"type":"Feature","properties":{"c":"foot"},"geometry":{"type":"LineString","coordinates":[[-99.16043,19.42099],[-99.16046,19.42099],[-99.16049,19.421],[-99.16051,19.42101]]}},{"type":"Feature","properties":{"c":"foot"},"geometry":{"type":"LineString","coordinates":[[-99.16094,19.42107],[-99.16089,19.42109]]}},{"type":"Feature","properties":{"c":"foot"},"geometry":{"type":"LineString","coordinates":[[-99.16089,19.42109],[-99.16073,19.42112]]}},{"type":"Feature","properties":{"c":"foot"},"geometry":{"type":"LineString","coordinates":[[-99.16073,19.42112],[-99.16057,19.42115]]}},{"type":"Feature","properties":{"c":"foot"},"geometry":{"type":"LineString","coordinates":[[-99.16092,19.42097],[-99.16087,19.42098]]}},{"type":"Feature","properties":{"c":"foot"},"geometry":{"type":"LineString","coordinates":[[-99.16087,19.42098],[-99.16071,19.42102]]}},{"type":"Feature","properties":{"c":"foot"},"geometry":{"type":"LineString","coordinates":[[-99.16071,19.42102],[-99.16056,19.42105]]}},{"type":"Feature","properties":{"c":"foot"},"geometry":{"type":"LineString","coordinates":[[-99.16055,19.4217],[-99.16054,19.42164]]}},{"type":"Feature","properties":{"c":"foot"},"geometry":{"type":"LineString","coordinates":[[-99.16054,19.42164],[-99.16048,19.42142]]}},{"type":"Feature","properties":{"c":"foot"},"geometry":{"type":"LineString","coordinates":[[-99.16048,19.42142],[-99.16044,19.42126]]}},{"type":"Feature","properties":{"c":"foot"},"geometry":{"type":"LineString","coordinates":[[-99.16034,19.42057],[-99.16035,19.42062]]}},{"type":"Feature","properties":{"c":"foot"},"geometry":{"type":"LineString","coordinates":[[-99.16035,19.42062],[-99.16039,19.4208]]}},{"type":"Feature","properties":{"c":"foot"},"geometry":{"type":"LineString","coordinates":[[-99.16039,19.4208],[-99.16043,19.42099]]}},{"type":"Feature","properties":{"c":"foot"},"geometry":{"type":"LineString","coordinates":[[-99.16038,19.421],[-99.16033,19.4208]]}},{"type":"Feature","properties":{"c":"foot"},"geometry":{"type":"LineString","coordinates":[[-99.16033,19.4208],[-99.16029,19.42063]]}},{"type":"Feature","properties":{"c":"foot"},"geometry":{"type":"LineString","coordinates":[[-99.16029,19.42063],[-99.16028,19.42058]]}},{"type":"Feature","properties":{"c":"foot"},"geometry":{"type":"LineString","coordinates":[[-99.16053,19.42122],[-99.16058,19.4214]]}},{"type":"Feature","properties":{"c":"foot"},"geometry":{"type":"LineString","coordinates":[[-99.16058,19.4214],[-99.16063,19.42162]]}},{"type":"Feature","properties":{"c":"foot"},"geometry":{"type":"LineString","coordinates":[[-99.16063,19.42162],[-99.16065,19.42168]]}},{"type":"Feature","properties":{"c":"foot"},"geometry":{"type":"LineString","coordinates":[[-99.16029,19.42111],[-99.16017,19.42114]]}},{"type":"Feature","properties":{"c":"foot"},"geometry":{"type":"LineString","coordinates":[[-99.16017,19.42114],[-99.16003,19.42118]]}},{"type":"Feature","properties":{"c":"foot"},"geometry":{"type":"LineString","coordinates":[[-99.16003,19.42118],[-99.15996,19.42119]]}},{"type":"Feature","properties":{"c":"foot"},"geometry":{"type":"LineString","coordinates":[[-99.16031,19.42118],[-99.16019,19.42121]]}},{"type":"Feature","properties":{"c":"foot"},"geometry":{"type":"LineString","coordinates":[[-99.16019,19.42121],[-99.16004,19.42124]]}},{"type":"Feature","properties":{"c":"foot"},"geometry":{"type":"LineString","coordinates":[[-99.16004,19.42124],[-99.15998,19.42125]]}},{"type":"Feature","properties":{"c":"foot"},"geometry":{"type":"LineString","coordinates":[[-99.16075,19.42053],[-99.16052,19.42058]]}},{"type":"Feature","properties":{"c":"foot"},"geometry":{"type":"LineString","coordinates":[[-99.16052,19.42058],[-99.16035,19.42062]]}},{"type":"Feature","properties":{"c":"foot"},"geometry":{"type":"LineString","coordinates":[[-99.16035,19.42062],[-99.16029,19.42063]]}},{"type":"Feature","properties":{"c":"foot"},"geometry":{"type":"LineString","coordinates":[[-99.16029,19.42063],[-99.16005,19.42068]]}},{"type":"Feature","properties":{"c":"foot"},"geometry":{"type":"LineString","coordinates":[[-99.16005,19.42068],[-99.15991,19.42071],[-99.15997,19.42095]]}},{"type":"Feature","properties":{"c":"foot"},"geometry":{"type":"LineString","coordinates":[[-99.15997,19.42095],[-99.16003,19.42118]]}},{"type":"Feature","properties":{"c":"foot"},"geometry":{"type":"LineString","coordinates":[[-99.16003,19.42118],[-99.16004,19.42124]]}},{"type":"Feature","properties":{"c":"foot"},"geometry":{"type":"LineString","coordinates":[[-99.16004,19.42124],[-99.1601,19.42147]]}},{"type":"Feature","properties":{"c":"foot"},"geometry":{"type":"LineString","coordinates":[[-99.1601,19.42147],[-99.16016,19.42172],[-99.16035,19.42168]]}},{"type":"Feature","properties":{"c":"foot"},"geometry":{"type":"LineString","coordinates":[[-99.16035,19.42168],[-99.16054,19.42164]]}},{"type":"Feature","properties":{"c":"foot"},"geometry":{"type":"LineString","coordinates":[[-99.16054,19.42164],[-99.16063,19.42162]]}},{"type":"Feature","properties":{"c":"foot"},"geometry":{"type":"LineString","coordinates":[[-99.16063,19.42162],[-99.16081,19.42158]]}},{"type":"Feature","properties":{"c":"foot"},"geometry":{"type":"LineString","coordinates":[[-99.16081,19.42158],[-99.161,19.42154],[-99.16094,19.42129]]}},{"type":"Feature","properties":{"c":"foot"},"geometry":{"type":"LineString","coordinates":[[-99.16094,19.42129],[-99.16089,19.42109]]}},{"type":"Feature","properties":{"c":"foot"},"geometry":{"type":"LineString","coordinates":[[-99.16089,19.42109],[-99.16087,19.42098]]}},{"type":"Feature","properties":{"c":"foot"},"geometry":{"type":"LineString","coordinates":[[-99.16087,19.42098],[-99.1608,19.42072]]}},{"type":"Feature","properties":{"c":"foot"},"geometry":{"type":"LineString","coordinates":[[-99.1608,19.42072],[-99.16075,19.42053]]}},{"type":"Feature","properties":{"c":"minor","n":"Calle Justo Sierra"},"geometry":{"type":"LineString","coordinates":[[-99.13172,19.43572],[-99.12961,19.43544]]}},{"type":"Feature","properties":{"c":"minor","n":"Calle Justo Sierra"},"geometry":{"type":"LineString","coordinates":[[-99.12961,19.43544],[-99.12793,19.43521],[-99.12777,19.43519],[-99.12758,19.43516]]}},{"type":"Feature","properties":{"c":"minor","n":"Calle Dolores"},"geometry":{"type":"LineString","coordinates":[[-99.14268,19.43452],[-99.14291,19.43311]]}},{"type":"Feature","properties":{"c":"foot","n":"Calle Dolores"},"geometry":{"type":"LineString","coordinates":[[-99.14291,19.43311],[-99.14297,19.43283]]}},{"type":"Feature","properties":{"c":"foot","n":"Calle Dolores"},"geometry":{"type":"LineString","coordinates":[[-99.14297,19.43283],[-99.143,19.43262]]}},{"type":"Feature","properties":{"c":"foot","n":"Calle Dolores"},"geometry":{"type":"LineString","coordinates":[[-99.143,19.43262],[-99.14304,19.43227]]}},{"type":"Feature","properties":{"c":"foot","n":"Calle Dolores"},"geometry":{"type":"LineString","coordinates":[[-99.14315,19.43146],[-99.14327,19.4306],[-99.14328,19.43053]]}},{"type":"Feature","properties":{"c":"foot"},"geometry":{"type":"LineString","coordinates":[[-99.1546,19.41499],[-99.15456,19.41498],[-99.15449,19.41498],[-99.15445,19.41497]]}},{"type":"Feature","properties":{"c":"foot"},"geometry":{"type":"LineString","coordinates":[[-99.15432,19.41981],[-99.15421,19.41981]]}},{"type":"Feature","properties":{"c":"foot"},"geometry":{"type":"LineString","coordinates":[[-99.15421,19.41981],[-99.15415,19.41981],[-99.1541,19.41981],[-99.15405,19.4198]]}},{"type":"Feature","properties":{"c":"foot","n":"Transbordo San Juan de Letrán"},"geometry":{"type":"LineString","coordinates":[[-99.14158,19.43127],[-99.14133,19.43129]]}},{"type":"Feature","properties":{"c":"minor"},"geometry":{"type":"LineString","coordinates":[[-99.16124,19.34885],[-99.16125,19.34879]]}},{"type":"Feature","properties":{"c":"foot","n":"Transbordo Intermodal MB Bellas Artes - TB"},"geometry":{"type":"LineString","coordinates":[[-99.14068,19.43634],[-99.14055,19.43632]]}},{"type":"Feature","properties":{"c":"foot","n":"Transbordo Intermodal MB Bellas Artes - TB"},"geometry":{"type":"LineString","coordinates":[[-99.14055,19.43632],[-99.14047,19.43631]]}},{"type":"Feature","properties":{"c":"foot","n":"Segundo Callejón de Dolores"},"geometry":{"type":"LineString","coordinates":[[-99.14241,19.4325],[-99.143,19.43262]]}},{"type":"Feature","properties":{"c":"foot","n":"Primer Callejón de Dolores"},"geometry":{"type":"LineString","coordinates":[[-99.14278,19.4328],[-99.14297,19.43283]]}},{"type":"Feature","properties":{"c":"foot"},"geometry":{"type":"LineString","coordinates":[[-99.14186,19.43504],[-99.14182,19.43503]]}},{"type":"Feature","properties":{"c":"foot"},"geometry":{"type":"LineString","coordinates":[[-99.14182,19.43503],[-99.14154,19.43499],[-99.14149,19.43492],[-99.14134,19.4349],[-99.1412,19.43488],[-99.14115,19.43493],[-99.14086,19.43489]]}},{"type":"Feature","properties":{"c":"foot","n":"Foro Lindbergh"},"geometry":{"type":"LineString","coordinates":[[-99.16977,19.41158],[-99.16968,19.41155],[-99.16966,19.41154],[-99.16964,19.41152],[-99.1695,19.41148],[-99.16947,19.41148],[-99.16944,19.41148],[-99.16937,19.41146],[-99.16937,19.41147]]}},{"type":"Feature","properties":{"c":"foot","n":"Foro Lindbergh"},"geometry":{"type":"LineString","coordinates":[[-99.16937,19.41147],[-99.16936,19.41148],[-99.16932,19.41153],[-99.16929,19.41156],[-99.16926,19.4116],[-99.16923,19.41164],[-99.16922,19.41167],[-99.16921,19.41168],[-99.16921,19.4117]]}},{"type":"Feature","properties":{"c":"foot","n":"Foro Lindbergh"},"geometry":{"type":"LineString","coordinates":[[-99.16921,19.4117],[-99.1692,19.41172],[-99.16919,19.41173],[-99.16918,19.41178],[-99.16918,19.41184],[-99.16919,19.4119],[-99.16921,19.41193],[-99.16922,19.41195],[-99.16929,19.41195],[-99.16935,19.41195],[-99.16942,19.41197],[-99.16949,19.41199],[-99.16955,19.41202],[-99.16959,19.41205],[-99.16961,19.41204],[-99.16964,19.41202],[-99.16968,19.41198],[-99.16972,19.41194],[-99.16974,19.41189],[-99.16974,19.41187],[-99.16975,19.41185]]}},{"type":"Feature","properties":{"c":"foot","n":"Foro Lindbergh"},"geometry":{"type":"LineString","coordinates":[[-99.16975,19.41185],[-99.16976,19.41183],[-99.16976,19.4118],[-99.16977,19.41175],[-99.16977,19.41171],[-99.16977,19.41166],[-99.16976,19.4116],[-99.16977,19.41159]]}},{"type":"Feature","properties":{"c":"foot","n":"Foro Lindbergh"},"geometry":{"type":"LineString","coordinates":[[-99.16977,19.41159],[-99.16977,19.41158]]}},{"type":"Feature","properties":{"c":"foot"},"geometry":{"type":"LineString","coordinates":[[-99.14185,19.43622],[-99.14227,19.4363]]}},{"type":"Feature","properties":{"c":"foot"},"geometry":{"type":"LineString","coordinates":[[-99.14227,19.4363],[-99.14252,19.43635]]}},{"type":"Feature","properties":{"c":"foot"},"geometry":{"type":"LineString","coordinates":[[-99.14252,19.43635],[-99.14284,19.43641]]}},{"type":"Feature","properties":{"c":"foot"},"geometry":{"type":"LineString","coordinates":[[-99.14284,19.43641],[-99.14293,19.43643]]}},{"type":"Feature","properties":{"c":"foot"},"geometry":{"type":"LineString","coordinates":[[-99.14293,19.43643],[-99.14368,19.43657]]}},{"type":"Feature","properties":{"c":"foot"},"geometry":{"type":"LineString","coordinates":[[-99.14368,19.43657],[-99.14389,19.43661]]}},{"type":"Feature","properties":{"c":"foot"},"geometry":{"type":"LineString","coordinates":[[-99.14389,19.43661],[-99.14393,19.43662]]}},{"type":"Feature","properties":{"c":"foot"},"geometry":{"type":"LineString","coordinates":[[-99.14393,19.43662],[-99.14475,19.43677],[-99.1458,19.43697]]}},{"type":"Feature","properties":{"c":"foot"},"geometry":{"type":"LineString","coordinates":[[-99.14284,19.43641],[-99.14292,19.43599]]}},{"type":"Feature","properties":{"c":"foot"},"geometry":{"type":"LineString","coordinates":[[-99.14298,19.43522],[-99.14222,19.43536]]}},{"type":"Feature","properties":{"c":"foot"},"geometry":{"type":"LineString","coordinates":[[-99.14294,19.43555],[-99.14223,19.43543]]}},{"type":"Feature","properties":{"c":"foot"},"geometry":{"type":"LineString","coordinates":[[-99.14286,19.43585],[-99.14221,19.43548]]}},{"type":"Feature","properties":{"c":"foot"},"geometry":{"type":"LineString","coordinates":[[-99.14285,19.43592],[-99.14214,19.43604]]}},{"type":"Feature","properties":{"c":"foot"},"geometry":{"type":"LineString","coordinates":[[-99.14303,19.43594],[-99.14373,19.43634]]}},{"type":"Feature","properties":{"c":"foot"},"geometry":{"type":"LineString","coordinates":[[-99.14308,19.43558],[-99.14381,19.4357]]}},{"type":"Feature","properties":{"c":"foot"},"geometry":{"type":"LineString","coordinates":[[-99.14317,19.43518],[-99.14392,19.43505]]}},{"type":"Feature","properties":{"c":"foot"},"geometry":{"type":"LineString","coordinates":[[-99.14398,19.43639],[-99.14475,19.43628]]}},{"type":"Feature","properties":{"c":"foot"},"geometry":{"type":"LineString","coordinates":[[-99.14477,19.43623],[-99.14408,19.43581]]}},{"type":"Feature","properties":{"c":"foot"},"geometry":{"type":"LineString","coordinates":[[-99.14432,19.43491],[-99.14432,19.43496],[-99.14432,19.43501],[-99.14429,19.43507],[-99.14425,19.43512]]}},{"type":"Feature","properties":{"c":"foot"},"geometry":{"type":"LineString","coordinates":[[-99.14425,19.43512],[-99.14422,19.43514],[-99.14418,19.43516],[-99.14413,19.43517],[-99.14406,19.43516]]}},{"type":"Feature","properties":{"c":"foot"},"geometry":{"type":"LineString","coordinates":[[-99.14406,19.43516],[-99.14402,19.43515],[-99.14397,19.43512],[-99.14394,19.43509],[-99.14392,19.43505]]}},{"type":"Feature","properties":{"c":"foot"},"geometry":{"type":"LineString","coordinates":[[-99.14392,19.43505],[-99.1439,19.43501],[-99.1439,19.43497],[-99.1439,19.43493],[-99.14392,19.43489],[-99.14394,19.43485]]}},{"type":"Feature","properties":{"c":"foot"},"geometry":{"type":"LineString","coordinates":[[-99.14299,19.43516],[-99.14228,19.43473]]}},{"type":"Feature","properties":{"c":"foot"},"geometry":{"type":"LineString","coordinates":[[-99.14316,19.43526],[-99.14383,19.43566]]}},{"type":"Feature","properties":{"c":"foot"},"geometry":{"type":"LineString","coordinates":[[-99.14304,19.43588],[-99.14381,19.43575]]}},{"type":"Feature","properties":{"c":"minor","n":"Avenida México"},"geometry":{"type":"LineString","coordinates":[[-99.17097,19.41051],[-99.1709,19.4105]]}},{"type":"Feature","properties":{"c":"minor","n":"Avenida México"},"geometry":{"type":"LineString","coordinates":[[-99.1709,19.4105],[-99.17078,19.41049],[-99.17069,19.41048],[-99.17051,19.41046]]}},{"type":"Feature","properties":{"c":"foot"},"geometry":{"type":"LineString","coordinates":[[-99.14381,19.43573],[-99.14381,19.4357]]}},{"type":"Feature","properties":{"c":"foot"},"geometry":{"type":"LineString","coordinates":[[-99.14381,19.4357],[-99.14383,19.43566]]}},{"type":"Feature","properties":{"c":"foot"},"geometry":{"type":"LineString","coordinates":[[-99.14383,19.43566],[-99.14385,19.43563],[-99.14389,19.4356],[-99.14394,19.43558],[-99.14399,19.43558]]}},{"type":"Feature","properties":{"c":"foot"},"geometry":{"type":"LineString","coordinates":[[-99.14399,19.43558],[-99.14402,19.43559],[-99.14405,19.43561],[-99.14408,19.43564],[-99.1441,19.43566],[-99.14411,19.43569]]}},{"type":"Feature","properties":{"c":"foot"},"geometry":{"type":"LineString","coordinates":[[-99.14411,19.43569],[-99.14411,19.43573],[-99.14411,19.43576]]}},{"type":"Feature","properties":{"c":"foot"},"geometry":{"type":"LineString","coordinates":[[-99.14411,19.43576],[-99.1441,19.43579],[-99.14408,19.43581]]}},{"type":"Feature","properties":{"c":"foot"},"geometry":{"type":"LineString","coordinates":[[-99.14408,19.43581],[-99.14406,19.43584],[-99.14403,19.43586],[-99.144,19.43587],[-99.14397,19.43587],[-99.14394,19.43587]]}},{"type":"Feature","properties":{"c":"foot"},"geometry":{"type":"LineString","coordinates":[[-99.14394,19.43587],[-99.1439,19.43586],[-99.14387,19.43584],[-99.14384,19.43582],[-99.14382,19.43578],[-99.14381,19.43575]]}},{"type":"Feature","properties":{"c":"foot"},"geometry":{"type":"LineString","coordinates":[[-99.14381,19.43575],[-99.14381,19.43573]]}},{"type":"Feature","properties":{"c":"foot"},"geometry":{"type":"LineString","coordinates":[[-99.14399,19.43558],[-99.14406,19.43516]]}},{"type":"Feature","properties":{"c":"foot"},"geometry":{"type":"LineString","coordinates":[[-99.14411,19.43576],[-99.14486,19.43588]]}},{"type":"Feature","properties":{"c":"foot"},"geometry":{"type":"LineString","coordinates":[[-99.14411,19.43569],[-99.1449,19.43555]]}},{"type":"Feature","properties":{"c":"foot"},"geometry":{"type":"LineString","coordinates":[[-99.17045,19.4116],[-99.17023,19.41154]]}},{"type":"Feature","properties":{"c":"foot"},"geometry":{"type":"LineString","coordinates":[[-99.17023,19.41154],[-99.16983,19.41142]]}},{"type":"Feature","properties":{"c":"foot"},"geometry":{"type":"LineString","coordinates":[[-99.16983,19.41142],[-99.16978,19.4114]]}},{"type":"Feature","properties":{"c":"foot"},"geometry":{"type":"LineString","coordinates":[[-99.16978,19.4114],[-99.16952,19.41133]]}},{"type":"Feature","properties":{"c":"foot"},"geometry":{"type":"LineString","coordinates":[[-99.16952,19.41133],[-99.16941,19.41129]]}},{"type":"Feature","properties":{"c":"foot"},"geometry":{"type":"LineString","coordinates":[[-99.16941,19.41129],[-99.16909,19.4112]]}},{"type":"Feature","properties":{"c":"foot"},"geometry":{"type":"LineString","coordinates":[[-99.16909,19.4112],[-99.16891,19.41115]]}},{"type":"Feature","properties":{"c":"foot"},"geometry":{"type":"LineString","coordinates":[[-99.17002,19.41211],[-99.16999,19.41228]]}},{"type":"Feature","properties":{"c":"foot"},"geometry":{"type":"LineString","coordinates":[[-99.16999,19.41228],[-99.16997,19.41241],[-99.16993,19.41254]]}},{"type":"Feature","properties":{"c":"foot"},"geometry":{"type":"LineString","coordinates":[[-99.1694,19.41301],[-99.16945,19.41307],[-99.16948,19.41314]]}},{"type":"Feature","properties":{"c":"foot"},"geometry":{"type":"LineString","coordinates":[[-99.16948,19.41314],[-99.16949,19.41321],[-99.16951,19.41329],[-99.16949,19.41339],[-99.16947,19.41349],[-99.16942,19.4136],[-99.16936,19.41369]]}},{"type":"Feature","properties":{"c":"foot"},"geometry":{"type":"LineString","coordinates":[[-99.16904,19.41385],[-99.16904,19.41389]]}},{"type":"Feature","properties":{"c":"foot"},"geometry":{"type":"LineString","coordinates":[[-99.16904,19.41389],[-99.16904,19.41394]]}},{"type":"Feature","properties":{"c":"foot"},"geometry":{"type":"LineString","coordinates":[[-99.16904,19.41394],[-99.16898,19.41395]]}},{"type":"Feature","properties":{"c":"foot"},"geometry":{"type":"LineString","coordinates":[[-99.16898,19.41395],[-99.16893,19.41395]]}},{"type":"Feature","properties":{"c":"foot"},"geometry":{"type":"LineString","coordinates":[[-99.16893,19.41395],[-99.16893,19.41389]]}},{"type":"Feature","properties":{"c":"foot"},"geometry":{"type":"LineString","coordinates":[[-99.16893,19.41389],[-99.16894,19.41384],[-99.16894,19.41383],[-99.16896,19.41382],[-99.16899,19.41382]]}},{"type":"Feature","properties":{"c":"foot"},"geometry":{"type":"LineString","coordinates":[[-99.16899,19.41382],[-99.16901,19.41382],[-99.16904,19.41383],[-99.16904,19.41385]]}},{"type":"Feature","properties":{"c":"foot"},"geometry":{"type":"LineString","coordinates":[[-99.16899,19.41382],[-99.16899,19.41356],[-99.16898,19.41349]]}},{"type":"Feature","properties":{"c":"foot"},"geometry":{"type":"LineString","coordinates":[[-99.16898,19.41349],[-99.16891,19.41335],[-99.1689,19.41331]]}},{"type":"Feature","properties":{"c":"foot"},"geometry":{"type":"LineString","coordinates":[[-99.1689,19.41331],[-99.16888,19.4133]]}},{"type":"Feature","properties":{"c":"foot"},"geometry":{"type":"LineString","coordinates":[[-99.14201,19.43603],[-99.14202,19.43601],[-99.14203,19.436],[-99.14205,19.43599],[-99.14207,19.43599],[-99.14209,19.43599],[-99.14211,19.436],[-99.14212,19.43601],[-99.14213,19.43602],[-99.14214,19.43604]]}},{"type":"Feature","properties":{"c":"foot"},"geometry":{"type":"LineString","coordinates":[[-99.14214,19.43604],[-99.14214,19.43606],[-99.14213,19.43608],[-99.14212,19.43609],[-99.1421,19.4361],[-99.14208,19.43611],[-99.14207,19.43611],[-99.14205,19.4361],[-99.14203,19.4361],[-99.14202,19.43608],[-99.14201,19.43606]]}},{"type":"Feature","properties":{"c":"foot"},"geometry":{"type":"LineString","coordinates":[[-99.14201,19.43606],[-99.14201,19.43605],[-99.14201,19.43603]]}},{"type":"Feature","properties":{"c":"foot"},"geometry":{"type":"LineString","coordinates":[[-99.14201,19.43606],[-99.14187,19.43609]]}},{"type":"Feature","properties":{"c":"foot"},"geometry":{"type":"LineString","coordinates":[[-99.14187,19.43609],[-99.14176,19.43608]]}},{"type":"Feature","properties":{"c":"foot"},"geometry":{"type":"LineString","coordinates":[[-99.14176,19.43608],[-99.14169,19.43607]]}},{"type":"Feature","properties":{"c":"minor","n":"Calle Citlaltépetl"},"geometry":{"type":"LineString","coordinates":[[-99.17126,19.40974],[-99.171,19.41032]]}},{"type":"Feature","properties":{"c":"minor","n":"Calle Citlaltépetl"},"geometry":{"type":"LineString","coordinates":[[-99.171,19.41032],[-99.17096,19.4104],[-99.1709,19.4105]]}},{"type":"Feature","properties":{"c":"minor","n":"Calle Citlaltépetl"},"geometry":{"type":"LineString","coordinates":[[-99.17097,19.41051],[-99.17106,19.41034]]}},{"type":"Feature","properties":{"c":"minor","n":"Calle Citlaltépetl"},"geometry":{"type":"LineString","coordinates":[[-99.17106,19.41034],[-99.17131,19.40976]]}},{"type":"Feature","properties":{"c":"foot"},"geometry":{"type":"LineString","coordinates":[[-99.17038,19.4107],[-99.17034,19.41068],[-99.17027,19.41062],[-99.17015,19.41057],[-99.16997,19.41058],[-99.1698,19.4106],[-99.16965,19.41065],[-99.16946,19.41073]]}},{"type":"Feature","properties":{"c":"foot"},"geometry":{"type":"LineString","coordinates":[[-99.16946,19.41073],[-99.16938,19.4108],[-99.16935,19.41086]]}},{"type":"Feature","properties":{"c":"foot"},"geometry":{"type":"LineString","coordinates":[[-99.16935,19.41086],[-99.16924,19.411],[-99.16917,19.4111]]}},{"type":"Feature","properties":{"c":"minor","n":"Calle Liverpool"},"geometry":{"type":"LineString","coordinates":[[-99.16452,19.42412],[-99.16566,19.42359],[-99.1657,19.42357],[-99.16579,19.42353]]}},{"type":"Feature","properties":{"c":"minor","n":"Calle Puebla"},"geometry":{"type":"LineString","coordinates":[[-99.16333,19.4222],[-99.16346,19.42221]]}},{"type":"Feature","properties":{"c":"major","n":"Avenida Insurgentes Sur"},"geometry":{"type":"LineString","coordinates":[[-99.16333,19.4222],[-99.16323,19.42254]]}},{"type":"Feature","properties":{"c":"minor","n":"Calle Puebla"},"geometry":{"type":"LineString","coordinates":[[-99.16083,19.42274],[-99.1609,19.42272]]}},{"type":"Feature","properties":{"c":"minor","n":"Calle Puebla"},"geometry":{"type":"LineString","coordinates":[[-99.1609,19.42272],[-99.16186,19.42251]]}},{"type":"Feature","properties":{"c":"minor","n":"Calle Puebla"},"geometry":{"type":"LineString","coordinates":[[-99.16186,19.42251],[-99.16225,19.42242]]}},{"type":"Feature","properties":{"c":"minor","n":"Calle Puebla"},"geometry":{"type":"LineString","coordinates":[[-99.16225,19.42242],[-99.16295,19.42227]]}},{"type":"Feature","properties":{"c":"minor","n":"Calle Puebla"},"geometry":{"type":"LineString","coordinates":[[-99.16295,19.42227],[-99.16328,19.42219],[-99.16333,19.4222]]}},{"type":"Feature","properties":{"c":"major","n":"Avenida Insurgentes Sur"},"geometry":{"type":"LineString","coordinates":[[-99.16401,19.42031],[-99.16432,19.4193]]}},{"type":"Feature","properties":{"c":"minor","n":"Calle Durango"},"geometry":{"type":"LineString","coordinates":[[-99.16387,19.42034],[-99.16358,19.42041]]}},{"type":"Feature","properties":{"c":"minor","n":"Calle Durango"},"geometry":{"type":"LineString","coordinates":[[-99.16358,19.42041],[-99.16323,19.42049]]}},{"type":"Feature","properties":{"c":"minor","n":"Calle Durango"},"geometry":{"type":"LineString","coordinates":[[-99.16401,19.42031],[-99.16387,19.42034]]}},{"type":"Feature","properties":{"c":"major","n":"Avenida Insurgentes Sur"},"geometry":{"type":"LineString","coordinates":[[-99.16429,19.41892],[-99.16399,19.41994]]}},{"type":"Feature","properties":{"c":"major","n":"Avenida Insurgentes Sur"},"geometry":{"type":"LineString","coordinates":[[-99.16459,19.41838],[-99.16466,19.41814]]}},{"type":"Feature","properties":{"c":"major","n":"Avenida Insurgentes Sur"},"geometry":{"type":"LineString","coordinates":[[-99.16466,19.41814],[-99.16477,19.41776]]}},{"type":"Feature","properties":{"c":"major","n":"Avenida Monterrey"},"geometry":{"type":"LineString","coordinates":[[-99.16441,19.41855],[-99.16447,19.41878]]}},{"type":"Feature","properties":{"c":"major","n":"Avenida Monterrey"},"geometry":{"type":"LineString","coordinates":[[-99.16431,19.41821],[-99.16433,19.41828]]}},{"type":"Feature","properties":{"c":"major","n":"Avenida Monterrey"},"geometry":{"type":"LineString","coordinates":[[-99.16433,19.41828],[-99.16441,19.41855]]}},{"type":"Feature","properties":{"c":"major","n":"Avenida Álvaro Obregón"},"geometry":{"type":"LineString","coordinates":[[-99.16488,19.4174],[-99.16588,19.41719]]}},{"type":"Feature","properties":{"c":"major","n":"Avenida Álvaro Obregón"},"geometry":{"type":"LineString","coordinates":[[-99.16588,19.41719],[-99.16724,19.41691]]}},{"type":"Feature","properties":{"c":"major","n":"Avenida Álvaro Obregón"},"geometry":{"type":"LineString","coordinates":[[-99.16724,19.41691],[-99.16735,19.41689],[-99.16742,19.4169],[-99.16747,19.41692]]}},{"type":"Feature","properties":{"c":"major","n":"Avenida Insurgentes Sur"},"geometry":{"type":"LineString","coordinates":[[-99.16488,19.4174],[-99.16494,19.41718]]}},{"type":"Feature","properties":{"c":"major","n":"Avenida Insurgentes Sur"},"geometry":{"type":"LineString","coordinates":[[-99.16547,19.41558],[-99.16554,19.41534]]}},{"type":"Feature","properties":{"c":"minor","n":"Calle Popocatépetl"},"geometry":{"type":"LineString","coordinates":[[-99.16554,19.41534],[-99.16541,19.41522]]}},{"type":"Feature","properties":{"c":"major","n":"Avenida Insurgentes Sur"},"geometry":{"type":"LineString","coordinates":[[-99.16554,19.41534],[-99.16557,19.41526]]}},{"type":"Feature","properties":{"c":"major","n":"Avenida Insurgentes Sur"},"geometry":{"type":"LineString","coordinates":[[-99.16557,19.41526],[-99.1656,19.41517]]}},{"type":"Feature","properties":{"c":"major","n":"Avenida Insurgentes Sur"},"geometry":{"type":"LineString","coordinates":[[-99.1656,19.41517],[-99.16565,19.41502],[-99.16588,19.4143]]}},{"type":"Feature","properties":{"c":"major","n":"Avenida Insurgentes Sur"},"geometry":{"type":"LineString","coordinates":[[-99.16518,19.41642],[-99.16529,19.4161]]}},{"type":"Feature","properties":{"c":"major","n":"Avenida Medellín"},"geometry":{"type":"LineString","coordinates":[[-99.16529,19.41472],[-99.16525,19.41457]]}},{"type":"Feature","properties":{"c":"major","n":"Avenida Medellín"},"geometry":{"type":"LineString","coordinates":[[-99.16525,19.41457],[-99.16508,19.41389]]}},{"type":"Feature","properties":{"c":"major","n":"Avenida Medellín"},"geometry":{"type":"LineString","coordinates":[[-99.16508,19.41389],[-99.16488,19.41307]]}},{"type":"Feature","properties":{"c":"major","n":"Avenida Medellín"},"geometry":{"type":"LineString","coordinates":[[-99.16488,19.41307],[-99.1647,19.41236]]}},{"type":"Feature","properties":{"c":"major","n":"Avenida Medellín"},"geometry":{"type":"LineString","coordinates":[[-99.1647,19.41236],[-99.1646,19.41199]]}},{"type":"Feature","properties":{"c":"major","n":"Avenida Yucatán"},"geometry":{"type":"LineString","coordinates":[[-99.16566,19.4157],[-99.16561,19.41567],[-99.16553,19.41562]]}},{"type":"Feature","properties":{"c":"major","n":"Avenida Yucatán"},"geometry":{"type":"LineString","coordinates":[[-99.16553,19.41562],[-99.16549,19.4156],[-99.16547,19.41558]]}},{"type":"Feature","properties":{"c":"major","n":"Avenida Yucatán"},"geometry":{"type":"LineString","coordinates":[[-99.16433,19.41491],[-99.16384,19.41461]]}},{"type":"Feature","properties":{"c":"major","n":"Avenida Insurgentes Sur"},"geometry":{"type":"LineString","coordinates":[[-99.16621,19.41281],[-99.16618,19.4129]]}},{"type":"Feature","properties":{"c":"major","n":"Avenida Insurgentes Sur"},"geometry":{"type":"LineString","coordinates":[[-99.16618,19.4129],[-99.1659,19.41373]]}},{"type":"Feature","properties":{"c":"major","n":"Avenida Insurgentes Sur"},"geometry":{"type":"LineString","coordinates":[[-99.1659,19.41373],[-99.1656,19.41466]]}},{"type":"Feature","properties":{"c":"major","n":"Avenida Insurgentes Sur"},"geometry":{"type":"LineString","coordinates":[[-99.16639,19.41274],[-99.16642,19.41265]]}},{"type":"Feature","properties":{"c":"major","n":"Avenida Insurgentes Sur"},"geometry":{"type":"LineString","coordinates":[[-99.16642,19.41265],[-99.16674,19.4116]]}},{"type":"Feature","properties":{"c":"major","n":"Avenida Insurgentes Sur"},"geometry":{"type":"LineString","coordinates":[[-99.16674,19.4116],[-99.16694,19.411]]}},{"type":"Feature","properties":{"c":"major","n":"Avenida Insurgentes Sur"},"geometry":{"type":"LineString","coordinates":[[-99.16695,19.41052],[-99.16693,19.41058]]}},{"type":"Feature","properties":{"c":"major","n":"Avenida Insurgentes Sur"},"geometry":{"type":"LineString","coordinates":[[-99.16693,19.41058],[-99.1666,19.41159]]}},{"type":"Feature","properties":{"c":"major","n":"Avenida Insurgentes Sur"},"geometry":{"type":"LineString","coordinates":[[-99.1666,19.41159],[-99.16639,19.41225]]}},{"type":"Feature","properties":{"c":"major","n":"Avenida Insurgentes Sur"},"geometry":{"type":"LineString","coordinates":[[-99.16639,19.41225],[-99.16636,19.41235]]}},{"type":"Feature","properties":{"c":"major","n":"Avenida Insurgentes Sur"},"geometry":{"type":"LineString","coordinates":[[-99.16751,19.40925],[-99.16755,19.40915]]}},{"type":"Feature","properties":{"c":"major","n":"Avenida Insurgentes Sur"},"geometry":{"type":"LineString","coordinates":[[-99.16755,19.40915],[-99.16762,19.40891]]}},{"type":"Feature","properties":{"c":"major","n":"Avenida Insurgentes Sur"},"geometry":{"type":"LineString","coordinates":[[-99.16762,19.40891],[-99.16765,19.40884]]}},{"type":"Feature","properties":{"c":"major","n":"Avenida Insurgentes Sur"},"geometry":{"type":"LineString","coordinates":[[-99.16765,19.40884],[-99.1677,19.40867]]}},{"type":"Feature","properties":{"c":"minor","n":"Calle Campeche"},"geometry":{"type":"LineString","coordinates":[[-99.16751,19.40925],[-99.16735,19.40931]]}},{"type":"Feature","properties":{"c":"minor","n":"Calle Campeche"},"geometry":{"type":"LineString","coordinates":[[-99.16718,19.40937],[-99.16668,19.40946]]}},{"type":"Feature","properties":{"c":"minor","n":"Calle Campeche"},"geometry":{"type":"LineString","coordinates":[[-99.16668,19.40946],[-99.16629,19.40954]]}},{"type":"Feature","properties":{"c":"minor","n":"Calle Campeche"},"geometry":{"type":"LineString","coordinates":[[-99.16629,19.40954],[-99.16572,19.40965]]}},{"type":"Feature","properties":{"c":"minor","n":"Calle Campeche"},"geometry":{"type":"LineString","coordinates":[[-99.16572,19.40965],[-99.16411,19.40995]]}},{"type":"Feature","properties":{"c":"minor","n":"Calle Campeche"},"geometry":{"type":"LineString","coordinates":[[-99.16411,19.40995],[-99.16397,19.40998]]}},{"type":"Feature","properties":{"c":"minor","n":"Calle Campeche"},"geometry":{"type":"LineString","coordinates":[[-99.16397,19.40998],[-99.16238,19.41028]]}},{"type":"Feature","properties":{"c":"minor","n":"Calle Campeche"},"geometry":{"type":"LineString","coordinates":[[-99.16238,19.41028],[-99.16225,19.4103]]}},{"type":"Feature","properties":{"c":"minor","n":"Calle Campeche"},"geometry":{"type":"LineString","coordinates":[[-99.16225,19.4103],[-99.16077,19.41062]]}},{"type":"Feature","properties":{"c":"minor","n":"Calle Campeche"},"geometry":{"type":"LineString","coordinates":[[-99.16077,19.41062],[-99.15977,19.41082]]}},{"type":"Feature","properties":{"c":"minor","n":"Calle Tlacotalpan"},"geometry":{"type":"LineString","coordinates":[[-99.16718,19.40937],[-99.16695,19.40836]]}},{"type":"Feature","properties":{"c":"minor","n":"Calle Tlacotalpan"},"geometry":{"type":"LineString","coordinates":[[-99.16695,19.40836],[-99.16671,19.40732],[-99.16661,19.4069],[-99.16647,19.40633],[-99.16638,19.406],[-99.1662,19.40525],[-99.16596,19.4043],[-99.16572,19.40328],[-99.1653,19.4016]]}},{"type":"Feature","properties":{"c":"major","n":"Avenida Insurgentes Sur"},"geometry":{"type":"LineString","coordinates":[[-99.16735,19.40931],[-99.16732,19.40939]]}},{"type":"Feature","properties":{"c":"major","n":"Avenida Insurgentes Sur"},"geometry":{"type":"LineString","coordinates":[[-99.16732,19.40939],[-99.16711,19.41005]]}},{"type":"Feature","properties":{"c":"minor","n":"Calle Aguascalientes"},"geometry":{"type":"LineString","coordinates":[[-99.16787,19.40817],[-99.16791,19.40816],[-99.16799,19.40815]]}},{"type":"Feature","properties":{"c":"minor","n":"Calle Aguascalientes"},"geometry":{"type":"LineString","coordinates":[[-99.16799,19.40815],[-99.16972,19.40781]]}},{"type":"Feature","properties":{"c":"minor","n":"Calle Aguascalientes"},"geometry":{"type":"LineString","coordinates":[[-99.16972,19.40781],[-99.17109,19.40754]]}},{"type":"Feature","properties":{"c":"minor","n":"Calle Aguascalientes"},"geometry":{"type":"LineString","coordinates":[[-99.17109,19.40754],[-99.17204,19.40736],[-99.17222,19.40732],[-99.17238,19.40729],[-99.17319,19.40713],[-99.17344,19.40713]]}},{"type":"Feature","properties":{"c":"major","n":"Avenida Insurgentes Sur"},"geometry":{"type":"LineString","coordinates":[[-99.16787,19.40817],[-99.16789,19.4081]]}},{"type":"Feature","properties":{"c":"major","n":"Avenida Insurgentes Sur"},"geometry":{"type":"LineString","coordinates":[[-99.16789,19.4081],[-99.1681,19.40744]]}},{"type":"Feature","properties":{"c":"major","n":"Avenida Cuauhtémoc"},"geometry":{"type":"LineString","coordinates":[[-99.15386,19.42429],[-99.15392,19.42353]]}},{"type":"Feature","properties":{"c":"major","n":"Avenida Cuauhtémoc"},"geometry":{"type":"LineString","coordinates":[[-99.15392,19.42353],[-99.154,19.42257]]}},{"type":"Feature","properties":{"c":"major","n":"Avenida Cuauhtémoc"},"geometry":{"type":"LineString","coordinates":[[-99.154,19.42257],[-99.15407,19.42178]]}},{"type":"Feature","properties":{"c":"major","n":"Avenida Cuauhtémoc"},"geometry":{"type":"LineString","coordinates":[[-99.15407,19.42178],[-99.15411,19.42124]]}},{"type":"Feature","properties":{"c":"minor","n":"Calle Doctor C. Liceaga"},"geometry":{"type":"LineString","coordinates":[[-99.15387,19.42255],[-99.15304,19.42246]]}},{"type":"Feature","properties":{"c":"minor","n":"Calle Doctor C. Liceaga"},"geometry":{"type":"LineString","coordinates":[[-99.15304,19.42246],[-99.15181,19.42236],[-99.15109,19.42228],[-99.14999,19.42218],[-99.14993,19.42217],[-99.1499,19.42217]]}},{"type":"Feature","properties":{"c":"major","n":"Avenida Cuauhtémoc"},"geometry":{"type":"LineString","coordinates":[[-99.15387,19.42255],[-99.15372,19.42427]]}},{"type":"Feature","properties":{"c":"major","n":"Avenida Cuauhtémoc"},"geometry":{"type":"LineString","coordinates":[[-99.15411,19.42124],[-99.15416,19.42052]]}},{"type":"Feature","properties":{"c":"major","n":"Avenida Cuauhtémoc"},"geometry":{"type":"LineString","coordinates":[[-99.15416,19.42052],[-99.15421,19.41981]]}},{"type":"Feature","properties":{"c":"major","n":"Avenida Cuauhtémoc"},"geometry":{"type":"LineString","coordinates":[[-99.15421,19.41981],[-99.15421,19.41974]]}},{"type":"Feature","properties":{"c":"minor","n":"Calle Doctor J. Navarro"},"geometry":{"type":"LineString","coordinates":[[-99.15397,19.42125],[-99.15315,19.42115]]}},{"type":"Feature","properties":{"c":"major","n":"Avenida Cuauhtémoc"},"geometry":{"type":"LineString","coordinates":[[-99.15397,19.42125],[-99.15392,19.42199],[-99.15387,19.42255]]}},{"type":"Feature","properties":{"c":"major","n":"Avenida Cuauhtémoc"},"geometry":{"type":"LineString","coordinates":[[-99.15431,19.41856],[-99.15437,19.41784]]}},{"type":"Feature","properties":{"c":"minor","n":"Calle Doctor Ignacio Erazo"},"geometry":{"type":"LineString","coordinates":[[-99.15417,19.4186],[-99.15399,19.41859]]}},{"type":"Feature","properties":{"c":"minor","n":"Calle Doctor Ignacio Erazo"},"geometry":{"type":"LineString","coordinates":[[-99.15399,19.41859],[-99.15335,19.41854]]}},{"type":"Feature","properties":{"c":"minor","n":"Calle Doctor Ignacio Erazo"},"geometry":{"type":"LineString","coordinates":[[-99.15335,19.41854],[-99.15242,19.41846],[-99.15059,19.41832],[-99.15054,19.41831],[-99.15049,19.41831],[-99.1491,19.41819],[-99.14776,19.41809]]}},{"type":"Feature","properties":{"c":"major","n":"Avenida Cuauhtémoc"},"geometry":{"type":"LineString","coordinates":[[-99.15408,19.41973],[-99.15405,19.4198]]}},{"type":"Feature","properties":{"c":"major","n":"Avenida Cuauhtémoc"},"geometry":{"type":"LineString","coordinates":[[-99.15405,19.4198],[-99.15397,19.42125]]}},{"type":"Feature","properties":{"c":"major","n":"Avenida Cuauhtémoc"},"geometry":{"type":"LineString","coordinates":[[-99.15423,19.41783],[-99.15418,19.41841]]}},{"type":"Feature","properties":{"c":"major","n":"Avenida Cuauhtémoc"},"geometry":{"type":"LineString","coordinates":[[-99.15418,19.41841],[-99.15417,19.4186]]}},{"type":"Feature","properties":{"c":"minor","n":"Calle Guanajuato"},"geometry":{"type":"LineString","coordinates":[[-99.15423,19.41783],[-99.15427,19.41784],[-99.15437,19.41784]]}},{"type":"Feature","properties":{"c":"major","n":"Avenida Cuauhtémoc"},"geometry":{"type":"LineString","coordinates":[[-99.15437,19.41784],[-99.15438,19.41768],[-99.15444,19.41686]]}},{"type":"Feature","properties":{"c":"major","n":"Avenida Cuauhtémoc"},"geometry":{"type":"LineString","coordinates":[[-99.15444,19.41686],[-99.1545,19.41608]]}},{"type":"Feature","properties":{"c":"major","n":"Avenida Cuauhtémoc"},"geometry":{"type":"LineString","coordinates":[[-99.1545,19.41608],[-99.15451,19.41596]]}},{"type":"Feature","properties":{"c":"minor","n":"Calle Doctor Salvador García Diego"},"geometry":{"type":"LineString","coordinates":[[-99.1543,19.41686],[-99.15351,19.4168]]}},{"type":"Feature","properties":{"c":"minor","n":"Calle Doctor Salvador García Diego"},"geometry":{"type":"LineString","coordinates":[[-99.15351,19.4168],[-99.15266,19.41673],[-99.15077,19.41657],[-99.14945,19.41645],[-99.14808,19.41636]]}},{"type":"Feature","properties":{"c":"major","n":"Avenida Cuauhtémoc"},"geometry":{"type":"LineString","coordinates":[[-99.1543,19.41686],[-99.15423,19.41783]]}},{"type":"Feature","properties":{"c":"major","n":"Avenida Cuauhtémoc"},"geometry":{"type":"LineString","coordinates":[[-99.15451,19.41596],[-99.15453,19.41572]]}},{"type":"Feature","properties":{"c":"major","n":"Avenida Cuauhtémoc"},"geometry":{"type":"LineString","coordinates":[[-99.15453,19.41572],[-99.15454,19.41558]]}},{"type":"Feature","properties":{"c":"major","n":"Avenida Cuauhtémoc"},"geometry":{"type":"LineString","coordinates":[[-99.15454,19.41558],[-99.15456,19.41546]]}},{"type":"Feature","properties":{"c":"major","n":"Avenida Cuauhtémoc"},"geometry":{"type":"LineString","coordinates":[[-99.15456,19.41546],[-99.15459,19.41515]]}},{"type":"Feature","properties":{"c":"major","n":"Avenida Cuauhtémoc"},"geometry":{"type":"LineString","coordinates":[[-99.15459,19.41515],[-99.1546,19.41507]]}},{"type":"Feature","properties":{"c":"major","n":"Calle Doctor Olvera"},"geometry":{"type":"LineString","coordinates":[[-99.15437,19.41597],[-99.15393,19.41594]]}},{"type":"Feature","properties":{"c":"major","n":"Avenida Cuauhtémoc"},"geometry":{"type":"LineString","coordinates":[[-99.1546,19.41507],[-99.1546,19.41499]]}},{"type":"Feature","properties":{"c":"major","n":"Avenida Cuauhtémoc"},"geometry":{"type":"LineString","coordinates":[[-99.1546,19.41499],[-99.15467,19.41425]]}},{"type":"Feature","properties":{"c":"major","n":"Avenida Cuauhtémoc"},"geometry":{"type":"LineString","coordinates":[[-99.15467,19.41425],[-99.15469,19.41392]]}},{"type":"Feature","properties":{"c":"major","n":"Avenida Cuauhtémoc"},"geometry":{"type":"LineString","coordinates":[[-99.15444,19.41506],[-99.15444,19.41515]]}},{"type":"Feature","properties":{"c":"major","n":"Avenida Cuauhtémoc"},"geometry":{"type":"LineString","coordinates":[[-99.15444,19.41515],[-99.15437,19.41597]]}},{"type":"Feature","properties":{"c":"major","n":"Avenida Cuauhtémoc"},"geometry":{"type":"LineString","coordinates":[[-99.15469,19.41392],[-99.15473,19.41342]]}},{"type":"Feature","properties":{"c":"major","n":"Avenida Cuauhtémoc"},"geometry":{"type":"LineString","coordinates":[[-99.15473,19.41342],[-99.15478,19.41287]]}},{"type":"Feature","properties":{"c":"minor","n":"Calle Doctor Federico de P. Caral"},"geometry":{"type":"LineString","coordinates":[[-99.15453,19.41392],[-99.15382,19.41389]]}},{"type":"Feature","properties":{"c":"major","n":"Avenida Cuauhtémoc"},"geometry":{"type":"LineString","coordinates":[[-99.15453,19.41392],[-99.15445,19.41497]]}},{"type":"Feature","properties":{"c":"major","n":"Avenida Cuauhtémoc"},"geometry":{"type":"LineString","coordinates":[[-99.15445,19.41497],[-99.15444,19.41506]]}},{"type":"Feature","properties":{"c":"major","n":"Doctor Pasteur"},"geometry":{"type":"LineString","coordinates":[[-99.15462,19.41301],[-99.15467,19.41297],[-99.15478,19.41287]]}},{"type":"Feature","properties":{"c":"major","n":"Avenida Cuauhtémoc"},"geometry":{"type":"LineString","coordinates":[[-99.15462,19.41301],[-99.15458,19.4135],[-99.15453,19.41392]]}},{"type":"Feature","properties":{"c":"major","n":"Avenida Cuauhtémoc"},"geometry":{"type":"LineString","coordinates":[[-99.15478,19.41287],[-99.15481,19.4124]]}},{"type":"Feature","properties":{"c":"major","n":"Avenida Cuauhtémoc"},"geometry":{"type":"LineString","coordinates":[[-99.15481,19.4124],[-99.15486,19.41179]]}},{"type":"Feature","properties":{"c":"major","n":"Avenida Cuauhtémoc"},"geometry":{"type":"LineString","coordinates":[[-99.15495,19.4108],[-99.15497,19.41046],[-99.1552,19.40748],[-99.15526,19.40675],[-99.15526,19.40671],[-99.15526,19.40657]]}},{"type":"Feature","properties":{"c":"major","n":"Avenida Cuauhtémoc"},"geometry":{"type":"LineString","coordinates":[[-99.15472,19.41179],[-99.15465,19.41269]]}},{"type":"Feature","properties":{"c":"major","n":"Avenida Cuauhtémoc"},"geometry":{"type":"LineString","coordinates":[[-99.15465,19.41269],[-99.15462,19.41301]]}},{"type":"Feature","properties":{"c":"major","n":"Avenida Cuauhtémoc"},"geometry":{"type":"LineString","coordinates":[[-99.1551,19.40656],[-99.15509,19.40671],[-99.15498,19.40838],[-99.15498,19.40847]]}},{"type":"Feature","properties":{"c":"major","n":"Avenida Cuauhtémoc"},"geometry":{"type":"LineString","coordinates":[[-99.15498,19.40847],[-99.15482,19.41049]]}},{"type":"Feature","properties":{"c":"major","n":"Avenida Cuauhtémoc"},"geometry":{"type":"LineString","coordinates":[[-99.15482,19.41049],[-99.15481,19.41061]]}},{"type":"Feature","properties":{"c":"major","n":"Avenida Cuauhtémoc"},"geometry":{"type":"LineString","coordinates":[[-99.15481,19.41061],[-99.15474,19.41148]]}},{"type":"Feature","properties":{"c":"minor","n":"Calle Doctor José Pablo Martínez del Río"},"geometry":{"type":"LineString","coordinates":[[-99.14791,19.41727],[-99.14926,19.41739],[-99.1506,19.41751],[-99.15064,19.41752],[-99.15069,19.41753],[-99.15253,19.41769],[-99.15423,19.41783]]}},{"type":"Feature","properties":{"c":"major","n":"Avenida Nuevo León"},"geometry":{"type":"LineString","coordinates":[[-99.17219,19.41171],[-99.17202,19.41207],[-99.17185,19.41243],[-99.17154,19.41312]]}},{"type":"Feature","properties":{"c":"major","n":"Avenida Nuevo León"},"geometry":{"type":"LineString","coordinates":[[-99.17154,19.41312],[-99.17153,19.41314]]}},{"type":"Feature","properties":{"c":"minor","n":"Calle Citlaltépetl"},"geometry":{"type":"LineString","coordinates":[[-99.1715,19.40934],[-99.17191,19.40835]]}},{"type":"Feature","properties":{"c":"minor","n":"Calle Citlaltépetl"},"geometry":{"type":"LineString","coordinates":[[-99.17191,19.40835],[-99.17205,19.40798],[-99.17216,19.40772]]}},{"type":"Feature","properties":{"c":"foot"},"geometry":{"type":"LineString","coordinates":[[-99.14357,19.43309],[-99.14359,19.43309],[-99.14359,19.43308],[-99.1436,19.43308]]}},{"type":"Feature","properties":{"c":"foot"},"geometry":{"type":"LineString","coordinates":[[-99.1436,19.43308],[-99.14361,19.43307],[-99.14361,19.43306],[-99.14361,19.43305],[-99.1436,19.43304],[-99.1436,19.43303],[-99.14359,19.43303],[-99.14358,19.43303],[-99.14357,19.43303],[-99.14356,19.43304],[-99.14355,19.43304],[-99.14355,19.43305],[-99.14355,19.43306],[-99.14355,19.43307]]}},{"type":"Feature","properties":{"c":"foot"},"geometry":{"type":"LineString","coordinates":[[-99.14355,19.43307],[-99.14356,19.43308],[-99.14357,19.43309]]}},{"type":"Feature","properties":{"c":"foot"},"geometry":{"type":"LineString","coordinates":[[-99.1436,19.43308],[-99.14365,19.43323]]}},{"type":"Feature","properties":{"c":"foot"},"geometry":{"type":"LineString","coordinates":[[-99.14355,19.43307],[-99.14346,19.4332]]}},{"type":"Feature","properties":{"c":"foot"},"geometry":{"type":"LineString","coordinates":[[-99.16203,19.34919],[-99.16193,19.34955]]}},{"type":"Feature","properties":{"c":"foot"},"geometry":{"type":"LineString","coordinates":[[-99.16193,19.34955],[-99.16187,19.34978]]}},{"type":"Feature","properties":{"c":"foot"},"geometry":{"type":"LineString","coordinates":[[-99.16187,19.34978],[-99.16181,19.35002]]}},{"type":"Feature","properties":{"c":"foot"},"geometry":{"type":"LineString","coordinates":[[-99.16263,19.35022],[-99.1627,19.34998]]}},{"type":"Feature","properties":{"c":"foot"},"geometry":{"type":"LineString","coordinates":[[-99.1627,19.34998],[-99.16276,19.34975]]}},{"type":"Feature","properties":{"c":"foot"},"geometry":{"type":"LineString","coordinates":[[-99.16276,19.34975],[-99.16286,19.34939]]}},{"type":"Feature","properties":{"c":"foot"},"geometry":{"type":"LineString","coordinates":[[-99.16234,19.34995],[-99.16234,19.34996]]}},{"type":"Feature","properties":{"c":"foot"},"geometry":{"type":"LineString","coordinates":[[-99.16215,19.34955],[-99.16225,19.34924]]}},{"type":"Feature","properties":{"c":"foot"},"geometry":{"type":"LineString","coordinates":[[-99.16239,19.3498],[-99.16242,19.34967]]}},{"type":"Feature","properties":{"c":"foot"},"geometry":{"type":"LineString","coordinates":[[-99.16242,19.34967],[-99.16253,19.34931]]}},{"type":"Feature","properties":{"c":"foot","n":"Andador Jardín Plaza Hidalgo"},"geometry":{"type":"LineString","coordinates":[[-99.16413,19.34971],[-99.16375,19.34961]]}},{"type":"Feature","properties":{"c":"foot","n":"Andador Jardín Plaza Hidalgo"},"geometry":{"type":"LineString","coordinates":[[-99.16375,19.34961],[-99.16342,19.34953]]}},{"type":"Feature","properties":{"c":"foot","n":"Andador Jardín Plaza Hidalgo"},"geometry":{"type":"LineString","coordinates":[[-99.16342,19.34953],[-99.1631,19.34945],[-99.16307,19.34944]]}},{"type":"Feature","properties":{"c":"foot","n":"Andador Jardín Plaza Hidalgo"},"geometry":{"type":"LineString","coordinates":[[-99.16307,19.34944],[-99.163,19.34943],[-99.16286,19.34939]]}},{"type":"Feature","properties":{"c":"foot","n":"Andador Jardín Plaza Hidalgo"},"geometry":{"type":"LineString","coordinates":[[-99.16286,19.34939],[-99.16263,19.34934]]}},{"type":"Feature","properties":{"c":"foot","n":"Andador Jardín Plaza Hidalgo"},"geometry":{"type":"LineString","coordinates":[[-99.16263,19.34934],[-99.16253,19.34931]]}},{"type":"Feature","properties":{"c":"foot","n":"Andador Jardín Plaza Hidalgo"},"geometry":{"type":"LineString","coordinates":[[-99.16253,19.34931],[-99.16225,19.34924]]}},{"type":"Feature","properties":{"c":"foot","n":"Andador Jardín Plaza Hidalgo"},"geometry":{"type":"LineString","coordinates":[[-99.16225,19.34924],[-99.16203,19.34919]]}},{"type":"Feature","properties":{"c":"foot","n":"Andador Jardín Plaza Hidalgo"},"geometry":{"type":"LineString","coordinates":[[-99.16203,19.34919],[-99.16184,19.34914]]}},{"type":"Feature","properties":{"c":"foot"},"geometry":{"type":"LineString","coordinates":[[-99.1622,19.34962],[-99.16242,19.34967]]}},{"type":"Feature","properties":{"c":"foot"},"geometry":{"type":"LineString","coordinates":[[-99.16242,19.34967],[-99.16276,19.34975]]}},{"type":"Feature","properties":{"c":"foot"},"geometry":{"type":"LineString","coordinates":[[-99.16276,19.34975],[-99.1629,19.34978],[-99.16295,19.3498]]}},{"type":"Feature","properties":{"c":"foot"},"geometry":{"type":"LineString","coordinates":[[-99.16193,19.34955],[-99.1621,19.34959]]}},{"type":"Feature","properties":{"c":"foot"},"geometry":{"type":"LineString","coordinates":[[-99.1622,19.34958],[-99.16219,19.34956],[-99.16217,19.34955],[-99.16215,19.34955]]}},{"type":"Feature","properties":{"c":"foot"},"geometry":{"type":"LineString","coordinates":[[-99.16215,19.34955],[-99.16213,19.34955],[-99.16211,19.34956],[-99.1621,19.34958],[-99.1621,19.34959]]}},{"type":"Feature","properties":{"c":"foot"},"geometry":{"type":"LineString","coordinates":[[-99.1621,19.34959],[-99.1621,19.3496],[-99.1621,19.34962],[-99.16212,19.34964],[-99.16214,19.34965],[-99.16216,19.34965],[-99.16218,19.34964],[-99.16219,19.34963],[-99.1622,19.34962]]}},{"type":"Feature","properties":{"c":"foot"},"geometry":{"type":"LineString","coordinates":[[-99.1622,19.34962],[-99.1622,19.3496],[-99.1622,19.34958]]}},{"type":"Feature","properties":{"c":"foot"},"geometry":{"type":"LineString","coordinates":[[-99.16246,19.34992],[-99.1627,19.34998]]}},{"type":"Feature","properties":{"c":"foot"},"geometry":{"type":"LineString","coordinates":[[-99.1627,19.34998],[-99.16283,19.35001],[-99.16289,19.35002]]}},{"type":"Feature","properties":{"c":"foot"},"geometry":{"type":"LineString","coordinates":[[-99.1618,19.34977],[-99.16185,19.34978],[-99.16187,19.34978]]}},{"type":"Feature","properties":{"c":"foot"},"geometry":{"type":"LineString","coordinates":[[-99.16187,19.34978],[-99.16226,19.34987]]}},{"type":"Feature","properties":{"c":"foot","n":"Andador Jardín Plaza Hidalgo"},"geometry":{"type":"LineString","coordinates":[[-99.16178,19.35001],[-99.16181,19.35002]]}},{"type":"Feature","properties":{"c":"foot","n":"Andador Jardín Plaza Hidalgo"},"geometry":{"type":"LineString","coordinates":[[-99.16181,19.35002],[-99.16229,19.35014]]}},{"type":"Feature","properties":{"c":"foot","n":"Andador Jardín Plaza Hidalgo"},"geometry":{"type":"LineString","coordinates":[[-99.16229,19.35014],[-99.16263,19.35022]]}},{"type":"Feature","properties":{"c":"foot","n":"Andador Jardín Plaza Hidalgo"},"geometry":{"type":"LineString","coordinates":[[-99.16263,19.35022],[-99.16276,19.35025]]}},{"type":"Feature","properties":{"c":"foot"},"geometry":{"type":"LineString","coordinates":[[-99.16239,19.3498],[-99.16235,19.3498],[-99.16232,19.3498],[-99.1623,19.34981],[-99.16227,19.34983],[-99.16226,19.34986],[-99.16226,19.34987]]}},{"type":"Feature","properties":{"c":"foot"},"geometry":{"type":"LineString","coordinates":[[-99.16226,19.34987],[-99.16225,19.34989],[-99.16226,19.34992],[-99.16227,19.34994],[-99.16228,19.34997],[-99.16231,19.34998],[-99.16233,19.34999]]}},{"type":"Feature","properties":{"c":"foot"},"geometry":{"type":"LineString","coordinates":[[-99.16233,19.34999],[-99.16234,19.34999],[-99.16237,19.34999],[-99.1624,19.34999],[-99.16242,19.34997],[-99.16245,19.34995],[-99.16246,19.34993],[-99.16246,19.34992]]}},{"type":"Feature","properties":{"c":"foot"},"geometry":{"type":"LineString","coordinates":[[-99.16246,19.34992],[-99.16246,19.3499],[-99.16246,19.34987],[-99.16245,19.34984],[-99.16243,19.34982],[-99.16241,19.34981],[-99.16239,19.3498]]}},{"type":"Feature","properties":{"c":"major","n":"Calle Veracruz"},"geometry":{"type":"LineString","coordinates":[[-99.17673,19.42023],[-99.17671,19.42018],[-99.17628,19.41962],[-99.17567,19.41882],[-99.17508,19.4181],[-99.17491,19.41789],[-99.17373,19.41705],[-99.17344,19.41685]]}},{"type":"Feature","properties":{"c":"major","n":"Calle Veracruz"},"geometry":{"type":"LineString","coordinates":[[-99.17344,19.41685],[-99.17254,19.4162],[-99.17192,19.41577]]}},{"type":"Feature","properties":{"c":"major","n":"Calle Veracruz"},"geometry":{"type":"LineString","coordinates":[[-99.17192,19.41577],[-99.1718,19.4157]]}},{"type":"Feature","properties":{"c":"major","n":"Avenida Sonora"},"geometry":{"type":"LineString","coordinates":[[-99.17039,19.41632],[-99.17033,19.41623]]}},{"type":"Feature","properties":{"c":"major","n":"Avenida Sonora"},"geometry":{"type":"LineString","coordinates":[[-99.17033,19.41623],[-99.17013,19.41596],[-99.1701,19.41591]]}},{"type":"Feature","properties":{"c":"major","n":"Avenida Sonora"},"geometry":{"type":"LineString","coordinates":[[-99.1701,19.41591],[-99.17004,19.41583]]}},{"type":"Feature","properties":{"c":"minor","n":"Calle Praga"},"geometry":{"type":"LineString","coordinates":[[-99.16876,19.4222],[-99.16873,19.42231]]}},{"type":"Feature","properties":{"c":"minor","n":"Calle Praga"},"geometry":{"type":"LineString","coordinates":[[-99.16873,19.42231],[-99.16871,19.42243]]}},{"type":"Feature","properties":{"c":"minor","n":"Calle Praga"},"geometry":{"type":"LineString","coordinates":[[-99.16871,19.42243],[-99.16869,19.42253]]}},{"type":"Feature","properties":{"c":"major","n":"Avenida Insurgentes Sur"},"geometry":{"type":"LineString","coordinates":[[-99.16317,19.42275],[-99.16311,19.42296]]}},{"type":"Feature","properties":{"c":"major","n":"Calle Sevilla"},"geometry":{"type":"LineString","coordinates":[[-99.17094,19.42382],[-99.17085,19.42363]]}},{"type":"Feature","properties":{"c":"major","n":"Calle Sevilla"},"geometry":{"type":"LineString","coordinates":[[-99.17085,19.42363],[-99.17081,19.42356],[-99.17079,19.42352],[-99.17077,19.42348]]}},{"type":"Feature","properties":{"c":"major","n":"Calle Sevilla"},"geometry":{"type":"LineString","coordinates":[[-99.17077,19.42348],[-99.17073,19.42341]]}},{"type":"Feature","properties":{"c":"minor","n":"Calle Varsovia"},"geometry":{"type":"LineString","coordinates":[[-99.16718,19.42289],[-99.16718,19.42282]]}},{"type":"Feature","properties":{"c":"minor","n":"Calle Ayuntamiento"},"geometry":{"type":"LineString","coordinates":[[-99.14801,19.43122],[-99.148,19.43121],[-99.1477,19.43117],[-99.14661,19.43102],[-99.14549,19.43085],[-99.14381,19.4306]]}},{"type":"Feature","properties":{"c":"minor","n":"Calle Ayuntamiento"},"geometry":{"type":"LineString","coordinates":[[-99.14381,19.4306],[-99.14371,19.43059]]}},{"type":"Feature","properties":{"c":"minor","n":"Calle Ayuntamiento"},"geometry":{"type":"LineString","coordinates":[[-99.14371,19.43059],[-99.14328,19.43053]]}},{"type":"Feature","properties":{"c":"minor","n":"Calle Ayuntamiento"},"geometry":{"type":"LineString","coordinates":[[-99.14328,19.43053],[-99.14276,19.43045]]}},{"type":"Feature","properties":{"c":"minor","n":"Calle Ayuntamiento"},"geometry":{"type":"LineString","coordinates":[[-99.14276,19.43045],[-99.14247,19.43041]]}},{"type":"Feature","properties":{"c":"minor","n":"Calle Ayuntamiento"},"geometry":{"type":"LineString","coordinates":[[-99.14247,19.43041],[-99.14147,19.43027]]}},{"type":"Feature","properties":{"c":"minor","n":"Calle Artículo 123"},"geometry":{"type":"LineString","coordinates":[[-99.14625,19.43272],[-99.14517,19.43257],[-99.14384,19.43238]]}},{"type":"Feature","properties":{"c":"minor","n":"Calle Artículo 123"},"geometry":{"type":"LineString","coordinates":[[-99.14384,19.43238],[-99.14344,19.43232]]}},{"type":"Feature","properties":{"c":"minor","n":"Calle Artículo 123"},"geometry":{"type":"LineString","coordinates":[[-99.14344,19.43232],[-99.14304,19.43227]]}},{"type":"Feature","properties":{"c":"minor","n":"Calle Artículo 123"},"geometry":{"type":"LineString","coordinates":[[-99.14304,19.43227],[-99.1422,19.43215]]}},{"type":"Feature","properties":{"c":"minor","n":"Calle Artículo 123"},"geometry":{"type":"LineString","coordinates":[[-99.1422,19.43215],[-99.1412,19.43201]]}},{"type":"Feature","properties":{"c":"foot"},"geometry":{"type":"LineString","coordinates":[[-99.14613,19.43522],[-99.14509,19.43504],[-99.14489,19.43501],[-99.14432,19.43491]]}},{"type":"Feature","properties":{"c":"foot"},"geometry":{"type":"LineString","coordinates":[[-99.14432,19.43491],[-99.14394,19.43485]]}},{"type":"Feature","properties":{"c":"foot"},"geometry":{"type":"LineString","coordinates":[[-99.14394,19.43485],[-99.14317,19.43472]]}},{"type":"Feature","properties":{"c":"foot"},"geometry":{"type":"LineString","coordinates":[[-99.14317,19.43472],[-99.1426,19.43462]]}},{"type":"Feature","properties":{"c":"foot"},"geometry":{"type":"LineString","coordinates":[[-99.1426,19.43462],[-99.14212,19.43454]]}},{"type":"Feature","properties":{"c":"foot"},"geometry":{"type":"LineString","coordinates":[[-99.14212,19.43454],[-99.14211,19.43462]]}},{"type":"Feature","properties":{"c":"foot"},"geometry":{"type":"LineString","coordinates":[[-99.14211,19.43462],[-99.14207,19.43484]]}},{"type":"Feature","properties":{"c":"foot"},"geometry":{"type":"LineString","coordinates":[[-99.14207,19.43484],[-99.142,19.43528],[-99.14198,19.43539]]}},{"type":"Feature","properties":{"c":"foot"},"geometry":{"type":"LineString","coordinates":[[-99.14198,19.43539],[-99.14196,19.43552],[-99.14191,19.43586]]}},{"type":"Feature","properties":{"c":"foot"},"geometry":{"type":"LineString","coordinates":[[-99.14191,19.43586],[-99.1419,19.4359],[-99.14187,19.43609]]}},{"type":"Feature","properties":{"c":"foot"},"geometry":{"type":"LineString","coordinates":[[-99.14187,19.43609],[-99.14185,19.43622]]}},{"type":"Feature","properties":{"c":"major","n":"Avenida Juárez"},"geometry":{"type":"LineString","coordinates":[[-99.14735,19.43524],[-99.14728,19.43523],[-99.14724,19.43523],[-99.14718,19.43522],[-99.14652,19.43516],[-99.14626,19.43513],[-99.14576,19.43505],[-99.14516,19.43495],[-99.14491,19.4349],[-99.14476,19.43488],[-99.14448,19.43483],[-99.14427,19.43479]]}},{"type":"Feature","properties":{"c":"major","n":"Avenida Juárez"},"geometry":{"type":"LineString","coordinates":[[-99.14427,19.43479],[-99.14392,19.43473],[-99.14355,19.43467],[-99.14323,19.43462],[-99.14294,19.43457]]}},{"type":"Feature","properties":{"c":"major","n":"Avenida Juárez"},"geometry":{"type":"LineString","coordinates":[[-99.14294,19.43457],[-99.14281,19.43454],[-99.14268,19.43452]]}},{"type":"Feature","properties":{"c":"major","n":"Avenida Juárez"},"geometry":{"type":"LineString","coordinates":[[-99.14268,19.43452],[-99.14262,19.43451]]}},{"type":"Feature","properties":{"c":"major","n":"Avenida Juárez"},"geometry":{"type":"LineString","coordinates":[[-99.14262,19.43451],[-99.14256,19.4345],[-99.1423,19.43446],[-99.14201,19.43442]]}},{"type":"Feature","properties":{"c":"major","n":"Avenida Juárez"},"geometry":{"type":"LineString","coordinates":[[-99.14201,19.43442],[-99.14197,19.43441]]}},{"type":"Feature","properties":{"c":"major","n":"Avenida Juárez"},"geometry":{"type":"LineString","coordinates":[[-99.14197,19.43441],[-99.14192,19.4344]]}},{"type":"Feature","properties":{"c":"major","n":"Avenida Juárez"},"geometry":{"type":"LineString","coordinates":[[-99.14192,19.4344],[-99.14183,19.43439]]}},{"type":"Feature","properties":{"c":"major","n":"Avenida Juárez"},"geometry":{"type":"LineString","coordinates":[[-99.14183,19.43439],[-99.14085,19.43424]]}},{"type":"Feature","properties":{"c":"major","n":"Avenida Hidalgo"},"geometry":{"type":"LineString","coordinates":[[-99.14404,19.43689],[-99.14609,19.43736],[-99.1462,19.43738],[-99.14631,19.4374],[-99.14634,19.43741]]}},{"type":"Feature","properties":{"c":"major","n":"Avenida Hidalgo"},"geometry":{"type":"LineString","coordinates":[[-99.14056,19.43626],[-99.14069,19.43628]]}},{"type":"Feature","properties":{"c":"major","n":"Avenida Hidalgo"},"geometry":{"type":"LineString","coordinates":[[-99.14069,19.43628],[-99.14106,19.43634]]}},{"type":"Feature","properties":{"c":"major","n":"Avenida Hidalgo"},"geometry":{"type":"LineString","coordinates":[[-99.14106,19.43634],[-99.14149,19.43641]]}},{"type":"Feature","properties":{"c":"major","n":"Avenida Hidalgo"},"geometry":{"type":"LineString","coordinates":[[-99.14149,19.43641],[-99.14247,19.43659]]}},{"type":"Feature","properties":{"c":"major","n":"Avenida Hidalgo"},"geometry":{"type":"LineString","coordinates":[[-99.14247,19.43659],[-99.14287,19.43666]]}},{"type":"Feature","properties":{"c":"major","n":"Avenida Hidalgo"},"geometry":{"type":"LineString","coordinates":[[-99.14287,19.43666],[-99.14384,19.43685]]}},{"type":"Feature","properties":{"c":"major","n":"Avenida Hidalgo"},"geometry":{"type":"LineString","coordinates":[[-99.14384,19.43685],[-99.14391,19.43687]]}},{"type":"Feature","properties":{"c":"major","n":"Avenida Hidalgo"},"geometry":{"type":"LineString","coordinates":[[-99.14391,19.43687],[-99.14404,19.43689]]}},{"type":"Feature","properties":{"c":"major","n":"Calle Tacuba"},"geometry":{"type":"LineString","coordinates":[[-99.13995,19.436],[-99.14051,19.43608]]}},{"type":"Feature","properties":{"c":"major","n":"Calle Tacuba"},"geometry":{"type":"LineString","coordinates":[[-99.14051,19.43608],[-99.14058,19.43609]]}},{"type":"Feature","properties":{"c":"minor","n":"Calle Valladolid"},"geometry":{"type":"LineString","coordinates":[[-99.16817,19.41969],[-99.16837,19.42051]]}},{"type":"Feature","properties":{"c":"minor","n":"Calle Valladolid"},"geometry":{"type":"LineString","coordinates":[[-99.16837,19.42051],[-99.16858,19.42135]]}},{"type":"Feature","properties":{"c":"minor","n":"Calle Valladolid"},"geometry":{"type":"LineString","coordinates":[[-99.16858,19.42135],[-99.16868,19.42176]]}},{"type":"Feature","properties":{"c":"minor","n":"Calle Valladolid"},"geometry":{"type":"LineString","coordinates":[[-99.16868,19.42176],[-99.16877,19.42212]]}},{"type":"Feature","properties":{"c":"minor","n":"Calle Valladolid"},"geometry":{"type":"LineString","coordinates":[[-99.16877,19.42212],[-99.16876,19.42216],[-99.16876,19.4222]]}},{"type":"Feature","properties":{"c":"minor","n":"Calle Jalapa"},"geometry":{"type":"LineString","coordinates":[[-99.16116,19.41811],[-99.16134,19.41884]]}},{"type":"Feature","properties":{"c":"minor","n":"Calle Jalapa"},"geometry":{"type":"LineString","coordinates":[[-99.16134,19.41884],[-99.16152,19.41956]]}},{"type":"Feature","properties":{"c":"minor","n":"Calle Jalapa"},"geometry":{"type":"LineString","coordinates":[[-99.16152,19.41956],[-99.16184,19.42082]]}},{"type":"Feature","properties":{"c":"minor","n":"Calle Colima"},"geometry":{"type":"LineString","coordinates":[[-99.16926,19.41782],[-99.16947,19.41777]]}},{"type":"Feature","properties":{"c":"minor","n":"Calle Colima"},"geometry":{"type":"LineString","coordinates":[[-99.16947,19.41777],[-99.17023,19.41759]]}},{"type":"Feature","properties":{"c":"minor","n":"Calle Colima"},"geometry":{"type":"LineString","coordinates":[[-99.17023,19.41759],[-99.17057,19.41752]]}},{"type":"Feature","properties":{"c":"minor","n":"Calle Colima"},"geometry":{"type":"LineString","coordinates":[[-99.17057,19.41752],[-99.17109,19.4174]]}},{"type":"Feature","properties":{"c":"minor","n":"Calle Colima"},"geometry":{"type":"LineString","coordinates":[[-99.17109,19.4174],[-99.17123,19.41736]]}},{"type":"Feature","properties":{"c":"minor","n":"Calle Colima"},"geometry":{"type":"LineString","coordinates":[[-99.17123,19.41736],[-99.17199,19.41719],[-99.17205,19.41717]]}},{"type":"Feature","properties":{"c":"minor","n":"Calle Colima"},"geometry":{"type":"LineString","coordinates":[[-99.17205,19.41717],[-99.17328,19.41689]]}},{"type":"Feature","properties":{"c":"minor","n":"Calle Colima"},"geometry":{"type":"LineString","coordinates":[[-99.17328,19.41689],[-99.17344,19.41685]]}},{"type":"Feature","properties":{"c":"minor","n":"Calle Colima"},"geometry":{"type":"LineString","coordinates":[[-99.17344,19.41685],[-99.17391,19.41674]]}},{"type":"Feature","properties":{"c":"major","n":"Calle Salamanca"},"geometry":{"type":"LineString","coordinates":[[-99.16881,19.41661],[-99.16863,19.41651],[-99.16853,19.41646]]}},{"type":"Feature","properties":{"c":"major","n":"Calle Veracruz"},"geometry":{"type":"LineString","coordinates":[[-99.17166,19.41586],[-99.17174,19.41595]]}},{"type":"Feature","properties":{"c":"major","n":"Calle Veracruz"},"geometry":{"type":"LineString","coordinates":[[-99.17174,19.41595],[-99.17177,19.41596],[-99.17181,19.41595],[-99.17187,19.41593]]}},{"type":"Feature","properties":{"c":"major","n":"Calle Veracruz"},"geometry":{"type":"LineString","coordinates":[[-99.17187,19.41593],[-99.17247,19.41633],[-99.17328,19.41689]]}},{"type":"Feature","properties":{"c":"major","n":"Calle Veracruz"},"geometry":{"type":"LineString","coordinates":[[-99.17328,19.41689],[-99.17365,19.41718],[-99.17481,19.41801],[-99.17498,19.4182],[-99.17558,19.41892],[-99.17615,19.41967],[-99.17649,19.4201],[-99.17655,19.42018],[-99.17656,19.42022],[-99.17656,19.4203]]}},{"type":"Feature","properties":{"c":"major","n":"Calle Ignacio Allende"},"geometry":{"type":"LineString","coordinates":[[-99.13725,19.44077],[-99.13742,19.43959],[-99.1375,19.43908],[-99.13762,19.43826],[-99.13775,19.43742]]}},{"type":"Feature","properties":{"c":"major","n":"Calle Ignacio Allende"},"geometry":{"type":"LineString","coordinates":[[-99.13775,19.43742],[-99.13788,19.43656]]}},{"type":"Feature","properties":{"c":"minor","n":"Calle Doctor Manuel Villada"},"geometry":{"type":"LineString","coordinates":[[-99.15361,19.41591],[-99.15351,19.4168]]}},{"type":"Feature","properties":{"c":"minor","n":"Calle Morelia"},"geometry":{"type":"LineString","coordinates":[[-99.15533,19.42096],[-99.15531,19.42091]]}},{"type":"Feature","properties":{"c":"minor","n":"Calle Morelia"},"geometry":{"type":"LineString","coordinates":[[-99.15531,19.42091],[-99.15515,19.42029]]}},{"type":"Feature","properties":{"c":"minor","n":"Calle Morelia"},"geometry":{"type":"LineString","coordinates":[[-99.15515,19.42029],[-99.15512,19.42017]]}},{"type":"Feature","properties":{"c":"minor","n":"Calle Morelia"},"geometry":{"type":"LineString","coordinates":[[-99.15512,19.42017],[-99.15493,19.41939]]}},{"type":"Feature","properties":{"c":"minor","n":"Calle Morelia"},"geometry":{"type":"LineString","coordinates":[[-99.15493,19.41939],[-99.15492,19.41937],[-99.15491,19.41932]]}},{"type":"Feature","properties":{"c":"minor","n":"Calle Durango"},"geometry":{"type":"LineString","coordinates":[[-99.15563,19.42222],[-99.15527,19.4223]]}},{"type":"Feature","properties":{"c":"minor","n":"Calle Durango"},"geometry":{"type":"LineString","coordinates":[[-99.15527,19.4223],[-99.15477,19.42242]]}},{"type":"Feature","properties":{"c":"minor","n":"Calle Durango"},"geometry":{"type":"LineString","coordinates":[[-99.15477,19.42242],[-99.15474,19.42243]]}},{"type":"Feature","properties":{"c":"minor","n":"Calle Durango"},"geometry":{"type":"LineString","coordinates":[[-99.15474,19.42243],[-99.15449,19.42248]]}},{"type":"Feature","properties":{"c":"minor","n":"Calle Durango"},"geometry":{"type":"LineString","coordinates":[[-99.15449,19.42248],[-99.15409,19.42256],[-99.154,19.42257]]}},{"type":"Feature","properties":{"c":"foot","n":"Calle Regina"},"geometry":{"type":"LineString","coordinates":[[-99.13801,19.42802],[-99.13718,19.42792],[-99.13711,19.42791]]}},{"type":"Feature","properties":{"c":"foot","n":"Calle Regina"},"geometry":{"type":"LineString","coordinates":[[-99.13711,19.42791],[-99.13702,19.4279],[-99.13596,19.42777]]}},{"type":"Feature","properties":{"c":"foot","n":"Calle Regina"},"geometry":{"type":"LineString","coordinates":[[-99.13596,19.42777],[-99.13504,19.42765]]}},{"type":"Feature","properties":{"c":"foot","n":"Calle Regina"},"geometry":{"type":"LineString","coordinates":[[-99.13504,19.42765],[-99.13407,19.42753]]}},{"type":"Feature","properties":{"c":"minor","n":"Calle de las Vizcaínas"},"geometry":{"type":"LineString","coordinates":[[-99.14164,19.42903],[-99.14177,19.42905],[-99.14263,19.42918]]}},{"type":"Feature","properties":{"c":"minor","n":"Calle de las Vizcaínas"},"geometry":{"type":"LineString","coordinates":[[-99.14263,19.42918],[-99.14291,19.42922]]}},{"type":"Feature","properties":{"c":"minor","n":"Correo Mayor"},"geometry":{"type":"LineString","coordinates":[[-99.1299,19.43336],[-99.12991,19.43332],[-99.13,19.43264]]}},{"type":"Feature","properties":{"c":"minor","n":"Correo Mayor"},"geometry":{"type":"LineString","coordinates":[[-99.13,19.43264],[-99.13015,19.4315]]}},{"type":"Feature","properties":{"c":"minor","n":"Correo Mayor"},"geometry":{"type":"LineString","coordinates":[[-99.13015,19.4315],[-99.13016,19.43145]]}},{"type":"Feature","properties":{"c":"minor","n":"Correo Mayor"},"geometry":{"type":"LineString","coordinates":[[-99.13016,19.43145],[-99.13016,19.43139]]}},{"type":"Feature","properties":{"c":"minor","n":"Correo Mayor"},"geometry":{"type":"LineString","coordinates":[[-99.13016,19.43139],[-99.1303,19.4305]]}},{"type":"Feature","properties":{"c":"minor","n":"Correo Mayor"},"geometry":{"type":"LineString","coordinates":[[-99.1303,19.4305],[-99.13044,19.42963]]}},{"type":"Feature","properties":{"c":"minor","n":"Correo Mayor"},"geometry":{"type":"LineString","coordinates":[[-99.13044,19.42963],[-99.13056,19.4288]]}},{"type":"Feature","properties":{"c":"minor","n":"Correo Mayor"},"geometry":{"type":"LineString","coordinates":[[-99.13056,19.4288],[-99.13066,19.42804]]}},{"type":"Feature","properties":{"c":"minor","n":"Calle Delicias"},"geometry":{"type":"LineString","coordinates":[[-99.14591,19.42851],[-99.14461,19.42826],[-99.14447,19.42824],[-99.14429,19.42822]]}},{"type":"Feature","properties":{"c":"minor","n":"Calle Delicias"},"geometry":{"type":"LineString","coordinates":[[-99.14429,19.42822],[-99.14367,19.42816]]}},{"type":"Feature","properties":{"c":"minor","n":"Calle Delicias"},"geometry":{"type":"LineString","coordinates":[[-99.14367,19.42816],[-99.14307,19.4281]]}},{"type":"Feature","properties":{"c":"minor","n":"Calle Delicias"},"geometry":{"type":"LineString","coordinates":[[-99.14307,19.4281],[-99.14278,19.42807]]}},{"type":"Feature","properties":{"c":"minor","n":"Calle Delicias"},"geometry":{"type":"LineString","coordinates":[[-99.14278,19.42807],[-99.1418,19.42795]]}},{"type":"Feature","properties":{"c":"major","n":"Avenida Lázaro Cárdenas"},"geometry":{"type":"LineString","coordinates":[[-99.14077,19.43481],[-99.14076,19.43487]]}},{"type":"Feature","properties":{"c":"major","n":"Avenida Lázaro Cárdenas"},"geometry":{"type":"LineString","coordinates":[[-99.14076,19.43487],[-99.14069,19.43531],[-99.14065,19.43565]]}},{"type":"Feature","properties":{"c":"major","n":"Calle Isabel la Católica"},"geometry":{"type":"LineString","coordinates":[[-99.13731,19.42635],[-99.13726,19.42672],[-99.13722,19.42703],[-99.13711,19.42791]]}},{"type":"Feature","properties":{"c":"major","n":"Calle Isabel la Católica"},"geometry":{"type":"LineString","coordinates":[[-99.13711,19.42791],[-99.13699,19.42866]]}},{"type":"Feature","properties":{"c":"major","n":"Calle Isabel la Católica"},"geometry":{"type":"LineString","coordinates":[[-99.13699,19.42866],[-99.13691,19.42914]]}},{"type":"Feature","properties":{"c":"major","n":"Calle Isabel la Católica"},"geometry":{"type":"LineString","coordinates":[[-99.13691,19.42914],[-99.13683,19.42967]]}},{"type":"Feature","properties":{"c":"major","n":"Calle Isabel la Católica"},"geometry":{"type":"LineString","coordinates":[[-99.13683,19.42967],[-99.1367,19.43052]]}},{"type":"Feature","properties":{"c":"major","n":"Calle Isabel la Católica"},"geometry":{"type":"LineString","coordinates":[[-99.1367,19.43052],[-99.13656,19.43136]]}},{"type":"Feature","properties":{"c":"major","n":"Calle Isabel la Católica"},"geometry":{"type":"LineString","coordinates":[[-99.13656,19.43136],[-99.13646,19.43201]]}},{"type":"Feature","properties":{"c":"major","n":"Calle Isabel la Católica"},"geometry":{"type":"LineString","coordinates":[[-99.13646,19.43201],[-99.13644,19.43216]]}},{"type":"Feature","properties":{"c":"minor","n":"Plaza Rinconada de Jesús"},"geometry":{"type":"LineString","coordinates":[[-99.1331,19.4295],[-99.13295,19.4295]]}},{"type":"Feature","properties":{"c":"minor","n":"Plaza Rinconada de Jesús"},"geometry":{"type":"LineString","coordinates":[[-99.13295,19.4295],[-99.13289,19.42949]]}},{"type":"Feature","properties":{"c":"minor","n":"Plaza Rinconada de Jesús"},"geometry":{"type":"LineString","coordinates":[[-99.13289,19.42949],[-99.13254,19.42945]]}},{"type":"Feature","properties":{"c":"major","n":"Avenida José María Pino Suárez"},"geometry":{"type":"LineString","coordinates":[[-99.13259,19.42909],[-99.13267,19.42856]]}},{"type":"Feature","properties":{"c":"major","n":"Avenida José María Pino Suárez"},"geometry":{"type":"LineString","coordinates":[[-99.13267,19.42856],[-99.13272,19.42826]]}},{"type":"Feature","properties":{"c":"major","n":"Avenida José María Pino Suárez"},"geometry":{"type":"LineString","coordinates":[[-99.13272,19.42826],[-99.13285,19.42737],[-99.13296,19.42654]]}},{"type":"Feature","properties":{"c":"major","n":"Avenida Lázaro Cárdenas"},"geometry":{"type":"LineString","coordinates":[[-99.14164,19.42903],[-99.14164,19.42908],[-99.14157,19.42957]]}},{"type":"Feature","properties":{"c":"major","n":"Avenida Lázaro Cárdenas"},"geometry":{"type":"LineString","coordinates":[[-99.14157,19.42957],[-99.14155,19.42974]]}},{"type":"Feature","properties":{"c":"major","n":"Avenida Lázaro Cárdenas"},"geometry":{"type":"LineString","coordinates":[[-99.14155,19.42974],[-99.14153,19.42988]]}},{"type":"Feature","properties":{"c":"minor","n":"Callejón del Sapo"},"geometry":{"type":"LineString","coordinates":[[-99.1445,19.4313],[-99.14443,19.43166]]}},{"type":"Feature","properties":{"c":"minor","n":"Callejón del Sapo"},"geometry":{"type":"LineString","coordinates":[[-99.14491,19.43136],[-99.1445,19.4313]]}},{"type":"Feature","properties":{"c":"foot","n":"Segunda Cerrada de 5 de Mayo"},"geometry":{"type":"LineString","coordinates":[[-99.13547,19.4338],[-99.13523,19.43377],[-99.13516,19.43376]]}},{"type":"Feature","properties":{"c":"minor","n":"Calle República de El Salvador"},"geometry":{"type":"LineString","coordinates":[[-99.13888,19.42995],[-99.13986,19.4301]]}},{"type":"Feature","properties":{"c":"minor","n":"Calle República de El Salvador"},"geometry":{"type":"LineString","coordinates":[[-99.13986,19.4301],[-99.14013,19.43014],[-99.14146,19.43035]]}},{"type":"Feature","properties":{"c":"minor","n":"Calle Soledad"},"geometry":{"type":"LineString","coordinates":[[-99.12621,19.43218],[-99.12708,19.43228],[-99.12748,19.43233],[-99.12798,19.43239],[-99.12838,19.43244],[-99.12897,19.43251],[-99.13,19.43264]]}},{"type":"Feature","properties":{"c":"minor","n":"Calle del Carmen"},"geometry":{"type":"LineString","coordinates":[[-99.12892,19.44021],[-99.12911,19.43903],[-99.12925,19.43809],[-99.12939,19.43711]]}},{"type":"Feature","properties":{"c":"minor","n":"Calle del Carmen"},"geometry":{"type":"LineString","coordinates":[[-99.12939,19.43711],[-99.12949,19.43628]]}},{"type":"Feature","properties":{"c":"minor","n":"Calle del Carmen"},"geometry":{"type":"LineString","coordinates":[[-99.12949,19.43628],[-99.12961,19.43544]]}},{"type":"Feature","properties":{"c":"minor","n":"Calle del Carmen"},"geometry":{"type":"LineString","coordinates":[[-99.12961,19.43544],[-99.12973,19.43459]]}},{"type":"Feature","properties":{"c":"minor","n":"Calle Santa Veracruz"},"geometry":{"type":"LineString","coordinates":[[-99.14206,19.43725],[-99.14201,19.43724]]}},{"type":"Feature","properties":{"c":"minor","n":"Calle Santa Veracruz"},"geometry":{"type":"LineString","coordinates":[[-99.14201,19.43724],[-99.14194,19.43722]]}},{"type":"Feature","properties":{"c":"minor","n":"Calle Santa Veracruz"},"geometry":{"type":"LineString","coordinates":[[-99.14194,19.43722],[-99.1419,19.43722],[-99.14182,19.4372]]}},{"type":"Feature","properties":{"c":"minor","n":"Calle Santa Veracruz"},"geometry":{"type":"LineString","coordinates":[[-99.14182,19.4372],[-99.14171,19.43718]]}},{"type":"Feature","properties":{"c":"minor","n":"Calle Santa Veracruz"},"geometry":{"type":"LineString","coordinates":[[-99.14171,19.43718],[-99.1416,19.43716]]}},{"type":"Feature","properties":{"c":"minor","n":"Calle Santa Veracruz"},"geometry":{"type":"LineString","coordinates":[[-99.1416,19.43716],[-99.14158,19.43715]]}},{"type":"Feature","properties":{"c":"minor","n":"Calle Santa Veracruz"},"geometry":{"type":"LineString","coordinates":[[-99.14158,19.43715],[-99.14114,19.43706]]}},{"type":"Feature","properties":{"c":"minor","n":"Calle Santa Veracruz"},"geometry":{"type":"LineString","coordinates":[[-99.14114,19.43706],[-99.14113,19.43706]]}},{"type":"Feature","properties":{"c":"minor","n":"Calle Santa Veracruz"},"geometry":{"type":"LineString","coordinates":[[-99.14113,19.43706],[-99.14073,19.43698]]}},{"type":"Feature","properties":{"c":"minor","n":"Calle Santa Veracruz"},"geometry":{"type":"LineString","coordinates":[[-99.14073,19.43698],[-99.14069,19.43697]]}},{"type":"Feature","properties":{"c":"minor","n":"Calle Santa Veracruz"},"geometry":{"type":"LineString","coordinates":[[-99.14069,19.43697],[-99.14066,19.43697],[-99.14061,19.43695]]}},{"type":"Feature","properties":{"c":"minor","n":"Calle Santa Veracruz"},"geometry":{"type":"LineString","coordinates":[[-99.14061,19.43695],[-99.14046,19.43693]]}},{"type":"Feature","properties":{"c":"foot","n":"Calle 2 de Abril"},"geometry":{"type":"LineString","coordinates":[[-99.14202,19.43719],[-99.14215,19.43661]]}},{"type":"Feature","properties":{"c":"minor","n":"Calle Presidente Venustiano Carranza"},"geometry":{"type":"LineString","coordinates":[[-99.16773,19.34845],[-99.16765,19.34843]]}},{"type":"Feature","properties":{"c":"minor","n":"Calle Presidente Venustiano Carranza"},"geometry":{"type":"LineString","coordinates":[[-99.16765,19.34843],[-99.16695,19.34828]]}},{"type":"Feature","properties":{"c":"minor","n":"Calle Presidente Venustiano Carranza"},"geometry":{"type":"LineString","coordinates":[[-99.16695,19.34828],[-99.16619,19.34812]]}},{"type":"Feature","properties":{"c":"minor","n":"Calle Presidente Venustiano Carranza"},"geometry":{"type":"LineString","coordinates":[[-99.16619,19.34812],[-99.16611,19.3481]]}},{"type":"Feature","properties":{"c":"minor","n":"Calle Presidente Venustiano Carranza"},"geometry":{"type":"LineString","coordinates":[[-99.16611,19.3481],[-99.16578,19.34802]]}},{"type":"Feature","properties":{"c":"minor","n":"Calle Presidente Venustiano Carranza"},"geometry":{"type":"LineString","coordinates":[[-99.16578,19.34802],[-99.16539,19.34793],[-99.1649,19.34784]]}},{"type":"Feature","properties":{"c":"minor","n":"Calle Presidente Venustiano Carranza"},"geometry":{"type":"LineString","coordinates":[[-99.1649,19.34784],[-99.1646,19.34779]]}},{"type":"Feature","properties":{"c":"minor","n":"Calle Presidente Venustiano Carranza"},"geometry":{"type":"LineString","coordinates":[[-99.1646,19.34779],[-99.16354,19.34755]]}},{"type":"Feature","properties":{"c":"major","n":"Tres Cruces"},"geometry":{"type":"LineString","coordinates":[[-99.16425,19.34922],[-99.16428,19.34909]]}},{"type":"Feature","properties":{"c":"major","n":"Tres Cruces"},"geometry":{"type":"LineString","coordinates":[[-99.16428,19.34909],[-99.16442,19.34846]]}},{"type":"Feature","properties":{"c":"major","n":"Tres Cruces"},"geometry":{"type":"LineString","coordinates":[[-99.16442,19.34846],[-99.16451,19.3482]]}},{"type":"Feature","properties":{"c":"major","n":"Tres Cruces"},"geometry":{"type":"LineString","coordinates":[[-99.16451,19.3482],[-99.1646,19.34779]]}},{"type":"Feature","properties":{"c":"major","n":"Centenario"},"geometry":{"type":"LineString","coordinates":[[-99.1639,19.3507],[-99.16395,19.35053]]}},{"type":"Feature","properties":{"c":"major","n":"Centenario"},"geometry":{"type":"LineString","coordinates":[[-99.16395,19.35053],[-99.16399,19.35032]]}},{"type":"Feature","properties":{"c":"major","n":"Centenario"},"geometry":{"type":"LineString","coordinates":[[-99.16399,19.35032],[-99.1641,19.34988]]}},{"type":"Feature","properties":{"c":"major","n":"Centenario"},"geometry":{"type":"LineString","coordinates":[[-99.1641,19.34988],[-99.16411,19.34979],[-99.16412,19.34978],[-99.16413,19.34971]]}},{"type":"Feature","properties":{"c":"major","n":"Centenario"},"geometry":{"type":"LineString","coordinates":[[-99.16413,19.34971],[-99.16417,19.34957]]}},{"type":"Feature","properties":{"c":"major","n":"Centenario"},"geometry":{"type":"LineString","coordinates":[[-99.16417,19.34957],[-99.16418,19.34952]]}},{"type":"Feature","properties":{"c":"major","n":"Centenario"},"geometry":{"type":"LineString","coordinates":[[-99.16418,19.34952],[-99.16424,19.34924]]}},{"type":"Feature","properties":{"c":"major","n":"Centenario"},"geometry":{"type":"LineString","coordinates":[[-99.16424,19.34924],[-99.16425,19.34922]]}},{"type":"Feature","properties":{"c":"major","n":"Avenida Francisco Sosa"},"geometry":{"type":"LineString","coordinates":[[-99.17729,19.34961],[-99.17674,19.34962],[-99.17587,19.34959],[-99.17566,19.34959],[-99.17475,19.34957],[-99.17445,19.34957],[-99.17346,19.34954],[-99.17334,19.34954],[-99.17258,19.34952],[-99.17166,19.34948],[-99.17116,19.34946],[-99.1704,19.34944],[-99.17029,19.34944]]}},{"type":"Feature","properties":{"c":"major","n":"Avenida Francisco Sosa"},"geometry":{"type":"LineString","coordinates":[[-99.17029,19.34944],[-99.16929,19.34941]]}},{"type":"Feature","properties":{"c":"major","n":"Avenida Francisco Sosa"},"geometry":{"type":"LineString","coordinates":[[-99.16929,19.34941],[-99.16891,19.3494],[-99.16849,19.34939]]}},{"type":"Feature","properties":{"c":"major","n":"Avenida Francisco Sosa"},"geometry":{"type":"LineString","coordinates":[[-99.16849,19.34939],[-99.16799,19.34937],[-99.16741,19.34936]]}},{"type":"Feature","properties":{"c":"major","n":"Avenida Francisco Sosa"},"geometry":{"type":"LineString","coordinates":[[-99.16741,19.34936],[-99.1659,19.34931]]}},{"type":"Feature","properties":{"c":"major","n":"Avenida Francisco Sosa"},"geometry":{"type":"LineString","coordinates":[[-99.1659,19.34931],[-99.16425,19.34922]]}},{"type":"Feature","properties":{"c":"minor","n":"Cerrada Primera Reforma"},"geometry":{"type":"LineString","coordinates":[[-99.16578,19.34985],[-99.16576,19.3499],[-99.16571,19.34994],[-99.16566,19.34995],[-99.16525,19.34985]]}},{"type":"Feature","properties":{"c":"major","n":"Calle Felipe Carillo Puerto"},"geometry":{"type":"LineString","coordinates":[[-99.16354,19.34755],[-99.16339,19.34819]]}},{"type":"Feature","properties":{"c":"major","n":"Calle Felipe Carillo Puerto"},"geometry":{"type":"LineString","coordinates":[[-99.16339,19.34819],[-99.16323,19.34881]]}},{"type":"Feature","properties":{"c":"major","n":"Calle Felipe Carillo Puerto"},"geometry":{"type":"LineString","coordinates":[[-99.16323,19.34881],[-99.16317,19.34906]]}},{"type":"Feature","properties":{"c":"major","n":"Calle Felipe Carillo Puerto"},"geometry":{"type":"LineString","coordinates":[[-99.16317,19.34906],[-99.16307,19.34944]]}},{"type":"Feature","properties":{"c":"major","n":"Calle Felipe Carillo Puerto"},"geometry":{"type":"LineString","coordinates":[[-99.16307,19.34944],[-99.16304,19.34949],[-99.16295,19.3498]]}},{"type":"Feature","properties":{"c":"major","n":"Calle Felipe Carillo Puerto"},"geometry":{"type":"LineString","coordinates":[[-99.16295,19.3498],[-99.16289,19.35002]]}},{"type":"Feature","properties":{"c":"major","n":"Calle Felipe Carillo Puerto"},"geometry":{"type":"LineString","coordinates":[[-99.16289,19.35002],[-99.16278,19.35042]]}},{"type":"Feature","properties":{"c":"minor","n":"Calle Presidente Venustiano Carranza"},"geometry":{"type":"LineString","coordinates":[[-99.16354,19.34755],[-99.16326,19.34749]]}},{"type":"Feature","properties":{"c":"minor","n":"Calle Presidente Venustiano Carranza"},"geometry":{"type":"LineString","coordinates":[[-99.16326,19.34749],[-99.16242,19.34731]]}},{"type":"Feature","properties":{"c":"minor","n":"Calle Presidente Venustiano Carranza"},"geometry":{"type":"LineString","coordinates":[[-99.16242,19.34731],[-99.16232,19.34729]]}},{"type":"Feature","properties":{"c":"minor","n":"Calle Presidente Venustiano Carranza"},"geometry":{"type":"LineString","coordinates":[[-99.16232,19.34729],[-99.16083,19.34696]]}},{"type":"Feature","properties":{"c":"minor","n":"Calle Presidente Venustiano Carranza"},"geometry":{"type":"LineString","coordinates":[[-99.16083,19.34696],[-99.15991,19.34674]]}},{"type":"Feature","properties":{"c":"minor","n":"Calle Presidente Venustiano Carranza"},"geometry":{"type":"LineString","coordinates":[[-99.15991,19.34674],[-99.15987,19.34672]]}},{"type":"Feature","properties":{"c":"minor","n":"Calle Presidente Venustiano Carranza"},"geometry":{"type":"LineString","coordinates":[[-99.15987,19.34672],[-99.15965,19.34667]]}},{"type":"Feature","properties":{"c":"minor","n":"Calle Presidente Venustiano Carranza"},"geometry":{"type":"LineString","coordinates":[[-99.15965,19.34667],[-99.15922,19.34658]]}},{"type":"Feature","properties":{"c":"minor","n":"Calle Presidente Venustiano Carranza"},"geometry":{"type":"LineString","coordinates":[[-99.15922,19.34658],[-99.15909,19.34654]]}},{"type":"Feature","properties":{"c":"minor","n":"Calle Presidente Venustiano Carranza"},"geometry":{"type":"LineString","coordinates":[[-99.15909,19.34654],[-99.15878,19.34649]]}},{"type":"Feature","properties":{"c":"minor","n":"Calle Cuauhtémoc"},"geometry":{"type":"LineString","coordinates":[[-99.16263,19.35112],[-99.16251,19.35116]]}},{"type":"Feature","properties":{"c":"minor","n":"Calle Cuauhtémoc"},"geometry":{"type":"LineString","coordinates":[[-99.16251,19.35116],[-99.16173,19.35133]]}},{"type":"Feature","properties":{"c":"minor","n":"Calle Cuauhtémoc"},"geometry":{"type":"LineString","coordinates":[[-99.16173,19.35133],[-99.16039,19.35159]]}},{"type":"Feature","properties":{"c":"minor","n":"Calle Cuauhtémoc"},"geometry":{"type":"LineString","coordinates":[[-99.16039,19.35159],[-99.15908,19.35186]]}},{"type":"Feature","properties":{"c":"minor","n":"Calle Cuauhtémoc"},"geometry":{"type":"LineString","coordinates":[[-99.15908,19.35186],[-99.15775,19.35212],[-99.15706,19.35227],[-99.15689,19.3523]]}},{"type":"Feature","properties":{"c":"minor","n":"Calle Aguayo"},"geometry":{"type":"LineString","coordinates":[[-99.16303,19.35292],[-99.16321,19.35382]]}},{"type":"Feature","properties":{"c":"minor","n":"Calle Aguayo"},"geometry":{"type":"LineString","coordinates":[[-99.16321,19.35382],[-99.16335,19.35453],[-99.16343,19.3547]]}},{"type":"Feature","properties":{"c":"minor","n":"Calle Ignacio Allende"},"geometry":{"type":"LineString","coordinates":[[-99.16159,19.35059],[-99.16163,19.35086]]}},{"type":"Feature","properties":{"c":"minor","n":"Calle Ignacio Allende"},"geometry":{"type":"LineString","coordinates":[[-99.16163,19.35086],[-99.16173,19.35133]]}},{"type":"Feature","properties":{"c":"minor","n":"Calle Ignacio Allende"},"geometry":{"type":"LineString","coordinates":[[-99.16173,19.35133],[-99.16193,19.35221]]}},{"type":"Feature","properties":{"c":"minor","n":"Calle Ignacio Allende"},"geometry":{"type":"LineString","coordinates":[[-99.16193,19.35221],[-99.16213,19.35311]]}},{"type":"Feature","properties":{"c":"foot"},"geometry":{"type":"LineString","coordinates":[[-99.14491,19.43549],[-99.14425,19.43512]]}},{"type":"Feature","properties":{"c":"foot"},"geometry":{"type":"LineString","coordinates":[[-99.14285,19.43587],[-99.14284,19.43589],[-99.14285,19.43592]]}},{"type":"Feature","properties":{"c":"foot"},"geometry":{"type":"LineString","coordinates":[[-99.14285,19.43592],[-99.14286,19.43594],[-99.14288,19.43596],[-99.1429,19.43598],[-99.14292,19.43599]]}},{"type":"Feature","properties":{"c":"foot"},"geometry":{"type":"LineString","coordinates":[[-99.14292,19.43599],[-99.14295,19.43599],[-99.14297,19.43598],[-99.143,19.43597],[-99.14301,19.43596],[-99.14303,19.43594]]}},{"type":"Feature","properties":{"c":"foot"},"geometry":{"type":"LineString","coordinates":[[-99.14303,19.43594],[-99.14303,19.43592],[-99.14304,19.43591],[-99.14304,19.43588]]}},{"type":"Feature","properties":{"c":"foot"},"geometry":{"type":"LineString","coordinates":[[-99.14304,19.43588],[-99.14303,19.43587],[-99.14303,19.43585],[-99.14302,19.43584],[-99.143,19.43582],[-99.14298,19.43581],[-99.14296,19.43581]]}},{"type":"Feature","properties":{"c":"foot"},"geometry":{"type":"LineString","coordinates":[[-99.14296,19.43581],[-99.14293,19.4358],[-99.1429,19.43581],[-99.14288,19.43583],[-99.14286,19.43585]]}},{"type":"Feature","properties":{"c":"foot"},"geometry":{"type":"LineString","coordinates":[[-99.14286,19.43585],[-99.14285,19.43587]]}},{"type":"Feature","properties":{"c":"foot"},"geometry":{"type":"LineString","coordinates":[[-99.1431,19.43511],[-99.14317,19.43472]]}},{"type":"Feature","properties":{"c":"foot"},"geometry":{"type":"LineString","coordinates":[[-99.14302,19.4355],[-99.14306,19.43529]]}},{"type":"Feature","properties":{"c":"foot"},"geometry":{"type":"LineString","coordinates":[[-99.14296,19.43581],[-99.14299,19.43563]]}},{"type":"Feature","properties":{"c":"foot"},"geometry":{"type":"LineString","coordinates":[[-99.13223,19.43343],[-99.13227,19.43344]]}},{"type":"Feature","properties":{"c":"foot"},"geometry":{"type":"LineString","coordinates":[[-99.13227,19.43344],[-99.13235,19.43345]]}},{"type":"Feature","properties":{"c":"foot"},"geometry":{"type":"LineString","coordinates":[[-99.13235,19.43345],[-99.13364,19.43361],[-99.13367,19.43362],[-99.13368,19.43364],[-99.13368,19.43366]]}},{"type":"Feature","properties":{"c":"foot"},"geometry":{"type":"LineString","coordinates":[[-99.13368,19.43366],[-99.13368,19.43367],[-99.13367,19.43378]]}},{"type":"Feature","properties":{"c":"foot"},"geometry":{"type":"LineString","coordinates":[[-99.13367,19.43378],[-99.13348,19.43505],[-99.13347,19.43509]]}},{"type":"Feature","properties":{"c":"major","n":"Avenida Oaxaca"},"geometry":{"type":"LineString","coordinates":[[-99.16542,19.42109],[-99.16597,19.4205]]}},{"type":"Feature","properties":{"c":"major","n":"Avenida Oaxaca"},"geometry":{"type":"LineString","coordinates":[[-99.16597,19.4205],[-99.16608,19.42038]]}},{"type":"Feature","properties":{"c":"major","n":"Avenida Oaxaca"},"geometry":{"type":"LineString","coordinates":[[-99.16514,19.42123],[-99.16505,19.42133]]}},{"type":"Feature","properties":{"c":"major","n":"Avenida Oaxaca"},"geometry":{"type":"LineString","coordinates":[[-99.16505,19.42133],[-99.16421,19.42225]]}},{"type":"Feature","properties":{"c":"minor","n":"Calle Sinaloa"},"geometry":{"type":"LineString","coordinates":[[-99.16514,19.42123],[-99.16503,19.42126]]}},{"type":"Feature","properties":{"c":"minor","n":"Calle Sinaloa"},"geometry":{"type":"LineString","coordinates":[[-99.16503,19.42126],[-99.16494,19.42129],[-99.1642,19.42145]]}},{"type":"Feature","properties":{"c":"minor","n":"Calle Sinaloa"},"geometry":{"type":"LineString","coordinates":[[-99.1642,19.42145],[-99.16365,19.42157]]}},{"type":"Feature","properties":{"c":"major","n":"Calle Plaza Río de Janeiro"},"geometry":{"type":"LineString","coordinates":[[-99.15997,19.42122],[-99.15998,19.42125]]}},{"type":"Feature","properties":{"c":"major","n":"Calle Plaza Río de Janeiro"},"geometry":{"type":"LineString","coordinates":[[-99.15998,19.42125],[-99.16008,19.42175],[-99.16009,19.42178],[-99.16011,19.42179],[-99.16014,19.4218],[-99.16017,19.42179],[-99.16055,19.4217]]}},{"type":"Feature","properties":{"c":"major","n":"Calle Plaza Río de Janeiro"},"geometry":{"type":"LineString","coordinates":[[-99.16055,19.4217],[-99.16065,19.42168]]}},{"type":"Feature","properties":{"c":"major","n":"Calle Plaza Río de Janeiro"},"geometry":{"type":"LineString","coordinates":[[-99.16065,19.42168],[-99.161,19.4216],[-99.16103,19.42159],[-99.16105,19.42157]]}},{"type":"Feature","properties":{"c":"major","n":"Calle Plaza Río de Janeiro"},"geometry":{"type":"LineString","coordinates":[[-99.16105,19.42157],[-99.16106,19.42155],[-99.16106,19.42152],[-99.16096,19.42112],[-99.16094,19.42107]]}},{"type":"Feature","properties":{"c":"major","n":"Calle Plaza Río de Janeiro"},"geometry":{"type":"LineString","coordinates":[[-99.16094,19.42107],[-99.16094,19.42104],[-99.16093,19.42101]]}},{"type":"Feature","properties":{"c":"major","n":"Avenida Monterrey"},"geometry":{"type":"LineString","coordinates":[[-99.16328,19.41426],[-99.16332,19.41441],[-99.16352,19.41507]]}},{"type":"Feature","properties":{"c":"major","n":"Avenida Monterrey"},"geometry":{"type":"LineString","coordinates":[[-99.16352,19.41507],[-99.16376,19.416]]}},{"type":"Feature","properties":{"c":"major","n":"Avenida Monterrey"},"geometry":{"type":"LineString","coordinates":[[-99.16376,19.416],[-99.16392,19.41664]]}},{"type":"Feature","properties":{"c":"major","n":"Avenida Monterrey"},"geometry":{"type":"LineString","coordinates":[[-99.16392,19.41664],[-99.16409,19.41728],[-99.1641,19.41732]]}},{"type":"Feature","properties":{"c":"minor","n":"Cerrada Chiapas"},"geometry":{"type":"LineString","coordinates":[[-99.15656,19.41314],[-99.15665,19.41353]]}},{"type":"Feature","properties":{"c":"minor","n":"Cerrada Orizaba"},"geometry":{"type":"LineString","coordinates":[[-99.15823,19.41283],[-99.15833,19.4128]]}},{"type":"Feature","properties":{"c":"minor","n":"Privada Primera Tonalá"},"geometry":{"type":"LineString","coordinates":[[-99.16253,19.4199],[-99.16307,19.41979]]}},{"type":"Feature","properties":{"c":"minor","n":"Privada Segunda Tonalá"},"geometry":{"type":"LineString","coordinates":[[-99.16242,19.42011],[-99.16311,19.41995]]}},{"type":"Feature","properties":{"c":"minor","n":"Cerrada Morelia"},"geometry":{"type":"LineString","coordinates":[[-99.15479,19.42181],[-99.15552,19.42181]]}},{"type":"Feature","properties":{"c":"minor","n":"Callejón Durango"},"geometry":{"type":"LineString","coordinates":[[-99.15525,19.42298],[-99.15527,19.4223]]}},{"type":"Feature","properties":{"c":"minor","n":"Cerrada Cozumel"},"geometry":{"type":"LineString","coordinates":[[-99.17003,19.4171],[-99.17039,19.41703],[-99.17045,19.41702]]}},{"type":"Feature","properties":{"c":"major","n":"Avenida Chapultepec"},"geometry":{"type":"LineString","coordinates":[[-99.17306,19.42124],[-99.1723,19.42141],[-99.1717,19.42154],[-99.17164,19.42156]]}},{"type":"Feature","properties":{"c":"major","n":"Avenida Chapultepec"},"geometry":{"type":"LineString","coordinates":[[-99.17164,19.42156],[-99.17158,19.42157]]}},{"type":"Feature","properties":{"c":"foot","n":"Callejón Segundo Mesones"},"geometry":{"type":"LineString","coordinates":[[-99.13118,19.42762],[-99.13112,19.42809]]}},{"type":"Feature","properties":{"c":"foot","n":"Calle Pasaje Mesones-Salvador"},"geometry":{"type":"LineString","coordinates":[[-99.1317,19.42896],[-99.13174,19.42853]]}},{"type":"Feature","properties":{"c":"foot","n":"Calle Pasaje Mesones-Salvador"},"geometry":{"type":"LineString","coordinates":[[-99.13174,19.42853],[-99.13177,19.42816]]}},{"type":"Feature","properties":{"c":"foot","n":"Callejón de la Cazuela"},"geometry":{"type":"LineString","coordinates":[[-99.13503,19.43466],[-99.13554,19.43472],[-99.13561,19.43416]]}},{"type":"Feature","properties":{"c":"minor"},"geometry":{"type":"LineString","coordinates":[[-99.16083,19.3496],[-99.16083,19.34952]]}},{"type":"Feature","properties":{"c":"minor"},"geometry":{"type":"LineString","coordinates":[[-99.16081,19.34935],[-99.16082,19.34948]]}},{"type":"Feature","properties":{"c":"minor"},"geometry":{"type":"LineString","coordinates":[[-99.16312,19.35149],[-99.16308,19.3514],[-99.16309,19.35123]]}},{"type":"Feature","properties":{"c":"minor"},"geometry":{"type":"LineString","coordinates":[[-99.16511,19.35099],[-99.16514,19.35085]]}},{"type":"Feature","properties":{"c":"minor","n":"Calle Guanajuato"},"geometry":{"type":"LineString","coordinates":[[-99.16219,19.41631],[-99.16286,19.41617]]}},{"type":"Feature","properties":{"c":"minor","n":"Calle Guanajuato"},"geometry":{"type":"LineString","coordinates":[[-99.16286,19.41617],[-99.16376,19.416]]}},{"type":"Feature","properties":{"c":"minor","n":"Calle Guanajuato"},"geometry":{"type":"LineString","coordinates":[[-99.16376,19.416],[-99.16514,19.41574],[-99.1652,19.41576],[-99.16524,19.41577]]}},{"type":"Feature","properties":{"c":"foot"},"geometry":{"type":"LineString","coordinates":[[-99.1431,19.43359],[-99.14316,19.43322]]}},{"type":"Feature","properties":{"c":"major","n":"Calle Valerio Trujano"},"geometry":{"type":"LineString","coordinates":[[-99.14404,19.43689],[-99.14408,19.43673]]}},{"type":"Feature","properties":{"c":"minor","n":"Calle Ave María"},"geometry":{"type":"LineString","coordinates":[[-99.16765,19.34843],[-99.16741,19.34936]]}},{"type":"Feature","properties":{"c":"minor","n":"Prolongación Moctezuma"},"geometry":{"type":"LineString","coordinates":[[-99.16731,19.34667],[-99.16736,19.34664],[-99.1674,19.34661],[-99.16743,19.34658],[-99.16747,19.34653],[-99.1675,19.34648],[-99.16753,19.34642]]}},{"type":"Feature","properties":{"c":"minor","n":"Calle Reforma"},"geometry":{"type":"LineString","coordinates":[[-99.1671,19.34785],[-99.1671,19.34782],[-99.16707,19.3478],[-99.16652,19.34764]]}},{"type":"Feature","properties":{"c":"minor","n":"Calle Reforma"},"geometry":{"type":"LineString","coordinates":[[-99.16695,19.34828],[-99.1671,19.34785]]}},{"type":"Feature","properties":{"c":"major","n":"Avenida Chapultepec"},"geometry":{"type":"LineString","coordinates":[[-99.17162,19.42189],[-99.17171,19.42187]]}},{"type":"Feature","properties":{"c":"major","n":"Avenida Chapultepec"},"geometry":{"type":"LineString","coordinates":[[-99.17171,19.42187],[-99.17175,19.42187],[-99.17183,19.42185]]}},{"type":"Feature","properties":{"c":"major","n":"Avenida Chapultepec"},"geometry":{"type":"LineString","coordinates":[[-99.17183,19.42185],[-99.17226,19.42175],[-99.1726,19.42168],[-99.17266,19.42167],[-99.1727,19.42166]]}},{"type":"Feature","properties":{"c":"foot"},"geometry":{"type":"LineString","coordinates":[[-99.16904,19.41394],[-99.16908,19.41393],[-99.16916,19.41388],[-99.16924,19.41382],[-99.1693,19.41377],[-99.16936,19.41369]]}},{"type":"Feature","properties":{"c":"foot"},"geometry":{"type":"LineString","coordinates":[[-99.16936,19.41369],[-99.16946,19.41377]]}},{"type":"Feature","properties":{"c":"foot"},"geometry":{"type":"LineString","coordinates":[[-99.16946,19.41377],[-99.1695,19.4138]]}},{"type":"Feature","properties":{"c":"foot"},"geometry":{"type":"LineString","coordinates":[[-99.16909,19.4112],[-99.16885,19.4115],[-99.16882,19.41157]]}},{"type":"Feature","properties":{"c":"foot"},"geometry":{"type":"LineString","coordinates":[[-99.16882,19.41157],[-99.16876,19.4117]]}},{"type":"Feature","properties":{"c":"foot"},"geometry":{"type":"LineString","coordinates":[[-99.16876,19.4117],[-99.16875,19.41173]]}},{"type":"Feature","properties":{"c":"foot"},"geometry":{"type":"LineString","coordinates":[[-99.16875,19.41173],[-99.16871,19.41179],[-99.16867,19.41188],[-99.16856,19.41212]]}},{"type":"Feature","properties":{"c":"foot"},"geometry":{"type":"LineString","coordinates":[[-99.16856,19.41212],[-99.16852,19.41224]]}},{"type":"Feature","properties":{"c":"foot"},"geometry":{"type":"LineString","coordinates":[[-99.16852,19.41224],[-99.16848,19.41241],[-99.16843,19.4126],[-99.16841,19.41271],[-99.1684,19.4129],[-99.16842,19.41315]]}},{"type":"Feature","properties":{"c":"foot"},"geometry":{"type":"LineString","coordinates":[[-99.16842,19.41315],[-99.16842,19.41323],[-99.16844,19.41334],[-99.16848,19.41345],[-99.16852,19.41355],[-99.1686,19.41368]]}},{"type":"Feature","properties":{"c":"foot"},"geometry":{"type":"LineString","coordinates":[[-99.1686,19.41368],[-99.16866,19.41375],[-99.16872,19.41382],[-99.16879,19.41388],[-99.16885,19.41392],[-99.16889,19.41394],[-99.16893,19.41395]]}},{"type":"Feature","properties":{"c":"foot"},"geometry":{"type":"LineString","coordinates":[[-99.16994,19.41133],[-99.17024,19.4112]]}},{"type":"Feature","properties":{"c":"foot"},"geometry":{"type":"LineString","coordinates":[[-99.17024,19.4112],[-99.17034,19.41114],[-99.17042,19.41108],[-99.17049,19.41101],[-99.17051,19.41098]]}},{"type":"Feature","properties":{"c":"foot"},"geometry":{"type":"LineString","coordinates":[[-99.17051,19.41098],[-99.17055,19.41094],[-99.17063,19.41085],[-99.17069,19.41075]]}},{"type":"Feature","properties":{"c":"minor"},"geometry":{"type":"LineString","coordinates":[[-99.16487,19.34794],[-99.16489,19.34787],[-99.1649,19.34784]]}},{"type":"Feature","properties":{"c":"major"},"geometry":{"type":"LineString","coordinates":[[-99.16358,19.35312],[-99.16367,19.3531],[-99.16377,19.35312]]}},{"type":"Feature","properties":{"c":"major","n":"Glorieta de los Insurgentes"},"geometry":{"type":"LineString","coordinates":[[-99.16276,19.42435],[-99.16282,19.42431],[-99.16288,19.42429],[-99.16297,19.42429],[-99.16309,19.42427],[-99.16322,19.42424],[-99.1633,19.4242],[-99.16334,19.42418],[-99.16343,19.42412],[-99.1635,19.42404],[-99.16357,19.42395],[-99.16361,19.42385],[-99.16363,19.42378]]}},{"type":"Feature","properties":{"c":"major","n":"Glorieta de los Insurgentes"},"geometry":{"type":"LineString","coordinates":[[-99.16363,19.42378],[-99.16364,19.42366],[-99.16363,19.42356],[-99.16359,19.42342],[-99.16353,19.42333]]}},{"type":"Feature","properties":{"c":"major","n":"Glorieta de los Insurgentes"},"geometry":{"type":"LineString","coordinates":[[-99.16353,19.42333],[-99.16348,19.42326]]}},{"type":"Feature","properties":{"c":"major","n":"Glorieta de los Insurgentes"},"geometry":{"type":"LineString","coordinates":[[-99.16348,19.42326],[-99.16339,19.42318]]}},{"type":"Feature","properties":{"c":"major","n":"Glorieta de los Insurgentes"},"geometry":{"type":"LineString","coordinates":[[-99.16339,19.42318],[-99.16327,19.42309],[-99.16324,19.42305],[-99.16323,19.423]]}},{"type":"Feature","properties":{"c":"major","n":"Glorieta de los Insurgentes"},"geometry":{"type":"LineString","coordinates":[[-99.16311,19.42296],[-99.16306,19.42301],[-99.16302,19.42303],[-99.16295,19.42304],[-99.16281,19.42307],[-99.16268,19.42311],[-99.16258,19.42318],[-99.16248,19.42325],[-99.16242,19.42332],[-99.16237,19.42342],[-99.16235,19.42353],[-99.16233,19.42365],[-99.16234,19.42374]]}},{"type":"Feature","properties":{"c":"major","n":"Glorieta de los Insurgentes"},"geometry":{"type":"LineString","coordinates":[[-99.16234,19.42374],[-99.16235,19.42382],[-99.16238,19.42391],[-99.16243,19.42399],[-99.16247,19.42404],[-99.16251,19.4241],[-99.16257,19.42416],[-99.1626,19.42422],[-99.16261,19.42429]]}},{"type":"Feature","properties":{"c":"foot"},"geometry":{"type":"LineString","coordinates":[[-99.14371,19.43647],[-99.14374,19.43651]]}},{"type":"Feature","properties":{"c":"foot"},"geometry":{"type":"LineString","coordinates":[[-99.14374,19.43651],[-99.14377,19.43653],[-99.14381,19.43654],[-99.14385,19.43655],[-99.14389,19.43654]]}},{"type":"Feature","properties":{"c":"foot"},"geometry":{"type":"LineString","coordinates":[[-99.14389,19.43654],[-99.14392,19.43652],[-99.14395,19.4365],[-99.14397,19.43647],[-99.14398,19.43643],[-99.14398,19.43639]]}},{"type":"Feature","properties":{"c":"foot"},"geometry":{"type":"LineString","coordinates":[[-99.14398,19.43639],[-99.14396,19.43636],[-99.14394,19.43632],[-99.14391,19.4363],[-99.14387,19.43629]]}},{"type":"Feature","properties":{"c":"foot"},"geometry":{"type":"LineString","coordinates":[[-99.14387,19.43629],[-99.14383,19.43629],[-99.14379,19.43629],[-99.14375,19.43631],[-99.14373,19.43634]]}},{"type":"Feature","properties":{"c":"foot"},"geometry":{"type":"LineString","coordinates":[[-99.14373,19.43634],[-99.14371,19.43638],[-99.1437,19.43642],[-99.14371,19.43647]]}},{"type":"Feature","properties":{"c":"foot"},"geometry":{"type":"LineString","coordinates":[[-99.14389,19.43654],[-99.14393,19.43662]]}},{"type":"Feature","properties":{"c":"foot"},"geometry":{"type":"LineString","coordinates":[[-99.14374,19.43651],[-99.14368,19.43657]]}},{"type":"Feature","properties":{"c":"foot"},"geometry":{"type":"LineString","coordinates":[[-99.14394,19.43587],[-99.14387,19.43629]]}},{"type":"Feature","properties":{"c":"major","n":"Avenida Chapultepec"},"geometry":{"type":"LineString","coordinates":[[-99.16562,19.42298],[-99.16551,19.423]]}},{"type":"Feature","properties":{"c":"major","n":"Avenida Chapultepec"},"geometry":{"type":"LineString","coordinates":[[-99.16551,19.423],[-99.16524,19.42304],[-99.16418,19.42327]]}},{"type":"Feature","properties":{"c":"major","n":"Avenida Chapultepec"},"geometry":{"type":"LineString","coordinates":[[-99.16559,19.42289],[-99.16549,19.42291]]}},{"type":"Feature","properties":{"c":"major","n":"Avenida Chapultepec"},"geometry":{"type":"LineString","coordinates":[[-99.16549,19.42291],[-99.16522,19.42296],[-99.16469,19.42308],[-99.16455,19.42311],[-99.16406,19.42321]]}},{"type":"Feature","properties":{"c":"major","n":"Avenida Chapultepec"},"geometry":{"type":"LineString","coordinates":[[-99.16406,19.42321],[-99.1638,19.42327],[-99.16361,19.42331]]}},{"type":"Feature","properties":{"c":"major","n":"Calle Florencia"},"geometry":{"type":"LineString","coordinates":[[-99.1657,19.42322],[-99.16577,19.42328]]}},{"type":"Feature","properties":{"c":"major","n":"Calle Florencia"},"geometry":{"type":"LineString","coordinates":[[-99.16577,19.42328],[-99.16584,19.42339],[-99.16585,19.42343]]}},{"type":"Feature","properties":{"c":"major","n":"Calle Florencia"},"geometry":{"type":"LineString","coordinates":[[-99.16585,19.42343],[-99.16589,19.42348]]}},{"type":"Feature","properties":{"c":"major","n":"Calle Florencia"},"geometry":{"type":"LineString","coordinates":[[-99.1657,19.42322],[-99.16569,19.42329]]}},{"type":"Feature","properties":{"c":"major","n":"Calle Florencia"},"geometry":{"type":"LineString","coordinates":[[-99.16569,19.42329],[-99.16575,19.42344],[-99.16576,19.42347]]}},{"type":"Feature","properties":{"c":"major","n":"Calle Florencia"},"geometry":{"type":"LineString","coordinates":[[-99.16576,19.42347],[-99.16579,19.42353]]}},{"type":"Feature","properties":{"c":"major","n":"Avenida Monterrey"},"geometry":{"type":"LineString","coordinates":[[-99.16447,19.41878],[-99.1645,19.41888]]}},{"type":"Feature","properties":{"c":"major","n":"Avenida Monterrey"},"geometry":{"type":"LineString","coordinates":[[-99.1645,19.41888],[-99.16451,19.41893]]}},{"type":"Feature","properties":{"c":"major","n":"Avenida Monterrey"},"geometry":{"type":"LineString","coordinates":[[-99.16451,19.41893],[-99.16454,19.41901]]}},{"type":"Feature","properties":{"c":"major","n":"Avenida Monterrey"},"geometry":{"type":"LineString","coordinates":[[-99.16454,19.41901],[-99.16472,19.41967]]}},{"type":"Feature","properties":{"c":"major","n":"Avenida Monterrey"},"geometry":{"type":"LineString","coordinates":[[-99.16472,19.41967],[-99.16484,19.42014]]}},{"type":"Feature","properties":{"c":"major","n":"Avenida Monterrey"},"geometry":{"type":"LineString","coordinates":[[-99.16484,19.42014],[-99.16499,19.42068]]}},{"type":"Feature","properties":{"c":"major","n":"Avenida Monterrey"},"geometry":{"type":"LineString","coordinates":[[-99.16499,19.42068],[-99.16512,19.42117]]}},{"type":"Feature","properties":{"c":"major","n":"Avenida Monterrey"},"geometry":{"type":"LineString","coordinates":[[-99.16512,19.42117],[-99.16514,19.42123]]}},{"type":"Feature","properties":{"c":"major","n":"Avenida Monterrey"},"geometry":{"type":"LineString","coordinates":[[-99.16562,19.42298],[-99.16566,19.42312]]}},{"type":"Feature","properties":{"c":"major","n":"Avenida Monterrey"},"geometry":{"type":"LineString","coordinates":[[-99.16566,19.42312],[-99.1657,19.42322]]}},{"type":"Feature","properties":{"c":"major","n":"Avenida Monterrey"},"geometry":{"type":"LineString","coordinates":[[-99.16559,19.42289],[-99.16562,19.42298]]}},{"type":"Feature","properties":{"c":"major","n":"Avenida Chapultepec"},"geometry":{"type":"LineString","coordinates":[[-99.16869,19.42253],[-99.16879,19.42251]]}},{"type":"Feature","properties":{"c":"major","n":"Avenida Chapultepec"},"geometry":{"type":"LineString","coordinates":[[-99.16879,19.42251],[-99.16995,19.42226],[-99.17,19.42225],[-99.17004,19.42224]]}},{"type":"Feature","properties":{"c":"major","n":"Avenida Chapultepec"},"geometry":{"type":"LineString","coordinates":[[-99.17004,19.42224],[-99.17025,19.4222]]}},{"type":"Feature","properties":{"c":"major","n":"Calle Sevilla"},"geometry":{"type":"LineString","coordinates":[[-99.17073,19.42341],[-99.1707,19.42334]]}},{"type":"Feature","properties":{"c":"major","n":"Calle Sevilla"},"geometry":{"type":"LineString","coordinates":[[-99.1707,19.42334],[-99.17056,19.42308]]}},{"type":"Feature","properties":{"c":"major","n":"Calle Sevilla"},"geometry":{"type":"LineString","coordinates":[[-99.17056,19.42308],[-99.17046,19.42288]]}},{"type":"Feature","properties":{"c":"major"},"geometry":{"type":"LineString","coordinates":[[-99.17043,19.42206],[-99.17067,19.4221]]}},{"type":"Feature","properties":{"c":"foot"},"geometry":{"type":"LineString","coordinates":[[-99.17173,19.42196],[-99.17172,19.42191],[-99.17171,19.42187]]}},{"type":"Feature","properties":{"c":"foot"},"geometry":{"type":"LineString","coordinates":[[-99.17171,19.42187],[-99.1717,19.42184]]}},{"type":"Feature","properties":{"c":"major","n":"Avenida Chapultepec"},"geometry":{"type":"LineString","coordinates":[[-99.16835,19.42256],[-99.16863,19.42246]]}},{"type":"Feature","properties":{"c":"major","n":"Avenida Chapultepec"},"geometry":{"type":"LineString","coordinates":[[-99.16863,19.42246],[-99.16871,19.42243]]}},{"type":"Feature","properties":{"c":"major","n":"Avenida Chapultepec"},"geometry":{"type":"LineString","coordinates":[[-99.16566,19.42312],[-99.16579,19.42309]]}},{"type":"Feature","properties":{"c":"major","n":"Avenida Chapultepec"},"geometry":{"type":"LineString","coordinates":[[-99.16579,19.42309],[-99.16655,19.42293]]}},{"type":"Feature","properties":{"c":"major","n":"Avenida Chapultepec"},"geometry":{"type":"LineString","coordinates":[[-99.16655,19.42293],[-99.16697,19.42285],[-99.16707,19.42284]]}},{"type":"Feature","properties":{"c":"major","n":"Avenida Chapultepec"},"geometry":{"type":"LineString","coordinates":[[-99.16707,19.42284],[-99.16718,19.42282]]}},{"type":"Feature","properties":{"c":"major","n":"Avenida Insurgentes Sur"},"geometry":{"type":"LineString","coordinates":[[-99.16399,19.41994],[-99.16387,19.42034]]}},{"type":"Feature","properties":{"c":"major","n":"Avenida Insurgentes Sur"},"geometry":{"type":"LineString","coordinates":[[-99.16387,19.42034],[-99.16358,19.42132]]}},{"type":"Feature","properties":{"c":"major","n":"Avenida Insurgentes Sur"},"geometry":{"type":"LineString","coordinates":[[-99.16358,19.42132],[-99.16346,19.42176]]}},{"type":"Feature","properties":{"c":"major","n":"Avenida Insurgentes Sur"},"geometry":{"type":"LineString","coordinates":[[-99.1639,19.42069],[-99.16397,19.42045],[-99.16401,19.42031]]}},{"type":"Feature","properties":{"c":"major","n":"Calle Simón Bolívar"},"geometry":{"type":"LineString","coordinates":[[-99.13888,19.42995],[-99.13905,19.42884]]}},{"type":"Feature","properties":{"c":"major","n":"Calle Simón Bolívar"},"geometry":{"type":"LineString","coordinates":[[-99.13905,19.42884],[-99.13912,19.42841]]}},{"type":"Feature","properties":{"c":"major","n":"Calle Simón Bolívar"},"geometry":{"type":"LineString","coordinates":[[-99.13912,19.42841],[-99.13916,19.42813]]}},{"type":"Feature","properties":{"c":"major","n":"Calle Simón Bolívar"},"geometry":{"type":"LineString","coordinates":[[-99.13916,19.42813],[-99.1393,19.42723],[-99.13931,19.42712],[-99.1394,19.42654]]}},{"type":"Feature","properties":{"c":"minor","n":"Calle República de El Salvador"},"geometry":{"type":"LineString","coordinates":[[-99.13056,19.4288],[-99.12944,19.42865]]}},{"type":"Feature","properties":{"c":"minor","n":"Calle República de El Salvador"},"geometry":{"type":"LineString","coordinates":[[-99.12944,19.42865],[-99.1285,19.42852],[-99.12762,19.4284],[-99.12694,19.4283]]}},{"type":"Feature","properties":{"c":"major","n":"Avenida Lázaro Cárdenas"},"geometry":{"type":"LineString","coordinates":[[-99.14108,19.43281],[-99.14094,19.43368]]}},{"type":"Feature","properties":{"c":"major","n":"Calle Salamanca"},"geometry":{"type":"LineString","coordinates":[[-99.17023,19.42187],[-99.17021,19.4218]]}},{"type":"Feature","properties":{"c":"major","n":"Calle Salamanca"},"geometry":{"type":"LineString","coordinates":[[-99.17021,19.4218],[-99.1702,19.42171]]}},{"type":"Feature","properties":{"c":"major","n":"Calle Sevilla"},"geometry":{"type":"LineString","coordinates":[[-99.17027,19.42252],[-99.17026,19.42237],[-99.17026,19.42233],[-99.17025,19.42227]]}},{"type":"Feature","properties":{"c":"major","n":"Calle Sevilla"},"geometry":{"type":"LineString","coordinates":[[-99.17025,19.42227],[-99.17025,19.4222]]}},{"type":"Feature","properties":{"c":"major"},"geometry":{"type":"LineString","coordinates":[[-99.1663,19.42309],[-99.16655,19.42293]]}},{"type":"Feature","properties":{"c":"minor","n":"Calle Liverpool"},"geometry":{"type":"LineString","coordinates":[[-99.16589,19.42348],[-99.16594,19.42346],[-99.16596,19.42345]]}},{"type":"Feature","properties":{"c":"minor","n":"Calle Liverpool"},"geometry":{"type":"LineString","coordinates":[[-99.16596,19.42345],[-99.1668,19.42307],[-99.16682,19.42305]]}},{"type":"Feature","properties":{"c":"minor","n":"Calle Liverpool"},"geometry":{"type":"LineString","coordinates":[[-99.16682,19.42305],[-99.16684,19.42304],[-99.16685,19.42301],[-99.16689,19.42296]]}},{"type":"Feature","properties":{"c":"major","n":"Calle Durango"},"geometry":{"type":"LineString","coordinates":[[-99.17206,19.41863],[-99.1718,19.41869]]}},{"type":"Feature","properties":{"c":"major","n":"Calle Durango"},"geometry":{"type":"LineString","coordinates":[[-99.1718,19.41869],[-99.17147,19.41877]]}},{"type":"Feature","properties":{"c":"major","n":"Calle Durango"},"geometry":{"type":"LineString","coordinates":[[-99.17147,19.41877],[-99.17091,19.41889]]}},{"type":"Feature","properties":{"c":"major","n":"Calle Durango"},"geometry":{"type":"LineString","coordinates":[[-99.17091,19.41889],[-99.17046,19.41899]]}},{"type":"Feature","properties":{"c":"major","n":"Calle Durango"},"geometry":{"type":"LineString","coordinates":[[-99.17046,19.41899],[-99.16998,19.4191]]}},{"type":"Feature","properties":{"c":"major","n":"Calle Durango"},"geometry":{"type":"LineString","coordinates":[[-99.16998,19.4191],[-99.1696,19.41918]]}},{"type":"Feature","properties":{"c":"major","n":"Calle Durango"},"geometry":{"type":"LineString","coordinates":[[-99.1696,19.41918],[-99.16917,19.41928]]}},{"type":"Feature","properties":{"c":"major","n":"Calle Durango"},"geometry":{"type":"LineString","coordinates":[[-99.16917,19.41928],[-99.16892,19.41934]]}},{"type":"Feature","properties":{"c":"major","n":"Calle Durango"},"geometry":{"type":"LineString","coordinates":[[-99.16892,19.41934],[-99.16852,19.41943]]}},{"type":"Feature","properties":{"c":"major","n":"Calle Durango"},"geometry":{"type":"LineString","coordinates":[[-99.16852,19.41943],[-99.16813,19.41951]]}},{"type":"Feature","properties":{"c":"major","n":"Calle Durango"},"geometry":{"type":"LineString","coordinates":[[-99.16813,19.41951],[-99.16761,19.41963]]}},{"type":"Feature","properties":{"c":"major","n":"Calle Durango"},"geometry":{"type":"LineString","coordinates":[[-99.16761,19.41963],[-99.16714,19.41973]]}},{"type":"Feature","properties":{"c":"major","n":"Calle Durango"},"geometry":{"type":"LineString","coordinates":[[-99.16714,19.41973],[-99.16687,19.41979]]}},{"type":"Feature","properties":{"c":"major","n":"Calle Durango"},"geometry":{"type":"LineString","coordinates":[[-99.16687,19.41979],[-99.16673,19.41982]]}},{"type":"Feature","properties":{"c":"major","n":"Avenida Sonora"},"geometry":{"type":"LineString","coordinates":[[-99.17218,19.4186],[-99.1716,19.41784]]}},{"type":"Feature","properties":{"c":"major","n":"Avenida Sonora"},"geometry":{"type":"LineString","coordinates":[[-99.1716,19.41784],[-99.17131,19.41747],[-99.17123,19.41736]]}},{"type":"Feature","properties":{"c":"major","n":"Avenida Insurgentes Sur"},"geometry":{"type":"LineString","coordinates":[[-99.16458,19.41793],[-99.16448,19.41829]]}},{"type":"Feature","properties":{"c":"major","n":"Avenida Insurgentes Sur"},"geometry":{"type":"LineString","coordinates":[[-99.16448,19.41829],[-99.16441,19.41855]]}},{"type":"Feature","properties":{"c":"major","n":"Avenida Lázaro Cárdenas"},"geometry":{"type":"LineString","coordinates":[[-99.14052,19.4365],[-99.14048,19.43678],[-99.14047,19.43682],[-99.14046,19.43693]]}},{"type":"Feature","properties":{"c":"major","n":"Avenida Lázaro Cárdenas"},"geometry":{"type":"LineString","coordinates":[[-99.14046,19.43693],[-99.14038,19.43738]]}},{"type":"Feature","properties":{"c":"major","n":"Calle 20 de Noviembre"},"geometry":{"type":"LineString","coordinates":[[-99.13372,19.42992],[-99.1337,19.4301]]}},{"type":"Feature","properties":{"c":"major","n":"Avenida 20 de Noviembre"},"geometry":{"type":"LineString","coordinates":[[-99.13395,19.42836],[-99.13382,19.42927]]}},{"type":"Feature","properties":{"c":"major","n":"Avenida 20 de Noviembre"},"geometry":{"type":"LineString","coordinates":[[-99.13382,19.42927],[-99.13377,19.42957]]}},{"type":"Feature","properties":{"c":"major","n":"Avenida 20 de Noviembre"},"geometry":{"type":"LineString","coordinates":[[-99.13377,19.42957],[-99.13372,19.42992]]}},{"type":"Feature","properties":{"c":"major","n":"Calle 20 de Noviembre"},"geometry":{"type":"LineString","coordinates":[[-99.13399,19.42809],[-99.13395,19.42836]]}},{"type":"Feature","properties":{"c":"major","n":"Calle 20 de Noviembre"},"geometry":{"type":"LineString","coordinates":[[-99.13419,19.4267],[-99.13407,19.42753]]}},{"type":"Feature","properties":{"c":"major","n":"Calle 20 de Noviembre"},"geometry":{"type":"LineString","coordinates":[[-99.13407,19.42753],[-99.13399,19.42809]]}},{"type":"Feature","properties":{"c":"major","n":"Calle Isabel la Católica"},"geometry":{"type":"LineString","coordinates":[[-99.13644,19.43216],[-99.13645,19.43219],[-99.13644,19.43222]]}},{"type":"Feature","properties":{"c":"major","n":"Calle Isabel la Católica"},"geometry":{"type":"LineString","coordinates":[[-99.13644,19.43222],[-99.13644,19.43224],[-99.13642,19.43228]]}},{"type":"Feature","properties":{"c":"major","n":"Calle Isabel la Católica"},"geometry":{"type":"LineString","coordinates":[[-99.13644,19.43216],[-99.13642,19.43219],[-99.13642,19.43222]]}},{"type":"Feature","properties":{"c":"major","n":"Calle Isabel la Católica"},"geometry":{"type":"LineString","coordinates":[[-99.13642,19.43222],[-99.13641,19.43224],[-99.13642,19.43228]]}},{"type":"Feature","properties":{"c":"major","n":"Calle Isabel la Católica"},"geometry":{"type":"LineString","coordinates":[[-99.13642,19.43228],[-99.13625,19.43346]]}},{"type":"Feature","properties":{"c":"major","n":"Calle Isabel la Católica"},"geometry":{"type":"LineString","coordinates":[[-99.13625,19.43346],[-99.13613,19.43423]]}},{"type":"Feature","properties":{"c":"major","n":"Calle Isabel la Católica"},"geometry":{"type":"LineString","coordinates":[[-99.13613,19.43423],[-99.13596,19.43541]]}},{"type":"Feature","properties":{"c":"major"},"geometry":{"type":"LineString","coordinates":[[-99.1591,19.41201],[-99.15911,19.41195],[-99.1591,19.41192]]}},{"type":"Feature","properties":{"c":"major"},"geometry":{"type":"LineString","coordinates":[[-99.1591,19.41192],[-99.15909,19.41189],[-99.15908,19.41187],[-99.15905,19.41185],[-99.15896,19.41176]]}},{"type":"Feature","properties":{"c":"minor","n":"Calle Jalapa"},"geometry":{"type":"LineString","coordinates":[[-99.1597,19.41159],[-99.15961,19.41176]]}},{"type":"Feature","properties":{"c":"minor","n":"Calle Jalapa"},"geometry":{"type":"LineString","coordinates":[[-99.15961,19.41176],[-99.15956,19.41191]]}},{"type":"Feature","properties":{"c":"minor","n":"Calle Jalapa"},"geometry":{"type":"LineString","coordinates":[[-99.1597,19.41159],[-99.15969,19.41177]]}},{"type":"Feature","properties":{"c":"minor","n":"Calle Jalapa"},"geometry":{"type":"LineString","coordinates":[[-99.15969,19.41177],[-99.1597,19.41182],[-99.15973,19.41187]]}},{"type":"Feature","properties":{"c":"foot","n":"Pasaje América"},"geometry":{"type":"LineString","coordinates":[[-99.14004,19.43407],[-99.13995,19.4346]]}},{"type":"Feature","properties":{"c":"foot","n":"Pasaje América"},"geometry":{"type":"LineString","coordinates":[[-99.13995,19.4346],[-99.13993,19.43471]]}},{"type":"Feature","properties":{"c":"major","n":"Calle Juan Escutia"},"geometry":{"type":"LineString","coordinates":[[-99.17222,19.41355],[-99.17214,19.41353],[-99.17213,19.41353],[-99.17203,19.41353],[-99.17194,19.41353]]}},{"type":"Feature","properties":{"c":"major","n":"Calle Juan Escutia"},"geometry":{"type":"LineString","coordinates":[[-99.17194,19.41353],[-99.17183,19.41355]]}},{"type":"Feature","properties":{"c":"major","n":"Calle Juan Escutia"},"geometry":{"type":"LineString","coordinates":[[-99.17183,19.41355],[-99.17176,19.41357]]}},{"type":"Feature","properties":{"c":"major","n":"Calle Salamanca"},"geometry":{"type":"LineString","coordinates":[[-99.17025,19.4222],[-99.17024,19.4221]]}},{"type":"Feature","properties":{"c":"major","n":"Calle Ignacio Allende"},"geometry":{"type":"LineString","coordinates":[[-99.13788,19.43656],[-99.138,19.43571]]}},{"type":"Feature","properties":{"c":"minor"},"geometry":{"type":"LineString","coordinates":[[-99.14427,19.43678],[-99.14439,19.43678],[-99.14447,19.43677],[-99.14456,19.43678],[-99.14588,19.43704]]}},{"type":"Feature","properties":{"c":"foot"},"geometry":{"type":"LineString","coordinates":[[-99.14293,19.43643],[-99.14291,19.4365]]}},{"type":"Feature","properties":{"c":"foot"},"geometry":{"type":"LineString","coordinates":[[-99.14291,19.4365],[-99.14287,19.43666]]}},{"type":"Feature","properties":{"c":"foot"},"geometry":{"type":"LineString","coordinates":[[-99.14252,19.43635],[-99.1425,19.43642]]}},{"type":"Feature","properties":{"c":"foot"},"geometry":{"type":"LineString","coordinates":[[-99.1425,19.43642],[-99.14247,19.43659]]}},{"type":"Feature","properties":{"c":"foot"},"geometry":{"type":"LineString","coordinates":[[-99.14247,19.43659],[-99.14246,19.43663]]}},{"type":"Feature","properties":{"c":"foot"},"geometry":{"type":"LineString","coordinates":[[-99.14316,19.43322],[-99.14317,19.43315]]}},{"type":"Feature","properties":{"c":"minor"},"geometry":{"type":"LineString","coordinates":[[-99.17055,19.41775],[-99.17029,19.41782],[-99.17025,19.41768]]}},{"type":"Feature","properties":{"c":"minor"},"geometry":{"type":"LineString","coordinates":[[-99.17025,19.41768],[-99.17023,19.41759]]}},{"type":"Feature","properties":{"c":"foot"},"geometry":{"type":"LineString","coordinates":[[-99.16842,19.41207],[-99.16831,19.41204]]}},{"type":"Feature","properties":{"c":"major"},"geometry":{"type":"LineString","coordinates":[[-99.17149,19.41791],[-99.1716,19.41784]]}},{"type":"Feature","properties":{"c":"major"},"geometry":{"type":"LineString","coordinates":[[-99.17078,19.417],[-99.17087,19.41692]]}},{"type":"Feature","properties":{"c":"major"},"geometry":{"type":"LineString","coordinates":[[-99.17053,19.41668],[-99.17063,19.41661]]}},{"type":"Feature","properties":{"c":"major","n":"Avenida Sonora"},"geometry":{"type":"LineString","coordinates":[[-99.17109,19.4174],[-99.17149,19.41791]]}},{"type":"Feature","properties":{"c":"major","n":"Avenida Sonora"},"geometry":{"type":"LineString","coordinates":[[-99.17149,19.41791],[-99.17198,19.41853],[-99.17206,19.41863]]}},{"type":"Feature","properties":{"c":"major","n":"Calle Salamanca"},"geometry":{"type":"LineString","coordinates":[[-99.17005,19.42102],[-99.16984,19.42019]]}},{"type":"Feature","properties":{"c":"major","n":"Calle Salamanca"},"geometry":{"type":"LineString","coordinates":[[-99.16984,19.42019],[-99.16964,19.41937]]}},{"type":"Feature","properties":{"c":"major","n":"Calle Salamanca"},"geometry":{"type":"LineString","coordinates":[[-99.16944,19.41857],[-99.16926,19.41782]]}},{"type":"Feature","properties":{"c":"major","n":"Calle Salamanca"},"geometry":{"type":"LineString","coordinates":[[-99.1696,19.41918],[-99.16944,19.41857]]}},{"type":"Feature","properties":{"c":"major","n":"Avenida Nuevo León"},"geometry":{"type":"LineString","coordinates":[[-99.17135,19.41362],[-99.1713,19.41372],[-99.17127,19.41379],[-99.17113,19.41415]]}},{"type":"Feature","properties":{"c":"foot"},"geometry":{"type":"LineString","coordinates":[[-99.1715,19.41321],[-99.17169,19.41327]]}},{"type":"Feature","properties":{"c":"foot"},"geometry":{"type":"LineString","coordinates":[[-99.17172,19.41318],[-99.17154,19.41312]]}},{"type":"Feature","properties":{"c":"minor"},"geometry":{"type":"LineString","coordinates":[[-99.16997,19.41553],[-99.16987,19.4156]]}},{"type":"Feature","properties":{"c":"minor"},"geometry":{"type":"LineString","coordinates":[[-99.17004,19.41553],[-99.16997,19.41553]]}},{"type":"Feature","properties":{"c":"minor"},"geometry":{"type":"LineString","coordinates":[[-99.17017,19.41564],[-99.17004,19.41553]]}},{"type":"Feature","properties":{"c":"foot"},"geometry":{"type":"LineString","coordinates":[[-99.17086,19.41488],[-99.17074,19.4148]]}},{"type":"Feature","properties":{"c":"major","n":"Avenida Parque España"},"geometry":{"type":"LineString","coordinates":[[-99.17193,19.41387],[-99.17203,19.41377],[-99.17216,19.41361],[-99.17222,19.41355]]}},{"type":"Feature","properties":{"c":"major"},"geometry":{"type":"LineString","coordinates":[[-99.17187,19.41593],[-99.17189,19.41591],[-99.17192,19.41587],[-99.17193,19.41584],[-99.17194,19.4158],[-99.17192,19.41577]]}},{"type":"Feature","properties":{"c":"foot"},"geometry":{"type":"LineString","coordinates":[[-99.17147,19.41877],[-99.17142,19.41887]]}},{"type":"Feature","properties":{"c":"foot"},"geometry":{"type":"LineString","coordinates":[[-99.17142,19.41887],[-99.17138,19.41899]]}},{"type":"Feature","properties":{"c":"foot"},"geometry":{"type":"LineString","coordinates":[[-99.17186,19.41888],[-99.17183,19.41878]]}},{"type":"Feature","properties":{"c":"foot"},"geometry":{"type":"LineString","coordinates":[[-99.17183,19.41878],[-99.1718,19.41869]]}},{"type":"Feature","properties":{"c":"foot"},"geometry":{"type":"LineString","coordinates":[[-99.1705,19.41918],[-99.17048,19.41908]]}},{"type":"Feature","properties":{"c":"foot"},"geometry":{"type":"LineString","coordinates":[[-99.17048,19.41908],[-99.17046,19.41899]]}},{"type":"Feature","properties":{"c":"foot"},"geometry":{"type":"LineString","coordinates":[[-99.17003,19.41928],[-99.17,19.41919]]}},{"type":"Feature","properties":{"c":"foot"},"geometry":{"type":"LineString","coordinates":[[-99.17,19.41919],[-99.16998,19.4191]]}},{"type":"Feature","properties":{"c":"foot"},"geometry":{"type":"LineString","coordinates":[[-99.16922,19.41946],[-99.1692,19.41936]]}},{"type":"Feature","properties":{"c":"foot"},"geometry":{"type":"LineString","coordinates":[[-99.1692,19.41936],[-99.16917,19.41928]]}},{"type":"Feature","properties":{"c":"foot"},"geometry":{"type":"LineString","coordinates":[[-99.16897,19.41951],[-99.16894,19.41942]]}},{"type":"Feature","properties":{"c":"foot"},"geometry":{"type":"LineString","coordinates":[[-99.16894,19.41942],[-99.16892,19.41934]]}},{"type":"Feature","properties":{"c":"foot"},"geometry":{"type":"LineString","coordinates":[[-99.16856,19.4196],[-99.16854,19.41951]]}},{"type":"Feature","properties":{"c":"foot"},"geometry":{"type":"LineString","coordinates":[[-99.16854,19.41951],[-99.16852,19.41943]]}},{"type":"Feature","properties":{"c":"foot"},"geometry":{"type":"LineString","coordinates":[[-99.16765,19.4198],[-99.16763,19.41971]]}},{"type":"Feature","properties":{"c":"foot"},"geometry":{"type":"LineString","coordinates":[[-99.16763,19.41971],[-99.16761,19.41963]]}},{"type":"Feature","properties":{"c":"foot"},"geometry":{"type":"LineString","coordinates":[[-99.16718,19.4199],[-99.16716,19.41982]]}},{"type":"Feature","properties":{"c":"foot"},"geometry":{"type":"LineString","coordinates":[[-99.16716,19.41982],[-99.16714,19.41973]]}},{"type":"Feature","properties":{"c":"minor"},"geometry":{"type":"LineString","coordinates":[[-99.17063,19.41774],[-99.17055,19.41775]]}},{"type":"Feature","properties":{"c":"major","n":"Calle Salamanca"},"geometry":{"type":"LineString","coordinates":[[-99.1702,19.42171],[-99.17015,19.42142]]}},{"type":"Feature","properties":{"c":"major","n":"Calle Salamanca"},"geometry":{"type":"LineString","coordinates":[[-99.17015,19.42142],[-99.17005,19.42102]]}},{"type":"Feature","properties":{"c":"major","n":"Calle Salamanca"},"geometry":{"type":"LineString","coordinates":[[-99.16926,19.41782],[-99.16909,19.41711]]}},{"type":"Feature","properties":{"c":"major","n":"Calle Salamanca"},"geometry":{"type":"LineString","coordinates":[[-99.16909,19.41711],[-99.16907,19.41702]]}},{"type":"Feature","properties":{"c":"major","n":"Avenida Medellín"},"geometry":{"type":"LineString","coordinates":[[-99.16399,19.40944],[-99.16387,19.40896]]}},{"type":"Feature","properties":{"c":"major","n":"Avenida Medellín"},"geometry":{"type":"LineString","coordinates":[[-99.16387,19.40896],[-99.16363,19.40793]]}},{"type":"Feature","properties":{"c":"major","n":"Avenida Monterrey"},"geometry":{"type":"LineString","coordinates":[[-99.16094,19.40528],[-99.1612,19.40627],[-99.16148,19.4073],[-99.16159,19.40779]]}},{"type":"Feature","properties":{"c":"major","n":"Avenida Monterrey"},"geometry":{"type":"LineString","coordinates":[[-99.16159,19.40779],[-99.16174,19.40831]]}},{"type":"Feature","properties":{"c":"major","n":"Avenida Monterrey"},"geometry":{"type":"LineString","coordinates":[[-99.16174,19.40831],[-99.16186,19.40881]]}},{"type":"Feature","properties":{"c":"minor","n":"Calle Nayarit"},"geometry":{"type":"LineString","coordinates":[[-99.16399,19.40944],[-99.16559,19.40913]]}},{"type":"Feature","properties":{"c":"major","n":"Avenida Monterrey"},"geometry":{"type":"LineString","coordinates":[[-99.16186,19.40881],[-99.16199,19.40932]]}},{"type":"Feature","properties":{"c":"major","n":"Avenida Monterrey"},"geometry":{"type":"LineString","coordinates":[[-99.16199,19.40932],[-99.16212,19.40982]]}},{"type":"Feature","properties":{"c":"major","n":"Avenida Monterrey"},"geometry":{"type":"LineString","coordinates":[[-99.16212,19.40982],[-99.16225,19.4103]]}},{"type":"Feature","properties":{"c":"major","n":"Avenida Monterrey"},"geometry":{"type":"LineString","coordinates":[[-99.16225,19.4103],[-99.16234,19.41067]]}},{"type":"Feature","properties":{"c":"major","n":"Avenida Monterrey"},"geometry":{"type":"LineString","coordinates":[[-99.16234,19.41067],[-99.16237,19.41076]]}},{"type":"Feature","properties":{"c":"major","n":"Avenida Monterrey"},"geometry":{"type":"LineString","coordinates":[[-99.16237,19.41076],[-99.16252,19.41134]]}},{"type":"Feature","properties":{"c":"major","n":"Avenida Monterrey"},"geometry":{"type":"LineString","coordinates":[[-99.16252,19.41134],[-99.16267,19.41193]]}},{"type":"Feature","properties":{"c":"major","n":"Avenida Monterrey"},"geometry":{"type":"LineString","coordinates":[[-99.16267,19.41193],[-99.16278,19.41234]]}},{"type":"Feature","properties":{"c":"major","n":"Calle Antonio M. Anza"},"geometry":{"type":"LineString","coordinates":[[-99.15562,19.41179],[-99.15525,19.41179]]}},{"type":"Feature","properties":{"c":"major","n":"Calle Antonio M. Anza"},"geometry":{"type":"LineString","coordinates":[[-99.15525,19.41179],[-99.15486,19.41179]]}},{"type":"Feature","properties":{"c":"minor"},"geometry":{"type":"LineString","coordinates":[[-99.16124,19.41286],[-99.16123,19.41286],[-99.1612,19.41275]]}},{"type":"Feature","properties":{"c":"minor"},"geometry":{"type":"LineString","coordinates":[[-99.16117,19.41299],[-99.16111,19.41267]]}},{"type":"Feature","properties":{"c":"major","n":"Avenida Yucatán"},"geometry":{"type":"LineString","coordinates":[[-99.16058,19.41277],[-99.16085,19.41294],[-99.16089,19.41297],[-99.16094,19.41301],[-99.16129,19.41321],[-99.16132,19.41323],[-99.16135,19.41323],[-99.16137,19.41322],[-99.1614,19.4132],[-99.16142,19.41318]]}},{"type":"Feature","properties":{"c":"major","n":"Avenida Yucatán"},"geometry":{"type":"LineString","coordinates":[[-99.16117,19.41299],[-99.16073,19.41274]]}},{"type":"Feature","properties":{"c":"minor","n":"Calle Chiapas"},"geometry":{"type":"LineString","coordinates":[[-99.16073,19.41274],[-99.16058,19.41277]]}},{"type":"Feature","properties":{"c":"minor","n":"Calle Chiapas"},"geometry":{"type":"LineString","coordinates":[[-99.1666,19.41159],[-99.16656,19.4116],[-99.16622,19.41165]]}},{"type":"Feature","properties":{"c":"minor","n":"Calle Chiapas"},"geometry":{"type":"LineString","coordinates":[[-99.16622,19.41165],[-99.1646,19.41199]]}},{"type":"Feature","properties":{"c":"minor","n":"Calle Chiapas"},"geometry":{"type":"LineString","coordinates":[[-99.1646,19.41199],[-99.16278,19.41234]]}},{"type":"Feature","properties":{"c":"minor","n":"Calle Chiapas"},"geometry":{"type":"LineString","coordinates":[[-99.16278,19.41234],[-99.16129,19.41264]]}},{"type":"Feature","properties":{"c":"minor","n":"Calle Chiapas"},"geometry":{"type":"LineString","coordinates":[[-99.16129,19.41264],[-99.16118,19.41266]]}},{"type":"Feature","properties":{"c":"minor","n":"Calle Chiapas"},"geometry":{"type":"LineString","coordinates":[[-99.16118,19.41266],[-99.16111,19.41267]]}},{"type":"Feature","properties":{"c":"minor","n":"Calle Chiapas"},"geometry":{"type":"LineString","coordinates":[[-99.16111,19.41267],[-99.16073,19.41274]]}},{"type":"Feature","properties":{"c":"major","n":"Avenida Yucatán"},"geometry":{"type":"LineString","coordinates":[[-99.16213,19.41362],[-99.16212,19.41356],[-99.16141,19.41314]]}},{"type":"Feature","properties":{"c":"major","n":"Avenida Yucatán"},"geometry":{"type":"LineString","coordinates":[[-99.16141,19.41314],[-99.16117,19.41299]]}},{"type":"Feature","properties":{"c":"minor"},"geometry":{"type":"LineString","coordinates":[[-99.15978,19.41218],[-99.15989,19.41203],[-99.1599,19.41201],[-99.1599,19.41199],[-99.1599,19.41196],[-99.15987,19.41184]]}},{"type":"Feature","properties":{"c":"major","n":"Avenida Medellín"},"geometry":{"type":"LineString","coordinates":[[-99.1646,19.41199],[-99.1645,19.41158]]}},{"type":"Feature","properties":{"c":"major","n":"Avenida Medellín"},"geometry":{"type":"LineString","coordinates":[[-99.1645,19.41158],[-99.16435,19.41099]]}},{"type":"Feature","properties":{"c":"major","n":"Avenida Medellín"},"geometry":{"type":"LineString","coordinates":[[-99.16435,19.41099],[-99.16419,19.41029]]}},{"type":"Feature","properties":{"c":"major","n":"Avenida Medellín"},"geometry":{"type":"LineString","coordinates":[[-99.16419,19.41029],[-99.16411,19.40995]]}},{"type":"Feature","properties":{"c":"major","n":"Avenida Medellín"},"geometry":{"type":"LineString","coordinates":[[-99.16411,19.40995],[-99.16399,19.40944]]}},{"type":"Feature","properties":{"c":"major"},"geometry":{"type":"LineString","coordinates":[[-99.16348,19.41438],[-99.16347,19.41435],[-99.16347,19.41432],[-99.16347,19.41429],[-99.16348,19.41426],[-99.16349,19.41424],[-99.16351,19.41421]]}},{"type":"Feature","properties":{"c":"major","n":"Avenida Monterrey"},"geometry":{"type":"LineString","coordinates":[[-99.16306,19.41343],[-99.16321,19.41401]]}},{"type":"Feature","properties":{"c":"major"},"geometry":{"type":"LineString","coordinates":[[-99.16321,19.41401],[-99.1632,19.41405],[-99.16317,19.41408],[-99.16315,19.41411],[-99.16311,19.41413],[-99.16307,19.41414]]}},{"type":"Feature","properties":{"c":"major","n":"Avenida Monterrey"},"geometry":{"type":"LineString","coordinates":[[-99.16278,19.41234],[-99.16288,19.41273]]}},{"type":"Feature","properties":{"c":"major","n":"Avenida Monterrey"},"geometry":{"type":"LineString","coordinates":[[-99.16288,19.41273],[-99.16306,19.41343]]}},{"type":"Feature","properties":{"c":"major","n":"Avenida Yucatán"},"geometry":{"type":"LineString","coordinates":[[-99.16273,19.41396],[-99.16267,19.41392],[-99.16239,19.41377]]}},{"type":"Feature","properties":{"c":"major","n":"Calle Orizaba"},"geometry":{"type":"LineString","coordinates":[[-99.15827,19.41219],[-99.15816,19.41179]]}},{"type":"Feature","properties":{"c":"major","n":"Calle Orizaba"},"geometry":{"type":"LineString","coordinates":[[-99.15816,19.41179],[-99.15814,19.41171]]}},{"type":"Feature","properties":{"c":"major","n":"Calle Toluca"},"geometry":{"type":"LineString","coordinates":[[-99.15699,19.40739],[-99.15757,19.40972]]}},{"type":"Feature","properties":{"c":"major","n":"Calle Toluca"},"geometry":{"type":"LineString","coordinates":[[-99.15757,19.40972],[-99.15803,19.41162]]}},{"type":"Feature","properties":{"c":"major","n":"Calle Toluca"},"geometry":{"type":"LineString","coordinates":[[-99.15803,19.41162],[-99.15806,19.41171]]}},{"type":"Feature","properties":{"c":"minor"},"geometry":{"type":"LineString","coordinates":[[-99.15714,19.41891],[-99.15718,19.41911],[-99.15721,19.4191],[-99.15733,19.41908],[-99.15742,19.41906]]}},{"type":"Feature","properties":{"c":"foot","n":"Cerrada Jalapa"},"geometry":{"type":"LineString","coordinates":[[-99.16203,19.42202],[-99.16214,19.42199]]}},{"type":"Feature","properties":{"c":"major","n":"Avenida Cuauhtémoc"},"geometry":{"type":"LineString","coordinates":[[-99.15489,19.41147],[-99.15495,19.4108]]}},{"type":"Feature","properties":{"c":"major","n":"Avenida Cuauhtémoc"},"geometry":{"type":"LineString","coordinates":[[-99.15486,19.41179],[-99.15489,19.41147]]}},{"type":"Feature","properties":{"c":"minor","n":"Calle Doctor Márquez"},"geometry":{"type":"LineString","coordinates":[[-99.15472,19.41179],[-99.15401,19.41171]]}},{"type":"Feature","properties":{"c":"minor","n":"Calle Doctor Márquez"},"geometry":{"type":"LineString","coordinates":[[-99.15401,19.41171],[-99.15368,19.41166]]}},{"type":"Feature","properties":{"c":"minor","n":"Calle Doctor Márquez"},"geometry":{"type":"LineString","coordinates":[[-99.15368,19.41166],[-99.15327,19.4116],[-99.1532,19.41159]]}},{"type":"Feature","properties":{"c":"foot"},"geometry":{"type":"LineString","coordinates":[[-99.1552,19.40859],[-99.1552,19.40854],[-99.15519,19.40854]]}},{"type":"Feature","properties":{"c":"foot"},"geometry":{"type":"LineString","coordinates":[[-99.15495,19.40858],[-99.15496,19.40852],[-99.15496,19.40847],[-99.15498,19.40847]]}},{"type":"Feature","properties":{"c":"foot"},"geometry":{"type":"LineString","coordinates":[[-99.1552,19.40859],[-99.15495,19.40858]]}},{"type":"Feature","properties":{"c":"minor"},"geometry":{"type":"LineString","coordinates":[[-99.16571,19.4152],[-99.16583,19.41525]]}},{"type":"Feature","properties":{"c":"minor"},"geometry":{"type":"LineString","coordinates":[[-99.16583,19.41525],[-99.1659,19.41527],[-99.16593,19.41537]]}},{"type":"Feature","properties":{"c":"minor"},"geometry":{"type":"LineString","coordinates":[[-99.1656,19.41517],[-99.16563,19.41518],[-99.16571,19.4152]]}},{"type":"Feature","properties":{"c":"major","n":"Avenida Insurgentes Sur"},"geometry":{"type":"LineString","coordinates":[[-99.16477,19.41776],[-99.16485,19.41752],[-99.16488,19.4174]]}},{"type":"Feature","properties":{"c":"major","n":"Avenida Insurgentes Sur"},"geometry":{"type":"LineString","coordinates":[[-99.16432,19.4193],[-99.16439,19.41904],[-99.16447,19.41878]]}},{"type":"Feature","properties":{"c":"major","n":"Avenida Oaxaca"},"geometry":{"type":"LineString","coordinates":[[-99.16421,19.42225],[-99.16369,19.42283]]}},{"type":"Feature","properties":{"c":"major","n":"Avenida Insurgentes Sur"},"geometry":{"type":"LineString","coordinates":[[-99.16638,19.41277],[-99.16639,19.41274]]}},{"type":"Feature","properties":{"c":"major","n":"Avenida Álvaro Obregón"},"geometry":{"type":"LineString","coordinates":[[-99.16429,19.41752],[-99.16472,19.41743]]}},{"type":"Feature","properties":{"c":"major","n":"Calle Orizaba"},"geometry":{"type":"LineString","coordinates":[[-99.16055,19.4217],[-99.16083,19.42274]]}},{"type":"Feature","properties":{"c":"minor","n":"Calle Jalapa"},"geometry":{"type":"LineString","coordinates":[[-99.15998,19.40809],[-99.15995,19.40867]]}},{"type":"Feature","properties":{"c":"minor","n":"Calle Jalapa"},"geometry":{"type":"LineString","coordinates":[[-99.16,19.40757],[-99.15997,19.40765],[-99.15998,19.40809]]}},{"type":"Feature","properties":{"c":"major","n":"Avenida Álvaro Obregón"},"geometry":{"type":"LineString","coordinates":[[-99.15423,19.41954],[-99.15428,19.41946]]}},{"type":"Feature","properties":{"c":"major","n":"Avenida Álvaro Obregón"},"geometry":{"type":"LineString","coordinates":[[-99.15428,19.41946],[-99.15431,19.41944],[-99.15485,19.41934]]}},{"type":"Feature","properties":{"c":"major","n":"Avenida Álvaro Obregón"},"geometry":{"type":"LineString","coordinates":[[-99.15485,19.41934],[-99.15491,19.41932]]}},{"type":"Feature","properties":{"c":"minor"},"geometry":{"type":"LineString","coordinates":[[-99.15453,19.41572],[-99.15468,19.41569]]}},{"type":"Feature","properties":{"c":"minor","n":"Calle Doctor Márquez"},"geometry":{"type":"LineString","coordinates":[[-99.1532,19.41159],[-99.15197,19.41141],[-99.15071,19.41122],[-99.15063,19.41122],[-99.15054,19.41123]]}},{"type":"Feature","properties":{"c":"minor"},"geometry":{"type":"LineString","coordinates":[[-99.1532,19.41159],[-99.15321,19.41152]]}},{"type":"Feature","properties":{"c":"minor"},"geometry":{"type":"LineString","coordinates":[[-99.15321,19.41152],[-99.15329,19.41153],[-99.15369,19.41159]]}},{"type":"Feature","properties":{"c":"minor"},"geometry":{"type":"LineString","coordinates":[[-99.15369,19.41159],[-99.1546,19.41172],[-99.15472,19.41174]]}},{"type":"Feature","properties":{"c":"major","n":"Calle Zacatecas"},"geometry":{"type":"LineString","coordinates":[[-99.15935,19.41589],[-99.15923,19.41592]]}},{"type":"Feature","properties":{"c":"major","n":"Calle Zacatecas"},"geometry":{"type":"LineString","coordinates":[[-99.15923,19.41592],[-99.15915,19.41593]]}},{"type":"Feature","properties":{"c":"major","n":"Calle Zacatecas"},"geometry":{"type":"LineString","coordinates":[[-99.15915,19.41593],[-99.15907,19.41595]]}},{"type":"Feature","properties":{"c":"major","n":"Calle Zacatecas"},"geometry":{"type":"LineString","coordinates":[[-99.15907,19.41595],[-99.15899,19.41597]]}},{"type":"Feature","properties":{"c":"minor","n":"Calle Zacatecas"},"geometry":{"type":"LineString","coordinates":[[-99.15899,19.41597],[-99.15797,19.41617]]}},{"type":"Feature","properties":{"c":"minor","n":"Calle Zacatecas"},"geometry":{"type":"LineString","coordinates":[[-99.15797,19.41617],[-99.15675,19.4164]]}},{"type":"Feature","properties":{"c":"minor","n":"Calle Zacatecas"},"geometry":{"type":"LineString","coordinates":[[-99.15675,19.4164],[-99.15645,19.41646]]}},{"type":"Feature","properties":{"c":"minor","n":"Calle Zacatecas"},"geometry":{"type":"LineString","coordinates":[[-99.15645,19.41646],[-99.15594,19.41656]]}},{"type":"Feature","properties":{"c":"minor","n":"Calle Zacatecas"},"geometry":{"type":"LineString","coordinates":[[-99.15594,19.41656],[-99.15552,19.41665]]}},{"type":"Feature","properties":{"c":"minor","n":"Calle Zacatecas"},"geometry":{"type":"LineString","coordinates":[[-99.15552,19.41665],[-99.15528,19.41669]]}},{"type":"Feature","properties":{"c":"minor","n":"Calle Zacatecas"},"geometry":{"type":"LineString","coordinates":[[-99.15528,19.41669],[-99.15472,19.4168]]}},{"type":"Feature","properties":{"c":"minor","n":"Calle Zacatecas"},"geometry":{"type":"LineString","coordinates":[[-99.15472,19.4168],[-99.15444,19.41686]]}},{"type":"Feature","properties":{"c":"major","n":"Calle Guanajuato"},"geometry":{"type":"LineString","coordinates":[[-99.15915,19.41692],[-99.15931,19.41689]]}},{"type":"Feature","properties":{"c":"major","n":"Calle Guanajuato"},"geometry":{"type":"LineString","coordinates":[[-99.15931,19.41689],[-99.1594,19.41687]]}},{"type":"Feature","properties":{"c":"major","n":"Calle Guanajuato"},"geometry":{"type":"LineString","coordinates":[[-99.1594,19.41687],[-99.15947,19.41686]]}},{"type":"Feature","properties":{"c":"major","n":"Calle Guanajuato"},"geometry":{"type":"LineString","coordinates":[[-99.15947,19.41686],[-99.15965,19.41682]]}},{"type":"Feature","properties":{"c":"minor","n":"Calle Guanajuato"},"geometry":{"type":"LineString","coordinates":[[-99.15437,19.41784],[-99.15551,19.41763]]}},{"type":"Feature","properties":{"c":"minor","n":"Calle Guanajuato"},"geometry":{"type":"LineString","coordinates":[[-99.15551,19.41763],[-99.15565,19.4176],[-99.15582,19.41756],[-99.15593,19.41754],[-99.15602,19.41752],[-99.157,19.41733]]}},{"type":"Feature","properties":{"c":"minor","n":"Calle Guanajuato"},"geometry":{"type":"LineString","coordinates":[[-99.157,19.41733],[-99.1572,19.41729]]}},{"type":"Feature","properties":{"c":"minor","n":"Calle Guanajuato"},"geometry":{"type":"LineString","coordinates":[[-99.1572,19.41729],[-99.15819,19.4171]]}},{"type":"Feature","properties":{"c":"minor","n":"Calle Guanajuato"},"geometry":{"type":"LineString","coordinates":[[-99.15819,19.4171],[-99.15915,19.41692]]}},{"type":"Feature","properties":{"c":"major","n":"Avenida Cuauhtémoc"},"geometry":{"type":"LineString","coordinates":[[-99.15417,19.4186],[-99.15408,19.41973]]}},{"type":"Feature","properties":{"c":"major","n":"Calle Doctor Ildelfonso Velasco"},"geometry":{"type":"LineString","coordinates":[[-99.15408,19.41973],[-99.15413,19.41974],[-99.15421,19.41974]]}},{"type":"Feature","properties":{"c":"minor","n":"Calle López"},"geometry":{"type":"LineString","coordinates":[[-99.14278,19.42807],[-99.14295,19.42693]]}},{"type":"Feature","properties":{"c":"minor","n":"Calle Durango"},"geometry":{"type":"LineString","coordinates":[[-99.15926,19.42138],[-99.15877,19.42149],[-99.15808,19.42166]]}},{"type":"Feature","properties":{"c":"minor","n":"Calle Durango"},"geometry":{"type":"LineString","coordinates":[[-99.15997,19.42122],[-99.1595,19.42132]]}},{"type":"Feature","properties":{"c":"major","n":"Calle Plaza Río de Janeiro"},"geometry":{"type":"LineString","coordinates":[[-99.15994,19.42108],[-99.15996,19.42119]]}},{"type":"Feature","properties":{"c":"major","n":"Calle Plaza Río de Janeiro"},"geometry":{"type":"LineString","coordinates":[[-99.15996,19.42119],[-99.15997,19.42122]]}},{"type":"Feature","properties":{"c":"major","n":"Avenida Álvaro Obregón"},"geometry":{"type":"LineString","coordinates":[[-99.16372,19.41763],[-99.16416,19.41754]]}},{"type":"Feature","properties":{"c":"minor","n":"Calle Ignacio Allende"},"geometry":{"type":"LineString","coordinates":[[-99.16213,19.35311],[-99.16233,19.35399]]}},{"type":"Feature","properties":{"c":"minor","n":"Calle Ignacio Allende"},"geometry":{"type":"LineString","coordinates":[[-99.16233,19.35399],[-99.16252,19.35488],[-99.16272,19.35576],[-99.1629,19.35665]]}},{"type":"Feature","properties":{"c":"minor","n":"Calle Artes"},"geometry":{"type":"LineString","coordinates":[[-99.16674,19.34705],[-99.16621,19.34684],[-99.16613,19.3468]]}},{"type":"Feature","properties":{"c":"minor","n":"Calle Vallarta"},"geometry":{"type":"LineString","coordinates":[[-99.15977,19.34715],[-99.15991,19.34674]]}},{"type":"Feature","properties":{"c":"minor","n":"Calle Vallarta"},"geometry":{"type":"LineString","coordinates":[[-99.15978,19.34719],[-99.15977,19.34715]]}},{"type":"Feature","properties":{"c":"minor","n":"Avenida Miguel Hidalgo"},"geometry":{"type":"LineString","coordinates":[[-99.15793,19.35023],[-99.15867,19.35009]]}},{"type":"Feature","properties":{"c":"minor","n":"Avenida Miguel Hidalgo"},"geometry":{"type":"LineString","coordinates":[[-99.15867,19.35009],[-99.15904,19.35001]]}},{"type":"Feature","properties":{"c":"minor","n":"Avenida Miguel Hidalgo"},"geometry":{"type":"LineString","coordinates":[[-99.15904,19.35001],[-99.16002,19.34982]]}},{"type":"Feature","properties":{"c":"minor","n":"Avenida Miguel Hidalgo"},"geometry":{"type":"LineString","coordinates":[[-99.16002,19.34982],[-99.16084,19.34968]]}},{"type":"Feature","properties":{"c":"minor","n":"Avenida Miguel Hidalgo"},"geometry":{"type":"LineString","coordinates":[[-99.16084,19.34968],[-99.16179,19.34953]]}},{"type":"Feature","properties":{"c":"minor"},"geometry":{"type":"LineString","coordinates":[[-99.16368,19.35066],[-99.16372,19.35049],[-99.16395,19.35053]]}},{"type":"Feature","properties":{"c":"major","n":"Calle Xicoténcatl"},"geometry":{"type":"LineString","coordinates":[[-99.16146,19.35325],[-99.16079,19.35338]]}},{"type":"Feature","properties":{"c":"major","n":"Calle Xicoténcatl"},"geometry":{"type":"LineString","coordinates":[[-99.16079,19.35338],[-99.15947,19.35365]]}},{"type":"Feature","properties":{"c":"major","n":"Calle Xicoténcatl"},"geometry":{"type":"LineString","coordinates":[[-99.15947,19.35365],[-99.15814,19.3539],[-99.15726,19.35409]]}},{"type":"Feature","properties":{"c":"minor"},"geometry":{"type":"LineString","coordinates":[[-99.15482,19.41049],[-99.15455,19.41046],[-99.1545,19.41045]]}},{"type":"Feature","properties":{"c":"minor"},"geometry":{"type":"LineString","coordinates":[[-99.1545,19.41045],[-99.15414,19.41042],[-99.1536,19.41036],[-99.15334,19.41033],[-99.15325,19.41029],[-99.1532,19.41024]]}},{"type":"Feature","properties":{"c":"minor"},"geometry":{"type":"LineString","coordinates":[[-99.1532,19.41024],[-99.15324,19.40989],[-99.15328,19.40963],[-99.15328,19.40953],[-99.15328,19.4095],[-99.15327,19.40948]]}},{"type":"Feature","properties":{"c":"major","n":"Calle Aguayo"},"geometry":{"type":"LineString","coordinates":[[-99.16263,19.35112],[-99.16264,19.3513]]}},{"type":"Feature","properties":{"c":"major","n":"Calle Aguayo"},"geometry":{"type":"LineString","coordinates":[[-99.16264,19.3513],[-99.16265,19.35134],[-99.16282,19.35203]]}},{"type":"Feature","properties":{"c":"major","n":"Calle Aguayo"},"geometry":{"type":"LineString","coordinates":[[-99.16282,19.35203],[-99.16303,19.35292]]}},{"type":"Feature","properties":{"c":"minor"},"geometry":{"type":"LineString","coordinates":[[-99.16487,19.34794],[-99.16475,19.34792],[-99.16474,19.34792],[-99.16473,19.34793],[-99.16466,19.34823]]}},{"type":"Feature","properties":{"c":"minor"},"geometry":{"type":"LineString","coordinates":[[-99.16466,19.34823],[-99.16478,19.34826],[-99.16479,19.34825],[-99.1648,19.34824],[-99.16487,19.34794]]}},{"type":"Feature","properties":{"c":"minor"},"geometry":{"type":"LineString","coordinates":[[-99.16466,19.34823],[-99.16459,19.34821],[-99.16451,19.3482]]}},{"type":"Feature","properties":{"c":"minor"},"geometry":{"type":"LineString","coordinates":[[-99.17091,19.42067],[-99.1709,19.42059],[-99.17097,19.42057],[-99.1709,19.42028]]}},{"type":"Feature","properties":{"c":"minor"},"geometry":{"type":"LineString","coordinates":[[-99.16932,19.42119],[-99.16934,19.42128],[-99.1694,19.42147]]}},{"type":"Feature","properties":{"c":"minor"},"geometry":{"type":"LineString","coordinates":[[-99.17054,19.42003],[-99.17052,19.41995],[-99.17045,19.41968],[-99.17033,19.41971],[-99.1704,19.41998],[-99.17042,19.42006]]}},{"type":"Feature","properties":{"c":"minor"},"geometry":{"type":"LineString","coordinates":[[-99.16927,19.4212],[-99.16925,19.42111],[-99.16918,19.42086]]}},{"type":"Feature","properties":{"c":"minor"},"geometry":{"type":"LineString","coordinates":[[-99.17093,19.42074],[-99.17091,19.42067]]}},{"type":"Feature","properties":{"c":"minor"},"geometry":{"type":"LineString","coordinates":[[-99.17095,19.42082],[-99.17093,19.42074]]}},{"type":"Feature","properties":{"c":"minor"},"geometry":{"type":"LineString","coordinates":[[-99.1677,19.42066],[-99.16772,19.42076],[-99.16778,19.42103]]}},{"type":"Feature","properties":{"c":"minor"},"geometry":{"type":"LineString","coordinates":[[-99.16787,19.4224],[-99.16785,19.42232]]}},{"type":"Feature","properties":{"c":"minor"},"geometry":{"type":"LineString","coordinates":[[-99.16785,19.42232],[-99.16785,19.4223],[-99.16778,19.42201]]}},{"type":"Feature","properties":{"c":"minor"},"geometry":{"type":"LineString","coordinates":[[-99.16889,19.42128],[-99.16887,19.4212],[-99.16884,19.42106]]}},{"type":"Feature","properties":{"c":"minor"},"geometry":{"type":"LineString","coordinates":[[-99.16884,19.42106],[-99.16878,19.42077],[-99.16886,19.42074],[-99.16889,19.42075],[-99.1689,19.42077],[-99.16897,19.42099],[-99.16897,19.42102],[-99.16895,19.42103],[-99.16884,19.42106]]}},{"type":"Feature","properties":{"c":"minor"},"geometry":{"type":"LineString","coordinates":[[-99.16264,19.3513],[-99.16258,19.35131],[-99.16254,19.35132]]}},{"type":"Feature","properties":{"c":"minor"},"geometry":{"type":"LineString","coordinates":[[-99.16254,19.35132],[-99.16229,19.35138]]}},{"type":"Feature","properties":{"c":"minor"},"geometry":{"type":"LineString","coordinates":[[-99.16669,19.42177],[-99.16662,19.42149],[-99.16647,19.42153]]}},{"type":"Feature","properties":{"c":"minor"},"geometry":{"type":"LineString","coordinates":[[-99.16448,19.35045],[-99.16407,19.35035],[-99.16399,19.35032]]}},{"type":"Feature","properties":{"c":"minor"},"geometry":{"type":"LineString","coordinates":[[-99.1641,19.34988],[-99.16412,19.34988],[-99.16415,19.34989],[-99.1646,19.35],[-99.16468,19.34969],[-99.16431,19.3496],[-99.16426,19.34959],[-99.16417,19.34957]]}},{"type":"Feature","properties":{"c":"minor"},"geometry":{"type":"LineString","coordinates":[[-99.16251,19.35116],[-99.16253,19.35124],[-99.16254,19.35132]]}},{"type":"Feature","properties":{"c":"minor"},"geometry":{"type":"LineString","coordinates":[[-99.16658,19.41625],[-99.16665,19.41612],[-99.16681,19.41587]]}},{"type":"Feature","properties":{"c":"minor"},"geometry":{"type":"LineString","coordinates":[[-99.16653,19.4218],[-99.16651,19.42172],[-99.16647,19.42153]]}},{"type":"Feature","properties":{"c":"minor"},"geometry":{"type":"LineString","coordinates":[[-99.15795,19.42115],[-99.15786,19.42116],[-99.15751,19.42123]]}},{"type":"Feature","properties":{"c":"minor"},"geometry":{"type":"LineString","coordinates":[[-99.15795,19.42115],[-99.15805,19.42113],[-99.15846,19.42103]]}},{"type":"Feature","properties":{"c":"minor"},"geometry":{"type":"LineString","coordinates":[[-99.16021,19.4199],[-99.1603,19.41996],[-99.16048,19.42004]]}},{"type":"Feature","properties":{"c":"minor"},"geometry":{"type":"LineString","coordinates":[[-99.16311,19.41995],[-99.16347,19.41984]]}},{"type":"Feature","properties":{"c":"minor"},"geometry":{"type":"LineString","coordinates":[[-99.16358,19.42041],[-99.1635,19.42003]]}},{"type":"Feature","properties":{"c":"minor"},"geometry":{"type":"LineString","coordinates":[[-99.15734,19.42184],[-99.15736,19.42193],[-99.15745,19.42226]]}},{"type":"Feature","properties":{"c":"minor"},"geometry":{"type":"LineString","coordinates":[[-99.16186,19.42251],[-99.16183,19.42242],[-99.16179,19.42223]]}},{"type":"Feature","properties":{"c":"minor"},"geometry":{"type":"LineString","coordinates":[[-99.16472,19.41967],[-99.16481,19.41966],[-99.16499,19.41962]]}},{"type":"Feature","properties":{"c":"minor"},"geometry":{"type":"LineString","coordinates":[[-99.16454,19.41901],[-99.1647,19.41915],[-99.16484,19.41935],[-99.16499,19.41962]]}},{"type":"Feature","properties":{"c":"minor"},"geometry":{"type":"LineString","coordinates":[[-99.16457,19.42019],[-99.16454,19.42011],[-99.16449,19.41995]]}},{"type":"Feature","properties":{"c":"minor"},"geometry":{"type":"LineString","coordinates":[[-99.16391,19.42191],[-99.1639,19.42214],[-99.16389,19.42224]]}},{"type":"Feature","properties":{"c":"minor"},"geometry":{"type":"LineString","coordinates":[[-99.1642,19.42145],[-99.16425,19.42167]]}},{"type":"Feature","properties":{"c":"minor"},"geometry":{"type":"LineString","coordinates":[[-99.16389,19.42224],[-99.16386,19.42232],[-99.16376,19.42247],[-99.1636,19.42244],[-99.16363,19.4223],[-99.16366,19.42222]]}},{"type":"Feature","properties":{"c":"minor"},"geometry":{"type":"LineString","coordinates":[[-99.16462,19.42223],[-99.16464,19.4223]]}},{"type":"Feature","properties":{"c":"minor"},"geometry":{"type":"LineString","coordinates":[[-99.16464,19.4223],[-99.16464,19.42231],[-99.16469,19.42258]]}},{"type":"Feature","properties":{"c":"minor"},"geometry":{"type":"LineString","coordinates":[[-99.15449,19.42248],[-99.15448,19.42239],[-99.15446,19.42218],[-99.15446,19.42214],[-99.15456,19.42202],[-99.15458,19.42195],[-99.15462,19.42188]]}},{"type":"Feature","properties":{"c":"minor"},"geometry":{"type":"LineString","coordinates":[[-99.15407,19.42178],[-99.15418,19.42179],[-99.15455,19.4218]]}},{"type":"Feature","properties":{"c":"minor"},"geometry":{"type":"LineString","coordinates":[[-99.16082,19.34948],[-99.161,19.34943],[-99.161,19.3493],[-99.1608,19.34929],[-99.16081,19.34935]]}},{"type":"Feature","properties":{"c":"minor"},"geometry":{"type":"LineString","coordinates":[[-99.16069,19.34909],[-99.16089,19.34853]]}},{"type":"Feature","properties":{"c":"minor"},"geometry":{"type":"LineString","coordinates":[[-99.1572,19.41729],[-99.15721,19.41733],[-99.15726,19.41756],[-99.15716,19.41758],[-99.15706,19.4176]]}},{"type":"Feature","properties":{"c":"minor"},"geometry":{"type":"LineString","coordinates":[[-99.15756,19.41791],[-99.15754,19.41784],[-99.1575,19.41764]]}},{"type":"Feature","properties":{"c":"minor"},"geometry":{"type":"LineString","coordinates":[[-99.15703,19.41872],[-99.15702,19.41867],[-99.15701,19.41865],[-99.15696,19.41842],[-99.15718,19.41838],[-99.15725,19.41836]]}},{"type":"Feature","properties":{"c":"minor"},"geometry":{"type":"LineString","coordinates":[[-99.16009,19.4174],[-99.16011,19.41748],[-99.16015,19.41767]]}},{"type":"Feature","properties":{"c":"minor"},"geometry":{"type":"LineString","coordinates":[[-99.16327,19.41677],[-99.16329,19.41686],[-99.16333,19.41706]]}},{"type":"Feature","properties":{"c":"minor"},"geometry":{"type":"LineString","coordinates":[[-99.16151,19.41804],[-99.16153,19.41814],[-99.1616,19.41842]]}},{"type":"Feature","properties":{"c":"minor"},"geometry":{"type":"LineString","coordinates":[[-99.16283,19.4188],[-99.16272,19.41882],[-99.16242,19.41889],[-99.16244,19.41898],[-99.16227,19.41903]]}},{"type":"Feature","properties":{"c":"minor"},"geometry":{"type":"LineString","coordinates":[[-99.15852,19.41433],[-99.15853,19.4144],[-99.15856,19.41453]]}},{"type":"Feature","properties":{"c":"minor"},"geometry":{"type":"LineString","coordinates":[[-99.16102,19.41469],[-99.161,19.41459],[-99.16098,19.41448],[-99.16093,19.41424],[-99.16092,19.41417]]}},{"type":"Feature","properties":{"c":"minor"},"geometry":{"type":"LineString","coordinates":[[-99.16439,19.41403],[-99.16433,19.41369]]}},{"type":"Feature","properties":{"c":"minor"},"geometry":{"type":"LineString","coordinates":[[-99.16222,19.41446],[-99.16224,19.41455],[-99.16231,19.4148]]}},{"type":"Feature","properties":{"c":"minor"},"geometry":{"type":"LineString","coordinates":[[-99.16286,19.41617],[-99.16276,19.41573]]}},{"type":"Feature","properties":{"c":"minor"},"geometry":{"type":"LineString","coordinates":[[-99.16516,19.41459],[-99.16525,19.41457]]}},{"type":"Feature","properties":{"c":"minor"},"geometry":{"type":"LineString","coordinates":[[-99.16514,19.41475],[-99.16512,19.41465]]}},{"type":"Feature","properties":{"c":"minor"},"geometry":{"type":"LineString","coordinates":[[-99.16512,19.41465],[-99.16511,19.4146],[-99.16516,19.41459]]}},{"type":"Feature","properties":{"c":"minor"},"geometry":{"type":"LineString","coordinates":[[-99.15788,19.41328],[-99.1579,19.41338],[-99.158,19.41378]]}},{"type":"Feature","properties":{"c":"minor"},"geometry":{"type":"LineString","coordinates":[[-99.16109,19.42349],[-99.16116,19.42347],[-99.16149,19.4234],[-99.16154,19.4234],[-99.16157,19.42345],[-99.16159,19.42359]]}},{"type":"Feature","properties":{"c":"minor"},"geometry":{"type":"LineString","coordinates":[[-99.16098,19.42303],[-99.16105,19.42301],[-99.16114,19.42299],[-99.16116,19.42307],[-99.16129,19.42304]]}},{"type":"Feature","properties":{"c":"minor"},"geometry":{"type":"LineString","coordinates":[[-99.15985,19.42377],[-99.16033,19.42366],[-99.16102,19.42351]]}},{"type":"Feature","properties":{"c":"minor"},"geometry":{"type":"LineString","coordinates":[[-99.15884,19.42392],[-99.15887,19.42401],[-99.15906,19.42397]]}},{"type":"Feature","properties":{"c":"minor"},"geometry":{"type":"LineString","coordinates":[[-99.15865,19.42396],[-99.15875,19.42394],[-99.15884,19.42392]]}},{"type":"Feature","properties":{"c":"minor"},"geometry":{"type":"LineString","coordinates":[[-99.15884,19.42392],[-99.15903,19.42388]]}},{"type":"Feature","properties":{"c":"minor"},"geometry":{"type":"LineString","coordinates":[[-99.14415,19.42863],[-99.14414,19.42866],[-99.14415,19.42868],[-99.14415,19.42869],[-99.14417,19.4287],[-99.14422,19.42872],[-99.14424,19.42871],[-99.14426,19.4287],[-99.14427,19.42869],[-99.14432,19.42838]]}},{"type":"Feature","properties":{"c":"minor"},"geometry":{"type":"LineString","coordinates":[[-99.14429,19.42822],[-99.14429,19.42827],[-99.14428,19.42831],[-99.14428,19.42833]]}},{"type":"Feature","properties":{"c":"minor"},"geometry":{"type":"LineString","coordinates":[[-99.16083,19.34952],[-99.16082,19.34948]]}},{"type":"Feature","properties":{"c":"minor","n":"Calle Colima"},"geometry":{"type":"LineString","coordinates":[[-99.16815,19.41804],[-99.16874,19.41792]]}},{"type":"Feature","properties":{"c":"minor","n":"Calle Colima"},"geometry":{"type":"LineString","coordinates":[[-99.16874,19.41792],[-99.16893,19.41788]]}},{"type":"Feature","properties":{"c":"minor","n":"Calle Colima"},"geometry":{"type":"LineString","coordinates":[[-99.16893,19.41788],[-99.16926,19.41782]]}},{"type":"Feature","properties":{"c":"minor"},"geometry":{"type":"LineString","coordinates":[[-99.15733,19.40738],[-99.15735,19.40748],[-99.15747,19.40814]]}},{"type":"Feature","properties":{"c":"minor"},"geometry":{"type":"LineString","coordinates":[[-99.15977,19.41082],[-99.15893,19.4107],[-99.15881,19.41068]]}},{"type":"Feature","properties":{"c":"minor"},"geometry":{"type":"LineString","coordinates":[[-99.15881,19.41068],[-99.15876,19.41068],[-99.15863,19.41063],[-99.15823,19.41033]]}},{"type":"Feature","properties":{"c":"minor"},"geometry":{"type":"LineString","coordinates":[[-99.16238,19.41028],[-99.1624,19.41035],[-99.16249,19.41069],[-99.16249,19.41071],[-99.16248,19.41073],[-99.16246,19.41074],[-99.16245,19.41074],[-99.16237,19.41076]]}},{"type":"Feature","properties":{"c":"minor"},"geometry":{"type":"LineString","coordinates":[[-99.16397,19.40998],[-99.16399,19.41006],[-99.16403,19.41027],[-99.16405,19.41029],[-99.16406,19.41031],[-99.16409,19.41031],[-99.16412,19.4103],[-99.16419,19.41029]]}},{"type":"Feature","properties":{"c":"minor"},"geometry":{"type":"LineString","coordinates":[[-99.15659,19.4129],[-99.15652,19.4126],[-99.1565,19.4125]]}},{"type":"Feature","properties":{"c":"minor","n":"Calle Tepeji"},"geometry":{"type":"LineString","coordinates":[[-99.15998,19.40809],[-99.16007,19.4081]]}},{"type":"Feature","properties":{"c":"minor","n":"Calle Tepeji"},"geometry":{"type":"LineString","coordinates":[[-99.16007,19.4081],[-99.16017,19.40808]]}},{"type":"Feature","properties":{"c":"minor","n":"Calle Tepeji"},"geometry":{"type":"LineString","coordinates":[[-99.16017,19.40808],[-99.16159,19.40779]]}},{"type":"Feature","properties":{"c":"major"},"geometry":{"type":"LineString","coordinates":[[-99.15765,19.4097],[-99.15757,19.40972]]}},{"type":"Feature","properties":{"c":"minor","n":"Plaza de la Constitución"},"geometry":{"type":"LineString","coordinates":[[-99.13411,19.43268],[-99.13408,19.43239],[-99.13408,19.4323],[-99.13408,19.43225],[-99.13407,19.43221],[-99.13405,19.43218]]}},{"type":"Feature","properties":{"c":"minor","n":"Plaza de la Constitución"},"geometry":{"type":"LineString","coordinates":[[-99.13405,19.43218],[-99.13402,19.43214],[-99.13396,19.4321],[-99.1339,19.43208],[-99.13343,19.43202]]}},{"type":"Feature","properties":{"c":"minor","n":"Plaza de la Constitución"},"geometry":{"type":"LineString","coordinates":[[-99.13343,19.43202],[-99.13262,19.43191],[-99.13256,19.4319]]}},{"type":"Feature","properties":{"c":"minor","n":"Plaza de la Constitución"},"geometry":{"type":"LineString","coordinates":[[-99.13256,19.4319],[-99.13251,19.4319],[-99.13244,19.43191]]}},{"type":"Feature","properties":{"c":"minor"},"geometry":{"type":"LineString","coordinates":[[-99.14087,19.43668],[-99.14091,19.43648],[-99.14079,19.43646],[-99.14076,19.43661]]}},{"type":"Feature","properties":{"c":"minor"},"geometry":{"type":"LineString","coordinates":[[-99.14084,19.43692],[-99.14087,19.43674],[-99.14074,19.43672]]}},{"type":"Feature","properties":{"c":"minor"},"geometry":{"type":"LineString","coordinates":[[-99.13628,19.42858],[-99.13627,19.42864],[-99.13623,19.42896]]}},{"type":"Feature","properties":{"c":"minor"},"geometry":{"type":"LineString","coordinates":[[-99.1508,19.41001],[-99.15088,19.41003],[-99.15108,19.41007],[-99.15115,19.41015],[-99.15125,19.41021],[-99.15134,19.41023],[-99.15192,19.41023],[-99.1527,19.41031],[-99.15318,19.41036]]}},{"type":"Feature","properties":{"c":"minor"},"geometry":{"type":"LineString","coordinates":[[-99.15224,19.40829],[-99.15234,19.40831],[-99.15241,19.40835],[-99.15285,19.40891],[-99.15324,19.40942],[-99.15327,19.40948]]}},{"type":"Feature","properties":{"c":"minor"},"geometry":{"type":"LineString","coordinates":[[-99.15401,19.41171],[-99.15401,19.41178],[-99.15398,19.41219]]}},{"type":"Feature","properties":{"c":"minor"},"geometry":{"type":"LineString","coordinates":[[-99.15398,19.41219],[-99.15396,19.41221],[-99.15368,19.41233]]}},{"type":"Feature","properties":{"c":"minor"},"geometry":{"type":"LineString","coordinates":[[-99.15515,19.41237],[-99.155,19.41238]]}},{"type":"Feature","properties":{"c":"minor"},"geometry":{"type":"LineString","coordinates":[[-99.155,19.41238],[-99.1549,19.41239],[-99.15481,19.4124]]}},{"type":"Feature","properties":{"c":"minor"},"geometry":{"type":"LineString","coordinates":[[-99.15496,19.41283],[-99.15497,19.4127],[-99.155,19.41238]]}},{"type":"Feature","properties":{"c":"minor"},"geometry":{"type":"LineString","coordinates":[[-99.15316,19.41106],[-99.15323,19.41107],[-99.15324,19.41107],[-99.15325,19.41106]]}},{"type":"Feature","properties":{"c":"minor"},"geometry":{"type":"LineString","coordinates":[[-99.15325,19.41106],[-99.1533,19.41066],[-99.15329,19.41065],[-99.15328,19.41064],[-99.15317,19.41064],[-99.15316,19.41064],[-99.15315,19.41065],[-99.15313,19.41099],[-99.15314,19.41101],[-99.15315,19.41103],[-99.15316,19.41106]]}},{"type":"Feature","properties":{"c":"minor"},"geometry":{"type":"LineString","coordinates":[[-99.15316,19.41106],[-99.15314,19.41124]]}},{"type":"Feature","properties":{"c":"minor"},"geometry":{"type":"LineString","coordinates":[[-99.15327,19.40948],[-99.15317,19.40958],[-99.15314,19.40964],[-99.15311,19.4097],[-99.153,19.40978]]}},{"type":"Feature","properties":{"c":"minor"},"geometry":{"type":"LineString","coordinates":[[-99.15373,19.41066],[-99.15357,19.41064]]}},{"type":"Feature","properties":{"c":"minor"},"geometry":{"type":"LineString","coordinates":[[-99.15358,19.41056],[-99.15381,19.41059]]}},{"type":"Feature","properties":{"c":"minor"},"geometry":{"type":"LineString","coordinates":[[-99.1536,19.41046],[-99.15358,19.41056]]}},{"type":"Feature","properties":{"c":"minor"},"geometry":{"type":"LineString","coordinates":[[-99.15358,19.41056],[-99.15357,19.41064]]}},{"type":"Feature","properties":{"c":"minor"},"geometry":{"type":"LineString","coordinates":[[-99.15357,19.41064],[-99.15354,19.41087],[-99.15354,19.41092],[-99.15358,19.41097],[-99.15363,19.411],[-99.15377,19.41101]]}},{"type":"Feature","properties":{"c":"minor"},"geometry":{"type":"LineString","coordinates":[[-99.15377,19.41101],[-99.1542,19.41091],[-99.15426,19.4109],[-99.15428,19.41089],[-99.1543,19.4109],[-99.15435,19.41099],[-99.15435,19.41101],[-99.15434,19.41102],[-99.15387,19.41114],[-99.15385,19.41114]]}},{"type":"Feature","properties":{"c":"minor"},"geometry":{"type":"LineString","coordinates":[[-99.16633,19.41012],[-99.16596,19.41021],[-99.16585,19.41024]]}},{"type":"Feature","properties":{"c":"minor"},"geometry":{"type":"LineString","coordinates":[[-99.16796,19.40962],[-99.1678,19.40924],[-99.16775,19.40915]]}},{"type":"Feature","properties":{"c":"minor"},"geometry":{"type":"LineString","coordinates":[[-99.15525,19.41179],[-99.15525,19.41189],[-99.15526,19.41219]]}},{"type":"Feature","properties":{"c":"minor"},"geometry":{"type":"LineString","coordinates":[[-99.171,19.41032],[-99.17106,19.41034]]}},{"type":"Feature","properties":{"c":"minor"},"geometry":{"type":"LineString","coordinates":[[-99.15269,19.41101],[-99.15267,19.41112],[-99.15268,19.41115],[-99.15269,19.41117],[-99.15291,19.4112],[-99.15314,19.41124]]}},{"type":"Feature","properties":{"c":"minor"},"geometry":{"type":"LineString","coordinates":[[-99.15314,19.41124],[-99.15317,19.41124],[-99.15319,19.41125],[-99.15324,19.41127],[-99.15325,19.41129],[-99.15322,19.41147],[-99.15321,19.41152]]}},{"type":"Feature","properties":{"c":"foot"},"geometry":{"type":"LineString","coordinates":[[-99.1696,19.4121],[-99.16961,19.41207],[-99.16964,19.41205],[-99.16967,19.41203],[-99.16971,19.41199],[-99.16974,19.41195],[-99.16976,19.4119],[-99.16977,19.41186]]}},{"type":"Feature","properties":{"c":"foot"},"geometry":{"type":"LineString","coordinates":[[-99.16977,19.41186],[-99.16978,19.41182],[-99.16979,19.41176],[-99.16979,19.4117],[-99.16979,19.41166],[-99.16978,19.41161],[-99.16979,19.4116]]}},{"type":"Feature","properties":{"c":"foot"},"geometry":{"type":"LineString","coordinates":[[-99.16979,19.4116],[-99.16979,19.41158]]}},{"type":"Feature","properties":{"c":"minor"},"geometry":{"type":"LineString","coordinates":[[-99.13623,19.43718],[-99.13622,19.43725],[-99.13616,19.43757]]}},{"type":"Feature","properties":{"c":"minor"},"geometry":{"type":"LineString","coordinates":[[-99.15368,19.41166],[-99.15369,19.41159]]}},{"type":"Feature","properties":{"c":"minor"},"geometry":{"type":"LineString","coordinates":[[-99.15377,19.41101],[-99.15385,19.41112],[-99.15385,19.41114]]}},{"type":"Feature","properties":{"c":"foot","n":"Calle Filomeno Mata"},"geometry":{"type":"LineString","coordinates":[[-99.13926,19.43462],[-99.13941,19.43392]]}},{"type":"Feature","properties":{"c":"minor","n":"Calle Filomeno Mata"},"geometry":{"type":"LineString","coordinates":[[-99.13926,19.43462],[-99.13902,19.43586]]}},{"type":"Feature","properties":{"c":"minor"},"geometry":{"type":"LineString","coordinates":[[-99.1545,19.41045],[-99.15449,19.41058]]}},{"type":"Feature","properties":{"c":"minor"},"geometry":{"type":"LineString","coordinates":[[-99.15318,19.41036],[-99.15322,19.41041],[-99.15323,19.41041],[-99.15324,19.41042],[-99.15326,19.41043],[-99.1536,19.41046]]}},{"type":"Feature","properties":{"c":"minor"},"geometry":{"type":"LineString","coordinates":[[-99.1536,19.41046],[-99.15449,19.41058]]}},{"type":"Feature","properties":{"c":"minor"},"geometry":{"type":"LineString","coordinates":[[-99.15449,19.41058],[-99.15453,19.41058],[-99.15481,19.41061]]}},{"type":"Feature","properties":{"c":"minor"},"geometry":{"type":"LineString","coordinates":[[-99.15327,19.40948],[-99.15347,19.40934]]}},{"type":"Feature","properties":{"c":"minor"},"geometry":{"type":"LineString","coordinates":[[-99.15347,19.40934],[-99.1535,19.40933],[-99.1535,19.40931]]}},{"type":"Feature","properties":{"c":"minor"},"geometry":{"type":"LineString","coordinates":[[-99.1535,19.40931],[-99.15349,19.40928],[-99.15348,19.40926],[-99.15334,19.40908]]}},{"type":"Feature","properties":{"c":"minor"},"geometry":{"type":"LineString","coordinates":[[-99.15334,19.40908],[-99.15305,19.40872]]}},{"type":"Feature","properties":{"c":"minor"},"geometry":{"type":"LineString","coordinates":[[-99.15305,19.40872],[-99.15287,19.40849]]}},{"type":"Feature","properties":{"c":"minor"},"geometry":{"type":"LineString","coordinates":[[-99.15318,19.41036],[-99.1532,19.41024]]}},{"type":"Feature","properties":{"c":"foot"},"geometry":{"type":"LineString","coordinates":[[-99.17002,19.42212],[-99.17002,19.42215]]}},{"type":"Feature","properties":{"c":"foot"},"geometry":{"type":"LineString","coordinates":[[-99.17002,19.42215],[-99.17003,19.42218]]}},{"type":"Feature","properties":{"c":"foot"},"geometry":{"type":"LineString","coordinates":[[-99.17036,19.42189],[-99.17036,19.42184]]}},{"type":"Feature","properties":{"c":"foot"},"geometry":{"type":"LineString","coordinates":[[-99.17036,19.42184],[-99.17035,19.42181],[-99.17035,19.42177]]}},{"type":"Feature","properties":{"c":"major","n":"Avenida Cuauhtémoc"},"geometry":{"type":"LineString","coordinates":[[-99.15474,19.41148],[-99.15472,19.41174]]}},{"type":"Feature","properties":{"c":"major","n":"Avenida Cuauhtémoc"},"geometry":{"type":"LineString","coordinates":[[-99.15472,19.41174],[-99.15472,19.41179]]}},{"type":"Feature","properties":{"c":"major","n":"Avenida Querétaro"},"geometry":{"type":"LineString","coordinates":[[-99.16102,19.41469],[-99.16079,19.41474],[-99.16063,19.41477]]}},{"type":"Feature","properties":{"c":"minor","n":"Calle Jalapa"},"geometry":{"type":"LineString","coordinates":[[-99.16032,19.41483],[-99.16039,19.4151]]}},{"type":"Feature","properties":{"c":"minor","n":"Calle Jalapa"},"geometry":{"type":"LineString","coordinates":[[-99.15974,19.41216],[-99.15969,19.41224]]}},{"type":"Feature","properties":{"c":"minor","n":"Calle Jalapa"},"geometry":{"type":"LineString","coordinates":[[-99.15969,19.41224],[-99.15968,19.41227],[-99.15969,19.41231]]}},{"type":"Feature","properties":{"c":"minor","n":"Calle Jalapa"},"geometry":{"type":"LineString","coordinates":[[-99.15969,19.41231],[-99.15984,19.4129]]}},{"type":"Feature","properties":{"c":"minor","n":"Calle Jalapa"},"geometry":{"type":"LineString","coordinates":[[-99.15984,19.4129],[-99.16009,19.4139],[-99.16012,19.41401]]}},{"type":"Feature","properties":{"c":"minor","n":"Calle Jalapa"},"geometry":{"type":"LineString","coordinates":[[-99.16012,19.41401],[-99.16032,19.41483]]}},{"type":"Feature","properties":{"c":"major","n":"Avenida Querétaro"},"geometry":{"type":"LineString","coordinates":[[-99.16301,19.4143],[-99.16222,19.41446]]}},{"type":"Feature","properties":{"c":"major","n":"Avenida Querétaro"},"geometry":{"type":"LineString","coordinates":[[-99.16222,19.41446],[-99.16218,19.41447]]}},{"type":"Feature","properties":{"c":"minor","n":"Calle Mérida"},"geometry":{"type":"LineString","coordinates":[[-99.15654,19.41556],[-99.15666,19.41601]]}},{"type":"Feature","properties":{"c":"major","n":"Avenida Querétaro"},"geometry":{"type":"LineString","coordinates":[[-99.15697,19.41548],[-99.15668,19.41554],[-99.15654,19.41556]]}},{"type":"Feature","properties":{"c":"minor","n":"Calle Mérida"},"geometry":{"type":"LineString","coordinates":[[-99.15562,19.41179],[-99.15582,19.41264]]}},{"type":"Feature","properties":{"c":"minor","n":"Calle Mérida"},"geometry":{"type":"LineString","coordinates":[[-99.15582,19.41264],[-99.15606,19.41366]]}},{"type":"Feature","properties":{"c":"minor","n":"Calle Mérida"},"geometry":{"type":"LineString","coordinates":[[-99.15606,19.41366],[-99.15633,19.41475]]}},{"type":"Feature","properties":{"c":"minor","n":"Calle Mérida"},"geometry":{"type":"LineString","coordinates":[[-99.15633,19.41475],[-99.15654,19.41556]]}},{"type":"Feature","properties":{"c":"major","n":"Avenida Querétaro"},"geometry":{"type":"LineString","coordinates":[[-99.15654,19.41556],[-99.15622,19.41563]]}},{"type":"Feature","properties":{"c":"major","n":"Avenida Querétaro"},"geometry":{"type":"LineString","coordinates":[[-99.15622,19.41563],[-99.15556,19.41576]]}},{"type":"Feature","properties":{"c":"major","n":"Avenida Querétaro"},"geometry":{"type":"LineString","coordinates":[[-99.15556,19.41576],[-99.15547,19.41577]]}},{"type":"Feature","properties":{"c":"major","n":"Calle Orizaba"},"geometry":{"type":"LineString","coordinates":[[-99.1589,19.4151],[-99.15896,19.41533]]}},{"type":"Feature","properties":{"c":"major","n":"Avenida Querétaro"},"geometry":{"type":"LineString","coordinates":[[-99.15899,19.41508],[-99.1589,19.4151]]}},{"type":"Feature","properties":{"c":"major","n":"Calle Orizaba"},"geometry":{"type":"LineString","coordinates":[[-99.15896,19.41533],[-99.1591,19.41586],[-99.1591,19.41588],[-99.15909,19.41591],[-99.15907,19.41595]]}},{"type":"Feature","properties":{"c":"major","n":"Avenida Querétaro"},"geometry":{"type":"LineString","coordinates":[[-99.16032,19.41483],[-99.15946,19.41499]]}},{"type":"Feature","properties":{"c":"major","n":"Avenida Cuauhtémoc"},"geometry":{"type":"LineString","coordinates":[[-99.15437,19.41597],[-99.1543,19.41686]]}},{"type":"Feature","properties":{"c":"foot"},"geometry":{"type":"LineString","coordinates":[[-99.14086,19.43489],[-99.14076,19.43487]]}},{"type":"Feature","properties":{"c":"foot"},"geometry":{"type":"LineString","coordinates":[[-99.14076,19.43487],[-99.1406,19.43485],[-99.1406,19.43479]]}},{"type":"Feature","properties":{"c":"foot"},"geometry":{"type":"LineString","coordinates":[[-99.1406,19.43479],[-99.14062,19.43471],[-99.14078,19.43473]]}},{"type":"Feature","properties":{"c":"foot"},"geometry":{"type":"LineString","coordinates":[[-99.15459,19.41515],[-99.15449,19.41515],[-99.15444,19.41515]]}},{"type":"Feature","properties":{"c":"major","n":"Calle Orizaba"},"geometry":{"type":"LineString","coordinates":[[-99.16083,19.42274],[-99.16102,19.42351]]}},{"type":"Feature","properties":{"c":"major","n":"Calle Orizaba"},"geometry":{"type":"LineString","coordinates":[[-99.16102,19.42351],[-99.16111,19.42386],[-99.16113,19.42389],[-99.16119,19.42389]]}},{"type":"Feature","properties":{"c":"major","n":"Avenida Oaxaca"},"geometry":{"type":"LineString","coordinates":[[-99.16907,19.41702],[-99.16913,19.41694]]}},{"type":"Feature","properties":{"c":"major","n":"Avenida Oaxaca"},"geometry":{"type":"LineString","coordinates":[[-99.16913,19.41694],[-99.16947,19.41655]]}},{"type":"Feature","properties":{"c":"major","n":"Avenida Oaxaca"},"geometry":{"type":"LineString","coordinates":[[-99.16947,19.41655],[-99.16951,19.4165]]}},{"type":"Feature","properties":{"c":"major","n":"Calle Salamanca"},"geometry":{"type":"LineString","coordinates":[[-99.16907,19.41702],[-99.16904,19.41691]]}},{"type":"Feature","properties":{"c":"major","n":"Avenida Chapultepec"},"geometry":{"type":"LineString","coordinates":[[-99.17025,19.4222],[-99.17039,19.42216]]}},{"type":"Feature","properties":{"c":"major","n":"Avenida Chapultepec"},"geometry":{"type":"LineString","coordinates":[[-99.17039,19.42216],[-99.17067,19.4221]]}},{"type":"Feature","properties":{"c":"major","n":"Avenida Chapultepec"},"geometry":{"type":"LineString","coordinates":[[-99.17067,19.4221],[-99.17104,19.42202]]}},{"type":"Feature","properties":{"c":"major","n":"Avenida Chapultepec"},"geometry":{"type":"LineString","coordinates":[[-99.17104,19.42202],[-99.17118,19.42199]]}},{"type":"Feature","properties":{"c":"major","n":"Avenida Chapultepec"},"geometry":{"type":"LineString","coordinates":[[-99.1672,19.42254],[-99.16704,19.42257]]}},{"type":"Feature","properties":{"c":"major","n":"Avenida Chapultepec"},"geometry":{"type":"LineString","coordinates":[[-99.16704,19.42257],[-99.16577,19.42285],[-99.16573,19.42286],[-99.16569,19.42287]]}},{"type":"Feature","properties":{"c":"major","n":"Avenida Chapultepec"},"geometry":{"type":"LineString","coordinates":[[-99.16569,19.42287],[-99.16559,19.42289]]}},{"type":"Feature","properties":{"c":"major","n":"Avenida Chapultepec"},"geometry":{"type":"LineString","coordinates":[[-99.17024,19.4221],[-99.17037,19.42207]]}},{"type":"Feature","properties":{"c":"major","n":"Avenida Chapultepec"},"geometry":{"type":"LineString","coordinates":[[-99.17037,19.42207],[-99.17043,19.42206]]}},{"type":"Feature","properties":{"c":"major","n":"Avenida Chapultepec"},"geometry":{"type":"LineString","coordinates":[[-99.17043,19.42206],[-99.17169,19.42178]]}},{"type":"Feature","properties":{"c":"major","n":"Avenida Chapultepec"},"geometry":{"type":"LineString","coordinates":[[-99.17169,19.42178],[-99.17298,19.4215],[-99.17322,19.42144]]}},{"type":"Feature","properties":{"c":"major","n":"Avenida Chapultepec"},"geometry":{"type":"LineString","coordinates":[[-99.16871,19.42243],[-99.16881,19.42241]]}},{"type":"Feature","properties":{"c":"major","n":"Avenida Chapultepec"},"geometry":{"type":"LineString","coordinates":[[-99.16881,19.42241],[-99.17002,19.42215]]}},{"type":"Feature","properties":{"c":"major","n":"Avenida Chapultepec"},"geometry":{"type":"LineString","coordinates":[[-99.17002,19.42215],[-99.17024,19.4221]]}},{"type":"Feature","properties":{"c":"major","n":"Avenida Insurgentes Sur"},"geometry":{"type":"LineString","coordinates":[[-99.16541,19.41522],[-99.16533,19.4155]]}},{"type":"Feature","properties":{"c":"major","n":"Avenida Yucatán"},"geometry":{"type":"LineString","coordinates":[[-99.16533,19.4155],[-99.1653,19.41548],[-99.16526,19.41546]]}},{"type":"Feature","properties":{"c":"major","n":"Avenida Yucatán"},"geometry":{"type":"LineString","coordinates":[[-99.16526,19.41546],[-99.16433,19.41491]]}},{"type":"Feature","properties":{"c":"major","n":"Avenida Medellín"},"geometry":{"type":"LineString","coordinates":[[-99.16541,19.41522],[-99.1654,19.41516],[-99.16538,19.4151]]}},{"type":"Feature","properties":{"c":"major","n":"Avenida Medellín"},"geometry":{"type":"LineString","coordinates":[[-99.16538,19.4151],[-99.16529,19.41472]]}},{"type":"Feature","properties":{"c":"major","n":"Avenida Álvaro Obregón"},"geometry":{"type":"LineString","coordinates":[[-99.16853,19.41646],[-99.16851,19.41646]]}},{"type":"Feature","properties":{"c":"major","n":"Avenida Álvaro Obregón"},"geometry":{"type":"LineString","coordinates":[[-99.16851,19.41646],[-99.16788,19.41659]]}},{"type":"Feature","properties":{"c":"minor"},"geometry":{"type":"LineString","coordinates":[[-99.16219,19.34777],[-99.16211,19.34775],[-99.16173,19.34764],[-99.1617,19.34765],[-99.16168,19.34768],[-99.16157,19.34807]]}},{"type":"Feature","properties":{"c":"minor","n":"Calle República de El Salvador"},"geometry":{"type":"LineString","coordinates":[[-99.13382,19.42927],[-99.13316,19.42916]]}},{"type":"Feature","properties":{"c":"minor","n":"Calle República de El Salvador"},"geometry":{"type":"LineString","coordinates":[[-99.13316,19.42916],[-99.13301,19.42914]]}},{"type":"Feature","properties":{"c":"minor","n":"Calle República de El Salvador"},"geometry":{"type":"LineString","coordinates":[[-99.13301,19.42914],[-99.13259,19.42909]]}},{"type":"Feature","properties":{"c":"minor","n":"Calle República de El Salvador"},"geometry":{"type":"LineString","coordinates":[[-99.13683,19.42967],[-99.13649,19.42963],[-99.13547,19.42949],[-99.13477,19.4294]]}},{"type":"Feature","properties":{"c":"foot"},"geometry":{"type":"LineString","coordinates":[[-99.17024,19.41582],[-99.17014,19.41585]]}},{"type":"Feature","properties":{"c":"foot"},"geometry":{"type":"LineString","coordinates":[[-99.17051,19.41611],[-99.17062,19.41628]]}},{"type":"Feature","properties":{"c":"foot"},"geometry":{"type":"LineString","coordinates":[[-99.1717,19.41371],[-99.17176,19.4138]]}},{"type":"Feature","properties":{"c":"foot"},"geometry":{"type":"LineString","coordinates":[[-99.17161,19.41352],[-99.17166,19.41362]]}},{"type":"Feature","properties":{"c":"foot"},"geometry":{"type":"LineString","coordinates":[[-99.17166,19.41362],[-99.1717,19.41371]]}},{"type":"Feature","properties":{"c":"foot"},"geometry":{"type":"LineString","coordinates":[[-99.1717,19.41371],[-99.17181,19.41366]]}},{"type":"Feature","properties":{"c":"foot"},"geometry":{"type":"LineString","coordinates":[[-99.17181,19.41366],[-99.17186,19.41363],[-99.17183,19.41355]]}},{"type":"Feature","properties":{"c":"foot"},"geometry":{"type":"LineString","coordinates":[[-99.17183,19.41355],[-99.1718,19.41346],[-99.17173,19.41348]]}},{"type":"Feature","properties":{"c":"foot"},"geometry":{"type":"LineString","coordinates":[[-99.17173,19.41348],[-99.17161,19.41352]]}},{"type":"Feature","properties":{"c":"foot"},"geometry":{"type":"LineString","coordinates":[[-99.16916,19.41209],[-99.16907,19.41208]]}},{"type":"Feature","properties":{"c":"foot"},"geometry":{"type":"LineString","coordinates":[[-99.16907,19.41208],[-99.169,19.41209],[-99.16889,19.41212],[-99.16882,19.41215],[-99.16876,19.41215],[-99.16867,19.41215],[-99.16856,19.41212]]}},{"type":"Feature","properties":{"c":"foot"},"geometry":{"type":"LineString","coordinates":[[-99.1704,19.41039],[-99.17037,19.41044]]}},{"type":"Feature","properties":{"c":"foot"},"geometry":{"type":"LineString","coordinates":[[-99.14185,19.43622],[-99.1418,19.43621],[-99.14174,19.4362]]}},{"type":"Feature","properties":{"c":"foot"},"geometry":{"type":"LineString","coordinates":[[-99.14174,19.4362],[-99.14153,19.43617]]}},{"type":"Feature","properties":{"c":"foot"},"geometry":{"type":"LineString","coordinates":[[-99.14153,19.43617],[-99.14072,19.43603]]}},{"type":"Feature","properties":{"c":"foot"},"geometry":{"type":"LineString","coordinates":[[-99.14068,19.43634],[-99.14069,19.43628]]}},{"type":"Feature","properties":{"c":"foot"},"geometry":{"type":"LineString","coordinates":[[-99.14069,19.43628],[-99.14071,19.43611]]}},{"type":"Feature","properties":{"c":"foot"},"geometry":{"type":"LineString","coordinates":[[-99.14071,19.43611],[-99.14072,19.43603]]}},{"type":"Feature","properties":{"c":"foot"},"geometry":{"type":"LineString","coordinates":[[-99.1426,19.43462],[-99.14262,19.43451]]}},{"type":"Feature","properties":{"c":"minor"},"geometry":{"type":"LineString","coordinates":[[-99.16854,19.41733],[-99.16849,19.41717],[-99.16846,19.41714],[-99.16842,19.41714],[-99.16837,19.41715],[-99.16835,19.41719],[-99.16838,19.41736]]}},{"type":"Feature","properties":{"c":"minor"},"geometry":{"type":"LineString","coordinates":[[-99.169,19.41812],[-99.16894,19.41811],[-99.16887,19.4181],[-99.16879,19.41812]]}},{"type":"Feature","properties":{"c":"minor"},"geometry":{"type":"LineString","coordinates":[[-99.16885,19.4186],[-99.16902,19.41857],[-99.16905,19.41856],[-99.16908,19.41852],[-99.16909,19.41848],[-99.16909,19.41843],[-99.169,19.41812]]}},{"type":"Feature","properties":{"c":"minor"},"geometry":{"type":"LineString","coordinates":[[-99.169,19.41812],[-99.16893,19.41788]]}},{"type":"Feature","properties":{"c":"minor"},"geometry":{"type":"LineString","coordinates":[[-99.16874,19.41792],[-99.16879,19.41812]]}},{"type":"Feature","properties":{"c":"minor"},"geometry":{"type":"LineString","coordinates":[[-99.16879,19.41812],[-99.1688,19.41815]]}},{"type":"Feature","properties":{"c":"minor"},"geometry":{"type":"LineString","coordinates":[[-99.17099,19.41662],[-99.17078,19.41668],[-99.17071,19.41671]]}},{"type":"Feature","properties":{"c":"minor"},"geometry":{"type":"LineString","coordinates":[[-99.16939,19.41744],[-99.16945,19.41768],[-99.16945,19.41769],[-99.16947,19.41777]]}},{"type":"Feature","properties":{"c":"minor"},"geometry":{"type":"LineString","coordinates":[[-99.16092,19.41417],[-99.16089,19.41405],[-99.16087,19.41397],[-99.16085,19.41387]]}},{"type":"Feature","properties":{"c":"minor"},"geometry":{"type":"LineString","coordinates":[[-99.16094,19.41385],[-99.16096,19.41395],[-99.16098,19.41403],[-99.16092,19.41417]]}},{"type":"Feature","properties":{"c":"minor"},"geometry":{"type":"LineString","coordinates":[[-99.16107,19.41468],[-99.1611,19.41477],[-99.16125,19.41551]]}},{"type":"Feature","properties":{"c":"minor"},"geometry":{"type":"LineString","coordinates":[[-99.16073,19.41412],[-99.16071,19.41403],[-99.1607,19.41398],[-99.16068,19.4139]]}},{"type":"Feature","properties":{"c":"minor"},"geometry":{"type":"LineString","coordinates":[[-99.1688,19.41992],[-99.16872,19.41965],[-99.1687,19.41957]]}},{"type":"Feature","properties":{"c":"minor"},"geometry":{"type":"LineString","coordinates":[[-99.16926,19.42069],[-99.1692,19.42043],[-99.16918,19.42033]]}},{"type":"Feature","properties":{"c":"foot"},"geometry":{"type":"LineString","coordinates":[[-99.17168,19.41561],[-99.1718,19.4157]]}},{"type":"Feature","properties":{"c":"major","n":"Avenida Chapultepec"},"geometry":{"type":"LineString","coordinates":[[-99.16719,19.42265],[-99.16707,19.42268]]}},{"type":"Feature","properties":{"c":"major","n":"Avenida Chapultepec"},"geometry":{"type":"LineString","coordinates":[[-99.16707,19.42268],[-99.16591,19.42294],[-99.16572,19.42296]]}},{"type":"Feature","properties":{"c":"major","n":"Avenida Chapultepec"},"geometry":{"type":"LineString","coordinates":[[-99.16572,19.42296],[-99.16562,19.42298]]}},{"type":"Feature","properties":{"c":"major","n":"Avenida Chapultepec"},"geometry":{"type":"LineString","coordinates":[[-99.16876,19.4222],[-99.16867,19.42222]]}},{"type":"Feature","properties":{"c":"major","n":"Avenida Chapultepec"},"geometry":{"type":"LineString","coordinates":[[-99.16867,19.42222],[-99.16845,19.42226]]}},{"type":"Feature","properties":{"c":"major","n":"Avenida Chapultepec"},"geometry":{"type":"LineString","coordinates":[[-99.16845,19.42226],[-99.16787,19.4224]]}},{"type":"Feature","properties":{"c":"major","n":"Avenida Chapultepec"},"geometry":{"type":"LineString","coordinates":[[-99.16787,19.4224],[-99.16739,19.4225],[-99.16734,19.42251],[-99.1673,19.42252]]}},{"type":"Feature","properties":{"c":"major","n":"Avenida Chapultepec"},"geometry":{"type":"LineString","coordinates":[[-99.1673,19.42252],[-99.1672,19.42254]]}},{"type":"Feature","properties":{"c":"foot"},"geometry":{"type":"LineString","coordinates":[[-99.16001,19.40764],[-99.16007,19.4081]]}},{"type":"Feature","properties":{"c":"minor"},"geometry":{"type":"LineString","coordinates":[[-99.16326,19.34749],[-99.1633,19.34731],[-99.16332,19.34721],[-99.16333,19.34719],[-99.16335,19.34718],[-99.16338,19.34717],[-99.16341,19.34717],[-99.16345,19.34718],[-99.16347,19.34721]]}},{"type":"Feature","properties":{"c":"foot"},"geometry":{"type":"LineString","coordinates":[[-99.16412,19.42342],[-99.16423,19.42338],[-99.16431,19.42333],[-99.16439,19.42334],[-99.16445,19.42332],[-99.16451,19.42331],[-99.16457,19.42327],[-99.16467,19.42327],[-99.16484,19.42324],[-99.16501,19.42316],[-99.16548,19.42306],[-99.16551,19.42307]]}},{"type":"Feature","properties":{"c":"foot"},"geometry":{"type":"LineString","coordinates":[[-99.16407,19.42327],[-99.16412,19.42342]]}},{"type":"Feature","properties":{"c":"foot"},"geometry":{"type":"LineString","coordinates":[[-99.16412,19.42342],[-99.16415,19.42356]]}},{"type":"Feature","properties":{"c":"foot"},"geometry":{"type":"LineString","coordinates":[[-99.14201,19.43539],[-99.14198,19.43539]]}},{"type":"Feature","properties":{"c":"foot"},"geometry":{"type":"LineString","coordinates":[[-99.14198,19.43539],[-99.14181,19.43536]]}},{"type":"Feature","properties":{"c":"major","n":"Avenida 5 de Mayo"},"geometry":{"type":"LineString","coordinates":[[-99.13613,19.43423],[-99.13561,19.43416]]}},{"type":"Feature","properties":{"c":"major","n":"Avenida 5 de Mayo"},"geometry":{"type":"LineString","coordinates":[[-99.13561,19.43416],[-99.1351,19.4341]]}},{"type":"Feature","properties":{"c":"minor","n":"Calle Doctor Manuel Villada"},"geometry":{"type":"LineString","coordinates":[[-99.1537,19.41502],[-99.15361,19.41588],[-99.15361,19.41591]]}},{"type":"Feature","properties":{"c":"minor","n":"Calle Doctor Manuel Villada"},"geometry":{"type":"LineString","coordinates":[[-99.15382,19.41389],[-99.1537,19.41502]]}},{"type":"Feature","properties":{"c":"foot"},"geometry":{"type":"LineString","coordinates":[[-99.16891,19.41115],[-99.16895,19.41109]]}},{"type":"Feature","properties":{"c":"foot"},"geometry":{"type":"LineString","coordinates":[[-99.16895,19.41109],[-99.16899,19.41104]]}},{"type":"Feature","properties":{"c":"foot"},"geometry":{"type":"LineString","coordinates":[[-99.13367,19.43378],[-99.13378,19.4337],[-99.13382,19.43368]]}},{"type":"Feature","properties":{"c":"foot"},"geometry":{"type":"LineString","coordinates":[[-99.16535,19.422],[-99.16525,19.42202],[-99.16512,19.4215]]}},{"type":"Feature","properties":{"c":"foot"},"geometry":{"type":"LineString","coordinates":[[-99.16512,19.4215],[-99.16509,19.42146]]}},{"type":"Feature","properties":{"c":"foot"},"geometry":{"type":"LineString","coordinates":[[-99.16509,19.42146],[-99.16507,19.42138],[-99.16505,19.42133]]}},{"type":"Feature","properties":{"c":"foot"},"geometry":{"type":"LineString","coordinates":[[-99.16505,19.42133],[-99.16503,19.42126]]}},{"type":"Feature","properties":{"c":"foot"},"geometry":{"type":"LineString","coordinates":[[-99.16503,19.42126],[-99.16501,19.42121],[-99.16512,19.42117]]}},{"type":"Feature","properties":{"c":"foot"},"geometry":{"type":"LineString","coordinates":[[-99.16512,19.42117],[-99.16519,19.42111],[-99.16523,19.42114]]}},{"type":"Feature","properties":{"c":"foot"},"geometry":{"type":"LineString","coordinates":[[-99.16523,19.42114],[-99.16527,19.42116],[-99.16532,19.4212]]}},{"type":"Feature","properties":{"c":"foot"},"geometry":{"type":"LineString","coordinates":[[-99.16532,19.4212],[-99.16535,19.42123],[-99.16519,19.42144]]}},{"type":"Feature","properties":{"c":"foot"},"geometry":{"type":"LineString","coordinates":[[-99.16519,19.42144],[-99.16512,19.4215]]}},{"type":"Feature","properties":{"c":"foot"},"geometry":{"type":"LineString","coordinates":[[-99.16538,19.42213],[-99.16487,19.42224],[-99.16464,19.4223]]}},{"type":"Feature","properties":{"c":"foot"},"geometry":{"type":"LineString","coordinates":[[-99.16464,19.4223],[-99.16442,19.42234],[-99.1643,19.42234]]}},{"type":"Feature","properties":{"c":"foot"},"geometry":{"type":"LineString","coordinates":[[-99.14207,19.43484],[-99.14189,19.43482]]}},{"type":"Feature","properties":{"c":"foot"},"geometry":{"type":"LineString","coordinates":[[-99.14217,19.43466],[-99.14211,19.43462]]}},{"type":"Feature","properties":{"c":"foot"},"geometry":{"type":"LineString","coordinates":[[-99.15495,19.42084],[-99.15489,19.42082]]}},{"type":"Feature","properties":{"c":"foot"},"geometry":{"type":"LineString","coordinates":[[-99.15489,19.42082],[-99.1548,19.42073]]}},{"type":"Feature","properties":{"c":"foot"},"geometry":{"type":"LineString","coordinates":[[-99.1548,19.42073],[-99.15472,19.42072],[-99.1547,19.4207],[-99.15467,19.42066]]}},{"type":"Feature","properties":{"c":"foot"},"geometry":{"type":"LineString","coordinates":[[-99.1548,19.42055],[-99.15477,19.42053],[-99.15476,19.4205],[-99.15476,19.42048],[-99.15477,19.42046],[-99.15478,19.42044],[-99.1548,19.42043]]}},{"type":"Feature","properties":{"c":"foot"},"geometry":{"type":"LineString","coordinates":[[-99.15487,19.42052],[-99.15484,19.42054],[-99.1548,19.42055]]}},{"type":"Feature","properties":{"c":"foot"},"geometry":{"type":"LineString","coordinates":[[-99.1548,19.42055],[-99.15476,19.42062]]}},{"type":"Feature","properties":{"c":"foot"},"geometry":{"type":"LineString","coordinates":[[-99.15476,19.42062],[-99.15467,19.42066]]}},{"type":"Feature","properties":{"c":"foot"},"geometry":{"type":"LineString","coordinates":[[-99.15467,19.42066],[-99.15463,19.42066]]}},{"type":"Feature","properties":{"c":"foot"},"geometry":{"type":"LineString","coordinates":[[-99.15463,19.42066],[-99.15443,19.4207]]}},{"type":"Feature","properties":{"c":"foot"},"geometry":{"type":"LineString","coordinates":[[-99.15443,19.4207],[-99.15438,19.42071]]}},{"type":"Feature","properties":{"c":"foot"},"geometry":{"type":"LineString","coordinates":[[-99.15438,19.42071],[-99.15426,19.42073]]}},{"type":"Feature","properties":{"c":"foot"},"geometry":{"type":"LineString","coordinates":[[-99.15494,19.42088],[-99.15495,19.42084]]}},{"type":"Feature","properties":{"c":"foot"},"geometry":{"type":"LineString","coordinates":[[-99.15495,19.42084],[-99.15505,19.42081],[-99.15509,19.42074]]}},{"type":"Feature","properties":{"c":"foot"},"geometry":{"type":"LineString","coordinates":[[-99.15509,19.42074],[-99.1551,19.4207],[-99.1551,19.42066],[-99.15509,19.42063],[-99.15506,19.42059]]}},{"type":"Feature","properties":{"c":"foot"},"geometry":{"type":"LineString","coordinates":[[-99.15506,19.42059],[-99.15503,19.42057],[-99.155,19.42056],[-99.15492,19.42054],[-99.1549,19.42053]]}},{"type":"Feature","properties":{"c":"foot"},"geometry":{"type":"LineString","coordinates":[[-99.1549,19.42053],[-99.15487,19.42052]]}},{"type":"Feature","properties":{"c":"foot"},"geometry":{"type":"LineString","coordinates":[[-99.15487,19.42052],[-99.15487,19.42048],[-99.15485,19.42045],[-99.15484,19.42044],[-99.15482,19.42043],[-99.1548,19.42043]]}},{"type":"Feature","properties":{"c":"foot"},"geometry":{"type":"LineString","coordinates":[[-99.1548,19.42043],[-99.15478,19.4203]]}},{"type":"Feature","properties":{"c":"foot"},"geometry":{"type":"LineString","coordinates":[[-99.1548,19.41974],[-99.15471,19.41971],[-99.15468,19.41967]]}},{"type":"Feature","properties":{"c":"foot"},"geometry":{"type":"LineString","coordinates":[[-99.15468,19.41967],[-99.15466,19.41964]]}},{"type":"Feature","properties":{"c":"foot"},"geometry":{"type":"LineString","coordinates":[[-99.15466,19.41964],[-99.15458,19.41959]]}},{"type":"Feature","properties":{"c":"foot"},"geometry":{"type":"LineString","coordinates":[[-99.15458,19.41959],[-99.1545,19.41955]]}},{"type":"Feature","properties":{"c":"foot"},"geometry":{"type":"LineString","coordinates":[[-99.15481,19.41994],[-99.15481,19.41991]]}},{"type":"Feature","properties":{"c":"foot"},"geometry":{"type":"LineString","coordinates":[[-99.15481,19.41991],[-99.15481,19.41989],[-99.15481,19.41986],[-99.1548,19.41974]]}},{"type":"Feature","properties":{"c":"foot"},"geometry":{"type":"LineString","coordinates":[[-99.1548,19.41974],[-99.1548,19.4197],[-99.15481,19.41965]]}},{"type":"Feature","properties":{"c":"foot"},"geometry":{"type":"LineString","coordinates":[[-99.15481,19.41965],[-99.15481,19.41955]]}},{"type":"Feature","properties":{"c":"foot"},"geometry":{"type":"LineString","coordinates":[[-99.15481,19.41955],[-99.15483,19.4195],[-99.15485,19.41946]]}},{"type":"Feature","properties":{"c":"foot"},"geometry":{"type":"LineString","coordinates":[[-99.16081,19.42152],[-99.16086,19.42143],[-99.16089,19.42131]]}},{"type":"Feature","properties":{"c":"foot"},"geometry":{"type":"LineString","coordinates":[[-99.16089,19.42131],[-99.16079,19.42117],[-99.16074,19.42114]]}},{"type":"Feature","properties":{"c":"foot"},"geometry":{"type":"LineString","coordinates":[[-99.16074,19.42114],[-99.16071,19.42127],[-99.16066,19.42137],[-99.16063,19.42139]]}},{"type":"Feature","properties":{"c":"foot"},"geometry":{"type":"LineString","coordinates":[[-99.16063,19.42139],[-99.16069,19.42146],[-99.16076,19.42151],[-99.16081,19.42152]]}},{"type":"Feature","properties":{"c":"foot"},"geometry":{"type":"LineString","coordinates":[[-99.16081,19.42152],[-99.16081,19.42158]]}},{"type":"Feature","properties":{"c":"foot"},"geometry":{"type":"LineString","coordinates":[[-99.16063,19.42139],[-99.16058,19.4214]]}},{"type":"Feature","properties":{"c":"foot"},"geometry":{"type":"LineString","coordinates":[[-99.16089,19.42131],[-99.16094,19.42129]]}},{"type":"Feature","properties":{"c":"foot"},"geometry":{"type":"LineString","coordinates":[[-99.16074,19.42114],[-99.16073,19.42112]]}},{"type":"Feature","properties":{"c":"foot"},"geometry":{"type":"LineString","coordinates":[[-99.16035,19.42163],[-99.16021,19.42156],[-99.16017,19.42152],[-99.16013,19.42145]]}},{"type":"Feature","properties":{"c":"foot"},"geometry":{"type":"LineString","coordinates":[[-99.16013,19.42145],[-99.16021,19.42125]]}},{"type":"Feature","properties":{"c":"foot"},"geometry":{"type":"LineString","coordinates":[[-99.16021,19.42125],[-99.16024,19.42132],[-99.16029,19.42137],[-99.16042,19.42143]]}},{"type":"Feature","properties":{"c":"foot"},"geometry":{"type":"LineString","coordinates":[[-99.16042,19.42143],[-99.16039,19.42157],[-99.16035,19.42163]]}},{"type":"Feature","properties":{"c":"foot"},"geometry":{"type":"LineString","coordinates":[[-99.16035,19.42163],[-99.16035,19.42168]]}},{"type":"Feature","properties":{"c":"foot"},"geometry":{"type":"LineString","coordinates":[[-99.16042,19.42143],[-99.16048,19.42142]]}},{"type":"Feature","properties":{"c":"foot"},"geometry":{"type":"LineString","coordinates":[[-99.16021,19.42125],[-99.16019,19.42121]]}},{"type":"Feature","properties":{"c":"foot"},"geometry":{"type":"LineString","coordinates":[[-99.16013,19.42145],[-99.1601,19.42147]]}},{"type":"Feature","properties":{"c":"foot"},"geometry":{"type":"LineString","coordinates":[[-99.16016,19.42109],[-99.16,19.42094]]}},{"type":"Feature","properties":{"c":"foot"},"geometry":{"type":"LineString","coordinates":[[-99.16,19.42094],[-99.16011,19.42074]]}},{"type":"Feature","properties":{"c":"foot"},"geometry":{"type":"LineString","coordinates":[[-99.16011,19.42074],[-99.16025,19.42082]]}},{"type":"Feature","properties":{"c":"foot"},"geometry":{"type":"LineString","coordinates":[[-99.16025,19.42082],[-99.16021,19.4209],[-99.16016,19.42109]]}},{"type":"Feature","properties":{"c":"foot"},"geometry":{"type":"LineString","coordinates":[[-99.16016,19.42109],[-99.16017,19.42114]]}},{"type":"Feature","properties":{"c":"foot"},"geometry":{"type":"LineString","coordinates":[[-99.16025,19.42082],[-99.16033,19.4208]]}},{"type":"Feature","properties":{"c":"foot"},"geometry":{"type":"LineString","coordinates":[[-99.16,19.42094],[-99.15997,19.42095]]}},{"type":"Feature","properties":{"c":"foot"},"geometry":{"type":"LineString","coordinates":[[-99.16011,19.42074],[-99.16005,19.42068]]}},{"type":"Feature","properties":{"c":"foot"},"geometry":{"type":"LineString","coordinates":[[-99.16069,19.42096],[-99.16064,19.42089],[-99.16055,19.42082],[-99.16046,19.42078]]}},{"type":"Feature","properties":{"c":"foot"},"geometry":{"type":"LineString","coordinates":[[-99.16046,19.42078],[-99.16053,19.42063],[-99.16056,19.4206]]}},{"type":"Feature","properties":{"c":"foot"},"geometry":{"type":"LineString","coordinates":[[-99.16056,19.4206],[-99.16075,19.42069],[-99.16078,19.42074]]}},{"type":"Feature","properties":{"c":"foot"},"geometry":{"type":"LineString","coordinates":[[-99.16078,19.42074],[-99.16069,19.42096]]}},{"type":"Feature","properties":{"c":"foot"},"geometry":{"type":"LineString","coordinates":[[-99.16069,19.42096],[-99.16071,19.42102]]}},{"type":"Feature","properties":{"c":"foot"},"geometry":{"type":"LineString","coordinates":[[-99.16078,19.42074],[-99.1608,19.42072]]}},{"type":"Feature","properties":{"c":"foot"},"geometry":{"type":"LineString","coordinates":[[-99.16046,19.42078],[-99.16039,19.4208]]}},{"type":"Feature","properties":{"c":"foot"},"geometry":{"type":"LineString","coordinates":[[-99.16056,19.4206],[-99.16052,19.42058]]}},{"type":"Feature","properties":{"c":"foot"},"geometry":{"type":"LineString","coordinates":[[-99.15504,19.41078],[-99.15559,19.41079]]}},{"type":"Feature","properties":{"c":"foot"},"geometry":{"type":"LineString","coordinates":[[-99.15559,19.41079],[-99.15614,19.41079]]}},{"type":"Feature","properties":{"c":"foot"},"geometry":{"type":"LineString","coordinates":[[-99.15614,19.41079],[-99.15625,19.41079],[-99.15644,19.41079]]}},{"type":"Feature","properties":{"c":"foot"},"geometry":{"type":"LineString","coordinates":[[-99.15644,19.41079],[-99.15676,19.41097],[-99.15691,19.41116]]}},{"type":"Feature","properties":{"c":"foot"},"geometry":{"type":"LineString","coordinates":[[-99.15691,19.41116],[-99.15695,19.41166]]}},{"type":"Feature","properties":{"c":"foot"},"geometry":{"type":"LineString","coordinates":[[-99.15697,19.41166],[-99.15706,19.41151],[-99.15736,19.41096]]}},{"type":"Feature","properties":{"c":"foot"},"geometry":{"type":"LineString","coordinates":[[-99.15736,19.41096],[-99.15739,19.41098],[-99.15769,19.41115],[-99.1578,19.41125]]}},{"type":"Feature","properties":{"c":"foot"},"geometry":{"type":"LineString","coordinates":[[-99.1578,19.41125],[-99.15761,19.41045]]}},{"type":"Feature","properties":{"c":"foot"},"geometry":{"type":"LineString","coordinates":[[-99.15761,19.41045],[-99.15752,19.41002]]}},{"type":"Feature","properties":{"c":"foot"},"geometry":{"type":"LineString","coordinates":[[-99.15752,19.41002],[-99.15745,19.40974]]}},{"type":"Feature","properties":{"c":"foot"},"geometry":{"type":"LineString","coordinates":[[-99.15745,19.40974],[-99.15738,19.40942]]}},{"type":"Feature","properties":{"c":"foot"},"geometry":{"type":"LineString","coordinates":[[-99.15738,19.40942],[-99.15735,19.4093]]}},{"type":"Feature","properties":{"c":"foot"},"geometry":{"type":"LineString","coordinates":[[-99.15735,19.4093],[-99.15732,19.40918]]}},{"type":"Feature","properties":{"c":"foot"},"geometry":{"type":"LineString","coordinates":[[-99.15504,19.41078],[-99.15504,19.41074]]}},{"type":"Feature","properties":{"c":"foot"},"geometry":{"type":"LineString","coordinates":[[-99.15504,19.41074],[-99.15506,19.41052]]}},{"type":"Feature","properties":{"c":"foot"},"geometry":{"type":"LineString","coordinates":[[-99.15506,19.41052],[-99.15511,19.40976]]}},{"type":"Feature","properties":{"c":"foot"},"geometry":{"type":"LineString","coordinates":[[-99.15511,19.40976],[-99.15513,19.40937]]}},{"type":"Feature","properties":{"c":"foot"},"geometry":{"type":"LineString","coordinates":[[-99.15513,19.40937],[-99.15514,19.40925]]}},{"type":"Feature","properties":{"c":"foot"},"geometry":{"type":"LineString","coordinates":[[-99.15514,19.40925],[-99.15515,19.40908]]}},{"type":"Feature","properties":{"c":"foot"},"geometry":{"type":"LineString","coordinates":[[-99.15515,19.40908],[-99.15519,19.40854]]}},{"type":"Feature","properties":{"c":"foot"},"geometry":{"type":"LineString","coordinates":[[-99.15519,19.40854],[-99.15519,19.40848],[-99.1552,19.40839]]}},{"type":"Feature","properties":{"c":"foot"},"geometry":{"type":"LineString","coordinates":[[-99.1552,19.40839],[-99.15524,19.4078],[-99.15524,19.40771],[-99.15525,19.40755],[-99.15526,19.40748]]}},{"type":"Feature","properties":{"c":"foot"},"geometry":{"type":"LineString","coordinates":[[-99.15659,19.4105],[-99.15668,19.41037],[-99.15686,19.41047]]}},{"type":"Feature","properties":{"c":"foot"},"geometry":{"type":"LineString","coordinates":[[-99.15686,19.41047],[-99.15677,19.4106],[-99.15659,19.4105]]}},{"type":"Feature","properties":{"c":"foot"},"geometry":{"type":"LineString","coordinates":[[-99.15513,19.40937],[-99.15545,19.40926]]}},{"type":"Feature","properties":{"c":"foot"},"geometry":{"type":"LineString","coordinates":[[-99.15545,19.40926],[-99.15567,19.40974]]}},{"type":"Feature","properties":{"c":"foot"},"geometry":{"type":"LineString","coordinates":[[-99.15567,19.40974],[-99.15569,19.40973],[-99.15573,19.40971],[-99.15583,19.40967]]}},{"type":"Feature","properties":{"c":"foot"},"geometry":{"type":"LineString","coordinates":[[-99.15583,19.40967],[-99.15602,19.40936],[-99.15597,19.40919],[-99.15598,19.40911]]}},{"type":"Feature","properties":{"c":"foot"},"geometry":{"type":"LineString","coordinates":[[-99.15598,19.40911],[-99.15602,19.40893]]}},{"type":"Feature","properties":{"c":"foot"},"geometry":{"type":"LineString","coordinates":[[-99.15602,19.40893],[-99.15573,19.40894]]}},{"type":"Feature","properties":{"c":"foot"},"geometry":{"type":"LineString","coordinates":[[-99.15573,19.40894],[-99.15555,19.4089]]}},{"type":"Feature","properties":{"c":"foot"},"geometry":{"type":"LineString","coordinates":[[-99.15555,19.4089],[-99.15557,19.40897],[-99.15542,19.40909]]}},{"type":"Feature","properties":{"c":"foot"},"geometry":{"type":"LineString","coordinates":[[-99.15542,19.40909],[-99.15515,19.40908]]}},{"type":"Feature","properties":{"c":"foot"},"geometry":{"type":"LineString","coordinates":[[-99.15678,19.41039],[-99.15656,19.41025]]}},{"type":"Feature","properties":{"c":"foot"},"geometry":{"type":"LineString","coordinates":[[-99.15656,19.41025],[-99.15639,19.41014]]}},{"type":"Feature","properties":{"c":"foot"},"geometry":{"type":"LineString","coordinates":[[-99.15639,19.41014],[-99.15612,19.40995]]}},{"type":"Feature","properties":{"c":"foot"},"geometry":{"type":"LineString","coordinates":[[-99.15612,19.40995],[-99.15604,19.40989],[-99.15583,19.40967]]}},{"type":"Feature","properties":{"c":"foot"},"geometry":{"type":"LineString","coordinates":[[-99.15656,19.41025],[-99.15636,19.41023],[-99.15634,19.41047]]}},{"type":"Feature","properties":{"c":"foot"},"geometry":{"type":"LineString","coordinates":[[-99.15712,19.41075],[-99.1574,19.41088],[-99.15761,19.41045]]}},{"type":"Feature","properties":{"c":"foot"},"geometry":{"type":"LineString","coordinates":[[-99.15761,19.41045],[-99.15736,19.41096]]}},{"type":"Feature","properties":{"c":"foot"},"geometry":{"type":"LineString","coordinates":[[-99.15736,19.41096],[-99.1572,19.41087],[-99.15709,19.41077],[-99.15686,19.41047]]}},{"type":"Feature","properties":{"c":"foot"},"geometry":{"type":"LineString","coordinates":[[-99.15686,19.41047],[-99.15678,19.41039]]}},{"type":"Feature","properties":{"c":"foot"},"geometry":{"type":"LineString","coordinates":[[-99.15678,19.41039],[-99.157,19.41019]]}},{"type":"Feature","properties":{"c":"foot"},"geometry":{"type":"LineString","coordinates":[[-99.157,19.41019],[-99.15698,19.41046],[-99.15712,19.41075]]}},{"type":"Feature","properties":{"c":"foot"},"geometry":{"type":"LineString","coordinates":[[-99.157,19.41019],[-99.15695,19.41015]]}},{"type":"Feature","properties":{"c":"foot"},"geometry":{"type":"LineString","coordinates":[[-99.15695,19.41015],[-99.15683,19.41006]]}},{"type":"Feature","properties":{"c":"foot"},"geometry":{"type":"LineString","coordinates":[[-99.15683,19.41006],[-99.15672,19.40998]]}},{"type":"Feature","properties":{"c":"foot"},"geometry":{"type":"LineString","coordinates":[[-99.15672,19.40998],[-99.15669,19.40981]]}},{"type":"Feature","properties":{"c":"foot"},"geometry":{"type":"LineString","coordinates":[[-99.15669,19.40981],[-99.15667,19.40958]]}},{"type":"Feature","properties":{"c":"foot"},"geometry":{"type":"LineString","coordinates":[[-99.15667,19.40958],[-99.15664,19.40939],[-99.15659,19.40921]]}},{"type":"Feature","properties":{"c":"foot"},"geometry":{"type":"LineString","coordinates":[[-99.15659,19.40921],[-99.15645,19.40874],[-99.1564,19.40867],[-99.15637,19.4086],[-99.15622,19.40812]]}},{"type":"Feature","properties":{"c":"foot"},"geometry":{"type":"LineString","coordinates":[[-99.15622,19.40812],[-99.15605,19.40796]]}},{"type":"Feature","properties":{"c":"foot"},"geometry":{"type":"LineString","coordinates":[[-99.15605,19.40796],[-99.15574,19.40787]]}},{"type":"Feature","properties":{"c":"foot"},"geometry":{"type":"LineString","coordinates":[[-99.15574,19.40787],[-99.15553,19.40794]]}},{"type":"Feature","properties":{"c":"foot"},"geometry":{"type":"LineString","coordinates":[[-99.15553,19.40794],[-99.15537,19.40829]]}},{"type":"Feature","properties":{"c":"foot"},"geometry":{"type":"LineString","coordinates":[[-99.15537,19.40829],[-99.1552,19.40839]]}},{"type":"Feature","properties":{"c":"foot"},"geometry":{"type":"LineString","coordinates":[[-99.1552,19.40839],[-99.15536,19.40846]]}},{"type":"Feature","properties":{"c":"foot"},"geometry":{"type":"LineString","coordinates":[[-99.15536,19.40846],[-99.15555,19.4089]]}},{"type":"Feature","properties":{"c":"foot"},"geometry":{"type":"LineString","coordinates":[[-99.15602,19.40893],[-99.15598,19.40877]]}},{"type":"Feature","properties":{"c":"foot"},"geometry":{"type":"LineString","coordinates":[[-99.15598,19.40877],[-99.15588,19.4082]]}},{"type":"Feature","properties":{"c":"foot"},"geometry":{"type":"LineString","coordinates":[[-99.15588,19.4082],[-99.15575,19.40803],[-99.15553,19.40794]]}},{"type":"Feature","properties":{"c":"foot"},"geometry":{"type":"LineString","coordinates":[[-99.15605,19.40796],[-99.15588,19.4082]]}},{"type":"Feature","properties":{"c":"foot"},"geometry":{"type":"LineString","coordinates":[[-99.15588,19.4082],[-99.15622,19.40812]]}},{"type":"Feature","properties":{"c":"foot"},"geometry":{"type":"LineString","coordinates":[[-99.15573,19.40894],[-99.15598,19.40877]]}},{"type":"Feature","properties":{"c":"foot"},"geometry":{"type":"LineString","coordinates":[[-99.15639,19.41014],[-99.15648,19.40975]]}},{"type":"Feature","properties":{"c":"foot"},"geometry":{"type":"LineString","coordinates":[[-99.15648,19.40975],[-99.15647,19.40968],[-99.15643,19.40945]]}},{"type":"Feature","properties":{"c":"foot"},"geometry":{"type":"LineString","coordinates":[[-99.15643,19.40945],[-99.15624,19.40944]]}},{"type":"Feature","properties":{"c":"foot"},"geometry":{"type":"LineString","coordinates":[[-99.15624,19.40944],[-99.15623,19.4094],[-99.15617,19.40925],[-99.15614,19.40918],[-99.15612,19.40911],[-99.15607,19.40901],[-99.15602,19.40893]]}},{"type":"Feature","properties":{"c":"foot"},"geometry":{"type":"LineString","coordinates":[[-99.15612,19.40995],[-99.15648,19.40975]]}},{"type":"Feature","properties":{"c":"foot"},"geometry":{"type":"LineString","coordinates":[[-99.15648,19.40975],[-99.15635,19.4096]]}},{"type":"Feature","properties":{"c":"foot"},"geometry":{"type":"LineString","coordinates":[[-99.15635,19.4096],[-99.15627,19.40952]]}},{"type":"Feature","properties":{"c":"foot"},"geometry":{"type":"LineString","coordinates":[[-99.15731,19.40986],[-99.15727,19.40998]]}},{"type":"Feature","properties":{"c":"foot"},"geometry":{"type":"LineString","coordinates":[[-99.15727,19.40998],[-99.15729,19.41005],[-99.15743,19.41004]]}},{"type":"Feature","properties":{"c":"foot"},"geometry":{"type":"LineString","coordinates":[[-99.15743,19.41004],[-99.15737,19.40993]]}},{"type":"Feature","properties":{"c":"foot"},"geometry":{"type":"LineString","coordinates":[[-99.15737,19.40993],[-99.15731,19.40986]]}},{"type":"Feature","properties":{"c":"foot"},"geometry":{"type":"LineString","coordinates":[[-99.15737,19.40993],[-99.15727,19.40998]]}},{"type":"Feature","properties":{"c":"foot"},"geometry":{"type":"LineString","coordinates":[[-99.15727,19.40998],[-99.15695,19.41015]]}},{"type":"Feature","properties":{"c":"foot"},"geometry":{"type":"LineString","coordinates":[[-99.15695,19.41015],[-99.15694,19.41009],[-99.15683,19.41006]]}},{"type":"Feature","properties":{"c":"foot"},"geometry":{"type":"LineString","coordinates":[[-99.15683,19.41006],[-99.15681,19.40997],[-99.15672,19.40998]]}},{"type":"Feature","properties":{"c":"foot"},"geometry":{"type":"LineString","coordinates":[[-99.15542,19.40909],[-99.15542,19.40915],[-99.15543,19.40921]]}},{"type":"Feature","properties":{"c":"foot"},"geometry":{"type":"LineString","coordinates":[[-99.15543,19.40921],[-99.15544,19.40923],[-99.15545,19.40924]]}},{"type":"Feature","properties":{"c":"foot"},"geometry":{"type":"LineString","coordinates":[[-99.15545,19.40924],[-99.15545,19.40926]]}},{"type":"Feature","properties":{"c":"foot"},"geometry":{"type":"LineString","coordinates":[[-99.15506,19.41052],[-99.15519,19.4106]]}},{"type":"Feature","properties":{"c":"foot"},"geometry":{"type":"LineString","coordinates":[[-99.15643,19.40945],[-99.15659,19.40921]]}},{"type":"Feature","properties":{"c":"foot"},"geometry":{"type":"LineString","coordinates":[[-99.15743,19.41004],[-99.15752,19.41002]]}},{"type":"Feature","properties":{"c":"foot"},"geometry":{"type":"LineString","coordinates":[[-99.15721,19.40958],[-99.15718,19.40946]]}},{"type":"Feature","properties":{"c":"foot"},"geometry":{"type":"LineString","coordinates":[[-99.15718,19.40946],[-99.15716,19.40934]]}},{"type":"Feature","properties":{"c":"foot"},"geometry":{"type":"LineString","coordinates":[[-99.15716,19.40934],[-99.15713,19.40922],[-99.15732,19.40918]]}},{"type":"Feature","properties":{"c":"foot"},"geometry":{"type":"LineString","coordinates":[[-99.15523,19.40929],[-99.15518,19.40925]]}},{"type":"Feature","properties":{"c":"foot"},"geometry":{"type":"LineString","coordinates":[[-99.15518,19.40925],[-99.15522,19.40921],[-99.15526,19.40925]]}},{"type":"Feature","properties":{"c":"foot"},"geometry":{"type":"LineString","coordinates":[[-99.15526,19.40925],[-99.15523,19.40929]]}},{"type":"Feature","properties":{"c":"foot"},"geometry":{"type":"LineString","coordinates":[[-99.15705,19.40968],[-99.15695,19.40926]]}},{"type":"Feature","properties":{"c":"foot"},"geometry":{"type":"LineString","coordinates":[[-99.15518,19.40925],[-99.15514,19.40925]]}},{"type":"Feature","properties":{"c":"foot"},"geometry":{"type":"LineString","coordinates":[[-99.15458,19.41959],[-99.15449,19.41966],[-99.15441,19.41971]]}},{"type":"Feature","properties":{"c":"foot"},"geometry":{"type":"LineString","coordinates":[[-99.15591,19.41075],[-99.1556,19.41075]]}},{"type":"Feature","properties":{"c":"foot"},"geometry":{"type":"LineString","coordinates":[[-99.1556,19.41075],[-99.15504,19.41074]]}},{"type":"Feature","properties":{"c":"foot"},"geometry":{"type":"LineString","coordinates":[[-99.15659,19.4105],[-99.15634,19.41047]]}},{"type":"Feature","properties":{"c":"foot"},"geometry":{"type":"LineString","coordinates":[[-99.15634,19.41047],[-99.15627,19.4106]]}},{"type":"Feature","properties":{"c":"foot"},"geometry":{"type":"LineString","coordinates":[[-99.15627,19.4106],[-99.15614,19.41079]]}},{"type":"Feature","properties":{"c":"foot"},"geometry":{"type":"LineString","coordinates":[[-99.15644,19.41079],[-99.15654,19.41065],[-99.15654,19.41063],[-99.15652,19.41062],[-99.15659,19.4105]]}},{"type":"Feature","properties":{"c":"foot"},"geometry":{"type":"LineString","coordinates":[[-99.15567,19.40974],[-99.1555,19.40982],[-99.15538,19.40985],[-99.15517,19.40976],[-99.15511,19.40976]]}},{"type":"Feature","properties":{"c":"foot"},"geometry":{"type":"LineString","coordinates":[[-99.1552,19.41045],[-99.15556,19.40996],[-99.15561,19.40985],[-99.15567,19.40974]]}},{"type":"Feature","properties":{"c":"foot"},"geometry":{"type":"LineString","coordinates":[[-99.15731,19.40986],[-99.15736,19.40978]]}},{"type":"Feature","properties":{"c":"foot"},"geometry":{"type":"LineString","coordinates":[[-99.15736,19.40978],[-99.1573,19.4096],[-99.15721,19.40958]]}},{"type":"Feature","properties":{"c":"foot"},"geometry":{"type":"LineString","coordinates":[[-99.15721,19.40958],[-99.15705,19.40968]]}},{"type":"Feature","properties":{"c":"foot"},"geometry":{"type":"LineString","coordinates":[[-99.15725,19.4097],[-99.15731,19.40986]]}},{"type":"Feature","properties":{"c":"foot"},"geometry":{"type":"LineString","coordinates":[[-99.15574,19.40787],[-99.1558,19.40797],[-99.15588,19.4082]]}},{"type":"Feature","properties":{"c":"foot"},"geometry":{"type":"LineString","coordinates":[[-99.15591,19.41075],[-99.15606,19.41067],[-99.15627,19.4106]]}},{"type":"Feature","properties":{"c":"foot"},"geometry":{"type":"LineString","coordinates":[[-99.15627,19.4106],[-99.15591,19.41054],[-99.15587,19.41061],[-99.15579,19.41064],[-99.15566,19.41066]]}},{"type":"Feature","properties":{"c":"foot"},"geometry":{"type":"LineString","coordinates":[[-99.15566,19.41066],[-99.1556,19.41071]]}},{"type":"Feature","properties":{"c":"foot"},"geometry":{"type":"LineString","coordinates":[[-99.1556,19.41071],[-99.15528,19.41071],[-99.15519,19.4106]]}},{"type":"Feature","properties":{"c":"foot"},"geometry":{"type":"LineString","coordinates":[[-99.15519,19.4106],[-99.1552,19.41045]]}},{"type":"Feature","properties":{"c":"foot"},"geometry":{"type":"LineString","coordinates":[[-99.1552,19.41045],[-99.15506,19.41052]]}},{"type":"Feature","properties":{"c":"foot"},"geometry":{"type":"LineString","coordinates":[[-99.15745,19.40974],[-99.15736,19.40978]]}},{"type":"Feature","properties":{"c":"foot"},"geometry":{"type":"LineString","coordinates":[[-99.15669,19.40981],[-99.15663,19.40961],[-99.15667,19.40958]]}},{"type":"Feature","properties":{"c":"foot"},"geometry":{"type":"LineString","coordinates":[[-99.15667,19.40958],[-99.15683,19.40961]]}},{"type":"Feature","properties":{"c":"foot"},"geometry":{"type":"LineString","coordinates":[[-99.15725,19.4097],[-99.15721,19.40958]]}},{"type":"Feature","properties":{"c":"foot"},"geometry":{"type":"LineString","coordinates":[[-99.15669,19.40981],[-99.15683,19.40961]]}},{"type":"Feature","properties":{"c":"foot"},"geometry":{"type":"LineString","coordinates":[[-99.15683,19.40961],[-99.15693,19.40967],[-99.15705,19.40968]]}},{"type":"Feature","properties":{"c":"foot"},"geometry":{"type":"LineString","coordinates":[[-99.15705,19.40968],[-99.15725,19.4097]]}},{"type":"Feature","properties":{"c":"minor"},"geometry":{"type":"LineString","coordinates":[[-99.15469,19.41543],[-99.15456,19.41546]]}},{"type":"Feature","properties":{"c":"minor"},"geometry":{"type":"LineString","coordinates":[[-99.15594,19.41656],[-99.15592,19.41646],[-99.15587,19.41625]]}},{"type":"Feature","properties":{"c":"foot"},"geometry":{"type":"LineString","coordinates":[[-99.15524,19.42092],[-99.15516,19.42058]]}},{"type":"Feature","properties":{"c":"foot"},"geometry":{"type":"LineString","coordinates":[[-99.15516,19.42058],[-99.15509,19.42029]]}},{"type":"Feature","properties":{"c":"foot"},"geometry":{"type":"LineString","coordinates":[[-99.15509,19.42029],[-99.15506,19.42016]]}},{"type":"Feature","properties":{"c":"foot"},"geometry":{"type":"LineString","coordinates":[[-99.15506,19.42016],[-99.15499,19.41988]]}},{"type":"Feature","properties":{"c":"foot"},"geometry":{"type":"LineString","coordinates":[[-99.15499,19.41988],[-99.15491,19.41953]]}},{"type":"Feature","properties":{"c":"foot"},"geometry":{"type":"LineString","coordinates":[[-99.15491,19.41953],[-99.15488,19.4194]]}},{"type":"Feature","properties":{"c":"foot"},"geometry":{"type":"LineString","coordinates":[[-99.15488,19.4194],[-99.15462,19.41944]]}},{"type":"Feature","properties":{"c":"foot"},"geometry":{"type":"LineString","coordinates":[[-99.15462,19.41944],[-99.15434,19.4195]]}},{"type":"Feature","properties":{"c":"foot"},"geometry":{"type":"LineString","coordinates":[[-99.15434,19.4195],[-99.15433,19.41971]]}},{"type":"Feature","properties":{"c":"foot"},"geometry":{"type":"LineString","coordinates":[[-99.15433,19.41971],[-99.15432,19.41981]]}},{"type":"Feature","properties":{"c":"foot"},"geometry":{"type":"LineString","coordinates":[[-99.15432,19.41981],[-99.15431,19.42]]}},{"type":"Feature","properties":{"c":"foot"},"geometry":{"type":"LineString","coordinates":[[-99.15431,19.42],[-99.15431,19.42001],[-99.1543,19.42011]]}},{"type":"Feature","properties":{"c":"foot"},"geometry":{"type":"LineString","coordinates":[[-99.1543,19.42011],[-99.15429,19.4203]]}},{"type":"Feature","properties":{"c":"foot"},"geometry":{"type":"LineString","coordinates":[[-99.15429,19.4203],[-99.15427,19.4205]]}},{"type":"Feature","properties":{"c":"foot"},"geometry":{"type":"LineString","coordinates":[[-99.15427,19.4205],[-99.15426,19.42073]]}},{"type":"Feature","properties":{"c":"foot"},"geometry":{"type":"LineString","coordinates":[[-99.15426,19.42073],[-99.15424,19.42094]]}},{"type":"Feature","properties":{"c":"foot"},"geometry":{"type":"LineString","coordinates":[[-99.15424,19.42094],[-99.15423,19.42113],[-99.15444,19.42109]]}},{"type":"Feature","properties":{"c":"foot"},"geometry":{"type":"LineString","coordinates":[[-99.15444,19.42109],[-99.15494,19.42099]]}},{"type":"Feature","properties":{"c":"foot"},"geometry":{"type":"LineString","coordinates":[[-99.15494,19.42099],[-99.15514,19.42094]]}},{"type":"Feature","properties":{"c":"foot"},"geometry":{"type":"LineString","coordinates":[[-99.15514,19.42094],[-99.15524,19.42092]]}},{"type":"Feature","properties":{"c":"foot"},"geometry":{"type":"LineString","coordinates":[[-99.15509,19.42074],[-99.15514,19.42094]]}},{"type":"Feature","properties":{"c":"foot"},"geometry":{"type":"LineString","coordinates":[[-99.15494,19.42088],[-99.15493,19.42093]]}},{"type":"Feature","properties":{"c":"foot"},"geometry":{"type":"LineString","coordinates":[[-99.15493,19.42093],[-99.15494,19.42099]]}},{"type":"Feature","properties":{"c":"foot"},"geometry":{"type":"LineString","coordinates":[[-99.15492,19.42018],[-99.15506,19.42016]]}},{"type":"Feature","properties":{"c":"foot"},"geometry":{"type":"LineString","coordinates":[[-99.15441,19.41971],[-99.15433,19.41971]]}},{"type":"Feature","properties":{"c":"foot"},"geometry":{"type":"LineString","coordinates":[[-99.1545,19.41955],[-99.15434,19.4195]]}},{"type":"Feature","properties":{"c":"foot"},"geometry":{"type":"LineString","coordinates":[[-99.15434,19.4195],[-99.15428,19.41946]]}},{"type":"Feature","properties":{"c":"foot"},"geometry":{"type":"LineString","coordinates":[[-99.15485,19.41946],[-99.15488,19.4194]]}},{"type":"Feature","properties":{"c":"foot"},"geometry":{"type":"LineString","coordinates":[[-99.15488,19.4194],[-99.15485,19.41934]]}},{"type":"Feature","properties":{"c":"foot"},"geometry":{"type":"LineString","coordinates":[[-99.15481,19.41991],[-99.15499,19.41988]]}},{"type":"Feature","properties":{"c":"foot"},"geometry":{"type":"LineString","coordinates":[[-99.15506,19.42059],[-99.15516,19.42058]]}},{"type":"Feature","properties":{"c":"foot"},"geometry":{"type":"LineString","coordinates":[[-99.15332,19.42127],[-99.15323,19.42136],[-99.15315,19.42233],[-99.15322,19.4224],[-99.15377,19.42246],[-99.15382,19.42242],[-99.15389,19.4214],[-99.15382,19.42131],[-99.15332,19.42127]]}},{"type":"Feature","properties":{"c":"foot"},"geometry":{"type":"LineString","coordinates":[[-99.1578,19.41125],[-99.15788,19.41164]]}},{"type":"Feature","properties":{"c":"foot"},"geometry":{"type":"LineString","coordinates":[[-99.15788,19.41164],[-99.15697,19.41166]]}},{"type":"Feature","properties":{"c":"foot"},"geometry":{"type":"LineString","coordinates":[[-99.15697,19.41166],[-99.15695,19.41166]]}},{"type":"Feature","properties":{"c":"foot"},"geometry":{"type":"LineString","coordinates":[[-99.15956,19.41675],[-99.15944,19.41678]]}},{"type":"Feature","properties":{"c":"foot"},"geometry":{"type":"LineString","coordinates":[[-99.15944,19.41678],[-99.15938,19.41679]]}},{"type":"Feature","properties":{"c":"foot"},"geometry":{"type":"LineString","coordinates":[[-99.15938,19.41679],[-99.1593,19.41681]]}},{"type":"Feature","properties":{"c":"foot"},"geometry":{"type":"LineString","coordinates":[[-99.1593,19.41681],[-99.15917,19.41684],[-99.15909,19.41653]]}},{"type":"Feature","properties":{"c":"foot"},"geometry":{"type":"LineString","coordinates":[[-99.15909,19.41653],[-99.15906,19.4164]]}},{"type":"Feature","properties":{"c":"foot"},"geometry":{"type":"LineString","coordinates":[[-99.15906,19.4164],[-99.15897,19.41603],[-99.15909,19.416]]}},{"type":"Feature","properties":{"c":"foot"},"geometry":{"type":"LineString","coordinates":[[-99.15909,19.416],[-99.15916,19.41598]]}},{"type":"Feature","properties":{"c":"foot"},"geometry":{"type":"LineString","coordinates":[[-99.15916,19.41598],[-99.15923,19.41597]]}},{"type":"Feature","properties":{"c":"foot"},"geometry":{"type":"LineString","coordinates":[[-99.15923,19.41597],[-99.15936,19.41594],[-99.15945,19.41633]]}},{"type":"Feature","properties":{"c":"foot"},"geometry":{"type":"LineString","coordinates":[[-99.15945,19.41633],[-99.15949,19.41646]]}},{"type":"Feature","properties":{"c":"foot"},"geometry":{"type":"LineString","coordinates":[[-99.15949,19.41646],[-99.15956,19.41675]]}},{"type":"Feature","properties":{"c":"foot"},"geometry":{"type":"LineString","coordinates":[[-99.15944,19.41678],[-99.15942,19.41669]]}},{"type":"Feature","properties":{"c":"foot"},"geometry":{"type":"LineString","coordinates":[[-99.15942,19.41669],[-99.15947,19.41661],[-99.15943,19.41647]]}},{"type":"Feature","properties":{"c":"foot"},"geometry":{"type":"LineString","coordinates":[[-99.15943,19.41647],[-99.15941,19.41638],[-99.1594,19.41634]]}},{"type":"Feature","properties":{"c":"foot"},"geometry":{"type":"LineString","coordinates":[[-99.1594,19.41634],[-99.15935,19.4161],[-99.15925,19.41607]]}},{"type":"Feature","properties":{"c":"foot"},"geometry":{"type":"LineString","coordinates":[[-99.15925,19.41607],[-99.15923,19.41597]]}},{"type":"Feature","properties":{"c":"foot"},"geometry":{"type":"LineString","coordinates":[[-99.15942,19.41669],[-99.15928,19.41672]]}},{"type":"Feature","properties":{"c":"foot"},"geometry":{"type":"LineString","coordinates":[[-99.15925,19.41607],[-99.15911,19.4161]]}},{"type":"Feature","properties":{"c":"foot"},"geometry":{"type":"LineString","coordinates":[[-99.15438,19.42071],[-99.15442,19.42091]]}},{"type":"Feature","properties":{"c":"foot"},"geometry":{"type":"LineString","coordinates":[[-99.15442,19.42091],[-99.15444,19.42109]]}},{"type":"Feature","properties":{"c":"foot"},"geometry":{"type":"LineString","coordinates":[[-99.1549,19.42053],[-99.15485,19.42062],[-99.15483,19.42066]]}},{"type":"Feature","properties":{"c":"foot"},"geometry":{"type":"LineString","coordinates":[[-99.15483,19.42066],[-99.1548,19.42073]]}},{"type":"Feature","properties":{"c":"foot"},"geometry":{"type":"LineString","coordinates":[[-99.15483,19.42066],[-99.15476,19.42062]]}},{"type":"Feature","properties":{"c":"foot"},"geometry":{"type":"LineString","coordinates":[[-99.15493,19.42093],[-99.15489,19.42082]]}},{"type":"Feature","properties":{"c":"foot"},"geometry":{"type":"LineString","coordinates":[[-99.15463,19.42066],[-99.15467,19.42087]]}},{"type":"Feature","properties":{"c":"foot"},"geometry":{"type":"LineString","coordinates":[[-99.15467,19.42087],[-99.15442,19.42091]]}},{"type":"Feature","properties":{"c":"foot"},"geometry":{"type":"LineString","coordinates":[[-99.15467,19.42087],[-99.15489,19.42082]]}},{"type":"Feature","properties":{"c":"foot"},"geometry":{"type":"LineString","coordinates":[[-99.15442,19.42091],[-99.15424,19.42094]]}},{"type":"Feature","properties":{"c":"foot"},"geometry":{"type":"LineString","coordinates":[[-99.15443,19.4207],[-99.15434,19.42029]]}},{"type":"Feature","properties":{"c":"foot"},"geometry":{"type":"LineString","coordinates":[[-99.15434,19.42029],[-99.1543,19.42011]]}},{"type":"Feature","properties":{"c":"foot"},"geometry":{"type":"LineString","coordinates":[[-99.15492,19.42018],[-99.15484,19.42017]]}},{"type":"Feature","properties":{"c":"foot"},"geometry":{"type":"LineString","coordinates":[[-99.15484,19.42017],[-99.1547,19.42019]]}},{"type":"Feature","properties":{"c":"foot"},"geometry":{"type":"LineString","coordinates":[[-99.1547,19.42019],[-99.1543,19.42011]]}},{"type":"Feature","properties":{"c":"foot"},"geometry":{"type":"LineString","coordinates":[[-99.15481,19.41994],[-99.15482,19.42006]]}},{"type":"Feature","properties":{"c":"foot"},"geometry":{"type":"LineString","coordinates":[[-99.15482,19.42006],[-99.15484,19.42017]]}},{"type":"Feature","properties":{"c":"foot"},"geometry":{"type":"LineString","coordinates":[[-99.15484,19.42017],[-99.15485,19.42024],[-99.15478,19.4203]]}},{"type":"Feature","properties":{"c":"foot"},"geometry":{"type":"LineString","coordinates":[[-99.15431,19.42],[-99.15451,19.42008],[-99.15459,19.42012]]}},{"type":"Feature","properties":{"c":"foot"},"geometry":{"type":"LineString","coordinates":[[-99.15459,19.42012],[-99.1547,19.42019]]}},{"type":"Feature","properties":{"c":"foot"},"geometry":{"type":"LineString","coordinates":[[-99.1547,19.42019],[-99.15471,19.42024]]}},{"type":"Feature","properties":{"c":"foot"},"geometry":{"type":"LineString","coordinates":[[-99.15471,19.42024],[-99.15471,19.42026],[-99.15478,19.4203]]}},{"type":"Feature","properties":{"c":"foot"},"geometry":{"type":"LineString","coordinates":[[-99.15482,19.42006],[-99.15459,19.42012]]}},{"type":"Feature","properties":{"c":"foot"},"geometry":{"type":"LineString","coordinates":[[-99.15466,19.41964],[-99.15465,19.41958]]}},{"type":"Feature","properties":{"c":"foot"},"geometry":{"type":"LineString","coordinates":[[-99.15465,19.41958],[-99.15462,19.41944]]}},{"type":"Feature","properties":{"c":"foot"},"geometry":{"type":"LineString","coordinates":[[-99.15491,19.41953],[-99.15481,19.41955]]}},{"type":"Feature","properties":{"c":"foot"},"geometry":{"type":"LineString","coordinates":[[-99.15481,19.41955],[-99.15465,19.41958]]}},{"type":"Feature","properties":{"c":"foot"},"geometry":{"type":"LineString","coordinates":[[-99.15481,19.41965],[-99.15468,19.41967]]}},{"type":"Feature","properties":{"c":"foot"},"geometry":{"type":"LineString","coordinates":[[-99.15471,19.42024],[-99.15434,19.42029]]}},{"type":"Feature","properties":{"c":"foot"},"geometry":{"type":"LineString","coordinates":[[-99.15434,19.42029],[-99.15429,19.4203]]}},{"type":"Feature","properties":{"c":"foot"},"geometry":{"type":"LineString","coordinates":[[-99.15523,19.42298],[-99.15523,19.423],[-99.15523,19.42311]]}},{"type":"Feature","properties":{"c":"foot"},"geometry":{"type":"LineString","coordinates":[[-99.15523,19.42311],[-99.15523,19.42319]]}},{"type":"Feature","properties":{"c":"foot"},"geometry":{"type":"LineString","coordinates":[[-99.15523,19.42319],[-99.15523,19.42332],[-99.15523,19.42336]]}},{"type":"Feature","properties":{"c":"foot"},"geometry":{"type":"LineString","coordinates":[[-99.15545,19.42318],[-99.15541,19.42319]]}},{"type":"Feature","properties":{"c":"foot"},"geometry":{"type":"LineString","coordinates":[[-99.15541,19.42319],[-99.15536,19.42319]]}},{"type":"Feature","properties":{"c":"foot"},"geometry":{"type":"LineString","coordinates":[[-99.15536,19.42319],[-99.15523,19.42319]]}},{"type":"Feature","properties":{"c":"foot"},"geometry":{"type":"LineString","coordinates":[[-99.15541,19.42319],[-99.15541,19.42328],[-99.15542,19.42332]]}},{"type":"Feature","properties":{"c":"foot"},"geometry":{"type":"LineString","coordinates":[[-99.15536,19.42308],[-99.15537,19.42308]]}},{"type":"Feature","properties":{"c":"foot"},"geometry":{"type":"LineString","coordinates":[[-99.15537,19.42308],[-99.15538,19.42309],[-99.15539,19.42309],[-99.15539,19.4231],[-99.15539,19.42311]]}},{"type":"Feature","properties":{"c":"foot"},"geometry":{"type":"LineString","coordinates":[[-99.15539,19.42311],[-99.15538,19.42312],[-99.15538,19.42313],[-99.15537,19.42313],[-99.15536,19.42313]]}},{"type":"Feature","properties":{"c":"foot"},"geometry":{"type":"LineString","coordinates":[[-99.15536,19.42313],[-99.15535,19.42313],[-99.15534,19.42312],[-99.15534,19.42311]]}},{"type":"Feature","properties":{"c":"foot"},"geometry":{"type":"LineString","coordinates":[[-99.15534,19.42311],[-99.15534,19.4231],[-99.15534,19.42309],[-99.15535,19.42308],[-99.15536,19.42308]]}},{"type":"Feature","properties":{"c":"foot"},"geometry":{"type":"LineString","coordinates":[[-99.15537,19.42299],[-99.15537,19.423],[-99.15537,19.42308]]}},{"type":"Feature","properties":{"c":"foot"},"geometry":{"type":"LineString","coordinates":[[-99.15539,19.42311],[-99.15544,19.4231],[-99.15546,19.4231]]}},{"type":"Feature","properties":{"c":"foot"},"geometry":{"type":"LineString","coordinates":[[-99.15534,19.42311],[-99.15523,19.42311]]}},{"type":"Feature","properties":{"c":"foot"},"geometry":{"type":"LineString","coordinates":[[-99.15536,19.42313],[-99.15536,19.42319]]}},{"type":"Feature","properties":{"c":"foot"},"geometry":{"type":"LineString","coordinates":[[-99.16464,19.41751],[-99.1644,19.41755]]}},{"type":"Feature","properties":{"c":"foot"},"geometry":{"type":"LineString","coordinates":[[-99.1644,19.41755],[-99.16426,19.41757],[-99.16429,19.41768]]}},{"type":"Feature","properties":{"c":"foot"},"geometry":{"type":"LineString","coordinates":[[-99.16429,19.41768],[-99.16433,19.41783]]}},{"type":"Feature","properties":{"c":"foot"},"geometry":{"type":"LineString","coordinates":[[-99.16433,19.41783],[-99.16436,19.41795]]}},{"type":"Feature","properties":{"c":"foot"},"geometry":{"type":"LineString","coordinates":[[-99.16436,19.41795],[-99.16444,19.41822]]}},{"type":"Feature","properties":{"c":"foot"},"geometry":{"type":"LineString","coordinates":[[-99.16444,19.41822],[-99.16452,19.41795]]}},{"type":"Feature","properties":{"c":"foot"},"geometry":{"type":"LineString","coordinates":[[-99.16452,19.41795],[-99.16455,19.41785]]}},{"type":"Feature","properties":{"c":"foot"},"geometry":{"type":"LineString","coordinates":[[-99.16455,19.41785],[-99.16461,19.41763]]}},{"type":"Feature","properties":{"c":"foot"},"geometry":{"type":"LineString","coordinates":[[-99.16461,19.41763],[-99.16464,19.41751]]}},{"type":"Feature","properties":{"c":"foot"},"geometry":{"type":"LineString","coordinates":[[-99.1644,19.41755],[-99.16442,19.41766]]}},{"type":"Feature","properties":{"c":"foot"},"geometry":{"type":"LineString","coordinates":[[-99.16429,19.41768],[-99.16438,19.41769]]}},{"type":"Feature","properties":{"c":"foot"},"geometry":{"type":"LineString","coordinates":[[-99.1644,19.41775],[-99.16433,19.41783]]}},{"type":"Feature","properties":{"c":"foot"},"geometry":{"type":"LineString","coordinates":[[-99.16443,19.41775],[-99.16444,19.41782]]}},{"type":"Feature","properties":{"c":"foot"},"geometry":{"type":"LineString","coordinates":[[-99.16444,19.41782],[-99.16455,19.41785]]}},{"type":"Feature","properties":{"c":"foot"},"geometry":{"type":"LineString","coordinates":[[-99.16452,19.41795],[-99.16442,19.41794],[-99.16436,19.41795]]}},{"type":"Feature","properties":{"c":"foot"},"geometry":{"type":"LineString","coordinates":[[-99.16657,19.42021],[-99.16653,19.4202],[-99.1665,19.42019],[-99.16645,19.42019]]}},{"type":"Feature","properties":{"c":"foot"},"geometry":{"type":"LineString","coordinates":[[-99.16645,19.42019],[-99.1664,19.42019],[-99.16637,19.4202],[-99.16634,19.42021],[-99.16631,19.42022],[-99.16628,19.42023]]}},{"type":"Feature","properties":{"c":"foot"},"geometry":{"type":"LineString","coordinates":[[-99.16628,19.42023],[-99.16624,19.42025],[-99.16622,19.42028],[-99.16621,19.42031]]}},{"type":"Feature","properties":{"c":"foot"},"geometry":{"type":"LineString","coordinates":[[-99.16641,19.42031],[-99.16642,19.42029],[-99.16643,19.42025],[-99.16644,19.42022],[-99.16645,19.42019]]}},{"type":"Feature","properties":{"c":"foot"},"geometry":{"type":"LineString","coordinates":[[-99.16645,19.42019],[-99.16646,19.42015],[-99.16648,19.42012],[-99.1665,19.42008],[-99.16653,19.42005]]}},{"type":"Feature","properties":{"c":"foot"},"geometry":{"type":"LineString","coordinates":[[-99.16653,19.42005],[-99.16657,19.42003],[-99.16664,19.42001]]}},{"type":"Feature","properties":{"c":"foot"},"geometry":{"type":"LineString","coordinates":[[-99.16661,19.42015],[-99.16659,19.42014],[-99.16657,19.42012],[-99.16655,19.42009],[-99.16653,19.42005]]}},{"type":"Feature","properties":{"c":"foot"},"geometry":{"type":"LineString","coordinates":[[-99.16653,19.42005],[-99.16652,19.42002],[-99.1665,19.41998],[-99.16649,19.41994],[-99.16649,19.41989]]}},{"type":"Feature","properties":{"c":"foot"},"geometry":{"type":"LineString","coordinates":[[-99.16649,19.41989],[-99.16649,19.41984],[-99.16652,19.41979],[-99.16652,19.41977]]}},{"type":"Feature","properties":{"c":"foot"},"geometry":{"type":"LineString","coordinates":[[-99.16663,19.41991],[-99.16659,19.41991],[-99.16653,19.4199],[-99.16649,19.41989]]}},{"type":"Feature","properties":{"c":"foot"},"geometry":{"type":"LineString","coordinates":[[-99.16649,19.41989],[-99.16643,19.41988],[-99.16639,19.41985],[-99.16634,19.41981]]}},{"type":"Feature","properties":{"c":"foot"},"geometry":{"type":"LineString","coordinates":[[-99.16634,19.41981],[-99.16631,19.41978],[-99.16627,19.41974],[-99.16626,19.4197]]}},{"type":"Feature","properties":{"c":"foot"},"geometry":{"type":"LineString","coordinates":[[-99.16646,19.41973],[-99.16644,19.41976],[-99.1664,19.41979],[-99.16634,19.41981]]}},{"type":"Feature","properties":{"c":"foot"},"geometry":{"type":"LineString","coordinates":[[-99.16634,19.41981],[-99.16629,19.41983],[-99.16624,19.41984],[-99.16618,19.41985]]}},{"type":"Feature","properties":{"c":"foot"},"geometry":{"type":"LineString","coordinates":[[-99.16618,19.41985],[-99.16611,19.41985],[-99.16607,19.41984],[-99.16604,19.41983]]}},{"type":"Feature","properties":{"c":"foot"},"geometry":{"type":"LineString","coordinates":[[-99.16598,19.42006],[-99.16603,19.42005],[-99.16606,19.42003],[-99.16609,19.42]]}},{"type":"Feature","properties":{"c":"foot"},"geometry":{"type":"LineString","coordinates":[[-99.16609,19.42],[-99.16612,19.41997],[-99.16615,19.41992],[-99.16617,19.41988],[-99.16618,19.41985]]}},{"type":"Feature","properties":{"c":"foot"},"geometry":{"type":"LineString","coordinates":[[-99.16618,19.41985],[-99.1662,19.41981],[-99.16621,19.41975],[-99.1662,19.41971]]}},{"type":"Feature","properties":{"c":"foot"},"geometry":{"type":"LineString","coordinates":[[-99.16601,19.41987],[-99.16604,19.4199],[-99.16608,19.41996],[-99.16609,19.42]]}},{"type":"Feature","properties":{"c":"foot"},"geometry":{"type":"LineString","coordinates":[[-99.16609,19.42],[-99.16611,19.42003],[-99.16612,19.42007],[-99.16613,19.4201],[-99.16614,19.42015]]}},{"type":"Feature","properties":{"c":"foot"},"geometry":{"type":"LineString","coordinates":[[-99.16614,19.42015],[-99.16614,19.4202],[-99.16613,19.42024],[-99.16611,19.42027]]}},{"type":"Feature","properties":{"c":"foot"},"geometry":{"type":"LineString","coordinates":[[-99.16636,19.42032],[-99.16636,19.42031],[-99.16631,19.42026],[-99.16628,19.42023]]}},{"type":"Feature","properties":{"c":"foot"},"geometry":{"type":"LineString","coordinates":[[-99.16628,19.42023],[-99.16625,19.42021],[-99.16621,19.42018],[-99.16617,19.42016],[-99.16614,19.42015]]}},{"type":"Feature","properties":{"c":"foot"},"geometry":{"type":"LineString","coordinates":[[-99.16614,19.42015],[-99.16609,19.42014],[-99.16605,19.42014],[-99.16601,19.42015]]}},{"type":"Feature","properties":{"c":"minor"},"geometry":{"type":"LineString","coordinates":[[-99.15751,19.41538],[-99.15749,19.41529],[-99.15744,19.4151]]}},{"type":"Feature","properties":{"c":"minor"},"geometry":{"type":"LineString","coordinates":[[-99.15582,19.42084],[-99.1558,19.42077],[-99.15574,19.42051]]}},{"type":"Feature","properties":{"c":"foot"},"geometry":{"type":"LineString","coordinates":[[-99.15909,19.416],[-99.15911,19.4161]]}},{"type":"Feature","properties":{"c":"foot"},"geometry":{"type":"LineString","coordinates":[[-99.15911,19.4161],[-99.15906,19.41616],[-99.15912,19.41639]]}},{"type":"Feature","properties":{"c":"foot"},"geometry":{"type":"LineString","coordinates":[[-99.15912,19.41639],[-99.15913,19.41643],[-99.15915,19.41652]]}},{"type":"Feature","properties":{"c":"foot"},"geometry":{"type":"LineString","coordinates":[[-99.15915,19.41652],[-99.15918,19.41666],[-99.15928,19.41672]]}},{"type":"Feature","properties":{"c":"foot"},"geometry":{"type":"LineString","coordinates":[[-99.15928,19.41672],[-99.1593,19.41681]]}},{"type":"Feature","properties":{"c":"minor"},"geometry":{"type":"LineString","coordinates":[[-99.15856,19.41453],[-99.15867,19.41451],[-99.15875,19.4145]]}},{"type":"Feature","properties":{"c":"foot"},"geometry":{"type":"LineString","coordinates":[[-99.16147,19.41338],[-99.16186,19.41368]]}},{"type":"Feature","properties":{"c":"foot"},"geometry":{"type":"LineString","coordinates":[[-99.17126,19.4144],[-99.17179,19.41386]]}},{"type":"Feature","properties":{"c":"major"},"geometry":{"type":"LineString","coordinates":[[-99.16348,19.41438],[-99.16328,19.41426]]}},{"type":"Feature","properties":{"c":"major","n":"Avenida Querétaro"},"geometry":{"type":"LineString","coordinates":[[-99.16328,19.41426],[-99.16319,19.41427],[-99.16301,19.4143]]}},{"type":"Feature","properties":{"c":"foot"},"geometry":{"type":"LineString","coordinates":[[-99.15382,19.41389],[-99.15351,19.41386],[-99.15333,19.41384],[-99.15331,19.41383],[-99.15325,19.41375]]}},{"type":"Feature","properties":{"c":"foot"},"geometry":{"type":"LineString","coordinates":[[-99.1544,19.40904],[-99.15431,19.40911],[-99.15434,19.40915],[-99.154,19.40939],[-99.15368,19.40961],[-99.15347,19.40934]]}},{"type":"Feature","properties":{"c":"foot"},"geometry":{"type":"LineString","coordinates":[[-99.15347,19.40934],[-99.15346,19.40934],[-99.15349,19.40932],[-99.1535,19.40931]]}},{"type":"Feature","properties":{"c":"foot"},"geometry":{"type":"LineString","coordinates":[[-99.1535,19.40931],[-99.15356,19.40927],[-99.15355,19.40925],[-99.15368,19.40915]]}},{"type":"Feature","properties":{"c":"foot"},"geometry":{"type":"LineString","coordinates":[[-99.15368,19.40915],[-99.15399,19.40894]]}},{"type":"Feature","properties":{"c":"foot"},"geometry":{"type":"LineString","coordinates":[[-99.15399,19.40894],[-99.15427,19.40875],[-99.15424,19.40873],[-99.15418,19.40865],[-99.15447,19.40844],[-99.15397,19.40778],[-99.15399,19.40777],[-99.15391,19.40768],[-99.15417,19.40751],[-99.15412,19.40743],[-99.15421,19.40737],[-99.15436,19.40756],[-99.15447,19.40748],[-99.15457,19.4076],[-99.15464,19.40755],[-99.15478,19.40773],[-99.15457,19.40788],[-99.15461,19.40794],[-99.15484,19.40824],[-99.15493,19.40818],[-99.15491,19.40836],[-99.15474,19.40846],[-99.15479,19.40854],[-99.15485,19.40864],[-99.1548,19.40868],[-99.15479,19.40869],[-99.15454,19.40886],[-99.15436,19.40899],[-99.1544,19.40904]]}},{"type":"Feature","properties":{"c":"foot"},"geometry":{"type":"LineString","coordinates":[[-99.15876,19.41165],[-99.15836,19.41143]]}},{"type":"Feature","properties":{"c":"foot"},"geometry":{"type":"LineString","coordinates":[[-99.15836,19.41143],[-99.15809,19.41128]]}},{"type":"Feature","properties":{"c":"foot"},"geometry":{"type":"LineString","coordinates":[[-99.15919,19.41185],[-99.1592,19.41192]]}},{"type":"Feature","properties":{"c":"foot"},"geometry":{"type":"LineString","coordinates":[[-99.1592,19.41192],[-99.15922,19.41198]]}},{"type":"Feature","properties":{"c":"foot"},"geometry":{"type":"LineString","coordinates":[[-99.15922,19.41198],[-99.15922,19.41202]]}},{"type":"Feature","properties":{"c":"foot"},"geometry":{"type":"LineString","coordinates":[[-99.15956,19.41176],[-99.15961,19.41176]]}},{"type":"Feature","properties":{"c":"foot"},"geometry":{"type":"LineString","coordinates":[[-99.15961,19.41176],[-99.15969,19.41177]]}},{"type":"Feature","properties":{"c":"foot"},"geometry":{"type":"LineString","coordinates":[[-99.15969,19.41177],[-99.15977,19.41178]]}},{"type":"Feature","properties":{"c":"foot"},"geometry":{"type":"LineString","coordinates":[[-99.15948,19.41181],[-99.15948,19.41185]]}},{"type":"Feature","properties":{"c":"foot"},"geometry":{"type":"LineString","coordinates":[[-99.15948,19.41185],[-99.15949,19.41192]]}},{"type":"Feature","properties":{"c":"foot"},"geometry":{"type":"LineString","coordinates":[[-99.15949,19.41192],[-99.1595,19.41197]]}},{"type":"Feature","properties":{"c":"foot"},"geometry":{"type":"LineString","coordinates":[[-99.15967,19.412],[-99.15962,19.41201]]}},{"type":"Feature","properties":{"c":"foot"},"geometry":{"type":"LineString","coordinates":[[-99.15962,19.41201],[-99.15955,19.41202]]}},{"type":"Feature","properties":{"c":"foot"},"geometry":{"type":"LineString","coordinates":[[-99.15955,19.41202],[-99.15953,19.41202]]}},{"type":"Feature","properties":{"c":"foot"},"geometry":{"type":"LineString","coordinates":[[-99.15977,19.41183],[-99.15976,19.41187]]}},{"type":"Feature","properties":{"c":"foot"},"geometry":{"type":"LineString","coordinates":[[-99.15976,19.41187],[-99.15973,19.41192]]}},{"type":"Feature","properties":{"c":"foot"},"geometry":{"type":"LineString","coordinates":[[-99.15976,19.41211],[-99.15976,19.41217]]}},{"type":"Feature","properties":{"c":"foot"},"geometry":{"type":"LineString","coordinates":[[-99.15976,19.41217],[-99.15975,19.41228]]}},{"type":"Feature","properties":{"c":"foot"},"geometry":{"type":"LineString","coordinates":[[-99.15975,19.41228],[-99.15975,19.41233]]}},{"type":"Feature","properties":{"c":"foot"},"geometry":{"type":"LineString","coordinates":[[-99.15917,19.41191],[-99.1591,19.41192]]}},{"type":"Feature","properties":{"c":"foot"},"geometry":{"type":"LineString","coordinates":[[-99.1591,19.41192],[-99.15904,19.41193]]}},{"type":"Feature","properties":{"c":"minor","n":"Calle Tabasco"},"geometry":{"type":"LineString","coordinates":[[-99.15512,19.42017],[-99.15609,19.41994]]}},{"type":"Feature","properties":{"c":"foot"},"geometry":{"type":"LineString","coordinates":[[-99.15536,19.40921],[-99.15535,19.40921],[-99.15534,19.40921],[-99.15534,19.40922],[-99.15533,19.40922],[-99.15533,19.40923]]}},{"type":"Feature","properties":{"c":"foot"},"geometry":{"type":"LineString","coordinates":[[-99.15533,19.40923],[-99.15534,19.40924],[-99.15535,19.40925],[-99.15536,19.40925],[-99.15536,19.40924],[-99.15537,19.40924],[-99.15537,19.40923],[-99.15537,19.40922]]}},{"type":"Feature","properties":{"c":"foot"},"geometry":{"type":"LineString","coordinates":[[-99.15537,19.40922],[-99.15537,19.40921],[-99.15536,19.40921]]}},{"type":"Feature","properties":{"c":"foot"},"geometry":{"type":"LineString","coordinates":[[-99.15533,19.40923],[-99.15526,19.40925]]}},{"type":"Feature","properties":{"c":"foot"},"geometry":{"type":"LineString","coordinates":[[-99.15537,19.40922],[-99.15543,19.40921]]}},{"type":"Feature","properties":{"c":"foot"},"geometry":{"type":"LineString","coordinates":[[-99.15566,19.41066],[-99.15566,19.41063]]}},{"type":"Feature","properties":{"c":"foot"},"geometry":{"type":"LineString","coordinates":[[-99.15949,19.41646],[-99.15943,19.41647]]}},{"type":"Feature","properties":{"c":"foot"},"geometry":{"type":"LineString","coordinates":[[-99.15945,19.41633],[-99.1594,19.41634]]}},{"type":"Feature","properties":{"c":"foot"},"geometry":{"type":"LineString","coordinates":[[-99.15912,19.41639],[-99.15906,19.4164]]}},{"type":"Feature","properties":{"c":"foot"},"geometry":{"type":"LineString","coordinates":[[-99.15915,19.41652],[-99.15909,19.41653]]}},{"type":"Feature","properties":{"c":"foot"},"geometry":{"type":"LineString","coordinates":[[-99.16357,19.42323],[-99.1633,19.42325]]}},{"type":"Feature","properties":{"c":"minor","n":"Calle Puente de Peredo"},"geometry":{"type":"LineString","coordinates":[[-99.14284,19.42989],[-99.14255,19.42986]]}},{"type":"Feature","properties":{"c":"foot"},"geometry":{"type":"LineString","coordinates":[[-99.16751,19.41657],[-99.16751,19.41665]]}},{"type":"Feature","properties":{"c":"foot"},"geometry":{"type":"LineString","coordinates":[[-99.16751,19.41665],[-99.16751,19.41679]]}},{"type":"Feature","properties":{"c":"foot"},"geometry":{"type":"LineString","coordinates":[[-99.15922,19.41202],[-99.15928,19.41203],[-99.15946,19.41214]]}},{"type":"Feature","properties":{"c":"foot"},"geometry":{"type":"LineString","coordinates":[[-99.15946,19.41214],[-99.15953,19.41212],[-99.15961,19.41224]]}},{"type":"Feature","properties":{"c":"foot"},"geometry":{"type":"LineString","coordinates":[[-99.15961,19.41224],[-99.15964,19.4123]]}},{"type":"Feature","properties":{"c":"foot"},"geometry":{"type":"LineString","coordinates":[[-99.15946,19.41214],[-99.15947,19.41217],[-99.1595,19.41226],[-99.15961,19.41224]]}},{"type":"Feature","properties":{"c":"foot"},"geometry":{"type":"LineString","coordinates":[[-99.15964,19.4123],[-99.15969,19.41231]]}},{"type":"Feature","properties":{"c":"foot"},"geometry":{"type":"LineString","coordinates":[[-99.15969,19.41231],[-99.15975,19.41233]]}},{"type":"Feature","properties":{"c":"foot"},"geometry":{"type":"LineString","coordinates":[[-99.1556,19.41071],[-99.1556,19.41075]]}},{"type":"Feature","properties":{"c":"foot"},"geometry":{"type":"LineString","coordinates":[[-99.1556,19.41075],[-99.15559,19.41079]]}},{"type":"Feature","properties":{"c":"major","n":"Calle Doctor Olvera"},"geometry":{"type":"LineString","coordinates":[[-99.15329,19.41589],[-99.15302,19.41587],[-99.15278,19.41585]]}},{"type":"Feature","properties":{"c":"major","n":"Calle Doctor Olvera"},"geometry":{"type":"LineString","coordinates":[[-99.15361,19.41591],[-99.15351,19.4159]]}},{"type":"Feature","properties":{"c":"major","n":"Calle Doctor Olvera"},"geometry":{"type":"LineString","coordinates":[[-99.15351,19.4159],[-99.15329,19.41589]]}},{"type":"Feature","properties":{"c":"major","n":"Calle Doctor Olvera"},"geometry":{"type":"LineString","coordinates":[[-99.15393,19.41594],[-99.15371,19.41592],[-99.15361,19.41591]]}},{"type":"Feature","properties":{"c":"major","n":"Avenida Querétaro"},"geometry":{"type":"LineString","coordinates":[[-99.15506,19.41585],[-99.15485,19.41589],[-99.15464,19.41593],[-99.15451,19.41596]]}},{"type":"Feature","properties":{"c":"major","n":"Avenida Querétaro"},"geometry":{"type":"LineString","coordinates":[[-99.15547,19.41577],[-99.1552,19.41583],[-99.15506,19.41585]]}},{"type":"Feature","properties":{"c":"major","n":"Avenida Querétaro"},"geometry":{"type":"LineString","coordinates":[[-99.15774,19.41533],[-99.15751,19.41538]]}},{"type":"Feature","properties":{"c":"major","n":"Avenida Querétaro"},"geometry":{"type":"LineString","coordinates":[[-99.15751,19.41538],[-99.15697,19.41548]]}},{"type":"Feature","properties":{"c":"major","n":"Avenida Querétaro"},"geometry":{"type":"LineString","coordinates":[[-99.15815,19.41525],[-99.15788,19.4153],[-99.15774,19.41533]]}},{"type":"Feature","properties":{"c":"major","n":"Avenida Querétaro"},"geometry":{"type":"LineString","coordinates":[[-99.15946,19.41499],[-99.15909,19.41506],[-99.15899,19.41508]]}},{"type":"Feature","properties":{"c":"major","n":"Avenida Querétaro"},"geometry":{"type":"LineString","coordinates":[[-99.16177,19.41455],[-99.16107,19.41468]]}},{"type":"Feature","properties":{"c":"major","n":"Avenida Querétaro"},"geometry":{"type":"LineString","coordinates":[[-99.16107,19.41468],[-99.16102,19.41469]]}},{"type":"Feature","properties":{"c":"major","n":"Avenida Querétaro"},"geometry":{"type":"LineString","coordinates":[[-99.16063,19.41477],[-99.16044,19.4148],[-99.16032,19.41483]]}},{"type":"Feature","properties":{"c":"major","n":"Avenida Querétaro"},"geometry":{"type":"LineString","coordinates":[[-99.16218,19.41447],[-99.16187,19.41453],[-99.16177,19.41455]]}},{"type":"Feature","properties":{"c":"major","n":"Avenida Yucatán"},"geometry":{"type":"LineString","coordinates":[[-99.16384,19.41461],[-99.16356,19.41444],[-99.16348,19.41438]]}},{"type":"Feature","properties":{"c":"major","n":"Avenida Yucatán"},"geometry":{"type":"LineString","coordinates":[[-99.16588,19.41583],[-99.16566,19.4157]]}},{"type":"Feature","properties":{"c":"major","n":"Avenida Álvaro Obregón"},"geometry":{"type":"LineString","coordinates":[[-99.16751,19.41679],[-99.16745,19.41677],[-99.16739,19.41675],[-99.16736,19.41674]]}},{"type":"Feature","properties":{"c":"major","n":"Avenida Álvaro Obregón"},"geometry":{"type":"LineString","coordinates":[[-99.16788,19.41679],[-99.16778,19.4168],[-99.16771,19.4168],[-99.16766,19.4168],[-99.16759,19.41679],[-99.16751,19.41679]]}},{"type":"Feature","properties":{"c":"major","n":"Avenida Álvaro Obregón"},"geometry":{"type":"LineString","coordinates":[[-99.16941,19.41649],[-99.16927,19.41652]]}},{"type":"Feature","properties":{"c":"major","n":"Avenida Álvaro Obregón"},"geometry":{"type":"LineString","coordinates":[[-99.16927,19.41652],[-99.16898,19.41658],[-99.16893,19.41659]]}},{"type":"Feature","properties":{"c":"major","n":"Avenida Álvaro Obregón"},"geometry":{"type":"LineString","coordinates":[[-99.16893,19.41659],[-99.16881,19.41661]]}},{"type":"Feature","properties":{"c":"major","n":"Avenida Sonora"},"geometry":{"type":"LineString","coordinates":[[-99.16996,19.41594],[-99.17002,19.41601]]}},{"type":"Feature","properties":{"c":"major","n":"Avenida Sonora"},"geometry":{"type":"LineString","coordinates":[[-99.17002,19.41601],[-99.17018,19.41622],[-99.17021,19.41625]]}},{"type":"Feature","properties":{"c":"major","n":"Avenida Sonora"},"geometry":{"type":"LineString","coordinates":[[-99.17021,19.41625],[-99.17027,19.41634]]}},{"type":"Feature","properties":{"c":"major","n":"Calle Salamanca"},"geometry":{"type":"LineString","coordinates":[[-99.16904,19.41691],[-99.16899,19.41685]]}},{"type":"Feature","properties":{"c":"major","n":"Calle Salamanca"},"geometry":{"type":"LineString","coordinates":[[-99.16899,19.41685],[-99.16885,19.41666]]}},{"type":"Feature","properties":{"c":"major","n":"Calle Salamanca"},"geometry":{"type":"LineString","coordinates":[[-99.16885,19.41666],[-99.16881,19.41661]]}},{"type":"Feature","properties":{"c":"major","n":"Avenida Monterrey"},"geometry":{"type":"LineString","coordinates":[[-99.16321,19.41401],[-99.16327,19.41423]]}},{"type":"Feature","properties":{"c":"major","n":"Avenida Monterrey"},"geometry":{"type":"LineString","coordinates":[[-99.16327,19.41423],[-99.16328,19.41426]]}},{"type":"Feature","properties":{"c":"major","n":"Avenida Sonora"},"geometry":{"type":"LineString","coordinates":[[-99.17123,19.41736],[-99.17087,19.41692]]}},{"type":"Feature","properties":{"c":"major","n":"Avenida Sonora"},"geometry":{"type":"LineString","coordinates":[[-99.17087,19.41692],[-99.17071,19.41671]]}},{"type":"Feature","properties":{"c":"major","n":"Avenida Sonora"},"geometry":{"type":"LineString","coordinates":[[-99.17071,19.41671],[-99.17063,19.41661]]}},{"type":"Feature","properties":{"c":"major","n":"Avenida Sonora"},"geometry":{"type":"LineString","coordinates":[[-99.17063,19.41661],[-99.17051,19.41646],[-99.17047,19.41641]]}},{"type":"Feature","properties":{"c":"major","n":"Avenida Sonora"},"geometry":{"type":"LineString","coordinates":[[-99.17047,19.41641],[-99.17043,19.41636]]}},{"type":"Feature","properties":{"c":"major","n":"Avenida Sonora"},"geometry":{"type":"LineString","coordinates":[[-99.17043,19.41636],[-99.17039,19.41632]]}},{"type":"Feature","properties":{"c":"major","n":"Calle San Luis Potosí"},"geometry":{"type":"LineString","coordinates":[[-99.15487,19.41503],[-99.1546,19.41507]]}},{"type":"Feature","properties":{"c":"major","n":"Avenida Álvaro Obregón"},"geometry":{"type":"LineString","coordinates":[[-99.16896,19.41637],[-99.16875,19.41642],[-99.16867,19.41643]]}},{"type":"Feature","properties":{"c":"major","n":"Avenida Álvaro Obregón"},"geometry":{"type":"LineString","coordinates":[[-99.16867,19.41643],[-99.16853,19.41646]]}},{"type":"Feature","properties":{"c":"major","n":"Avenida Álvaro Obregón"},"geometry":{"type":"LineString","coordinates":[[-99.16913,19.41634],[-99.16896,19.41637]]}},{"type":"Feature","properties":{"c":"major","n":"Avenida Álvaro Obregón"},"geometry":{"type":"LineString","coordinates":[[-99.16788,19.41659],[-99.16756,19.41665],[-99.16751,19.41665]]}},{"type":"Feature","properties":{"c":"major","n":"Avenida Álvaro Obregón"},"geometry":{"type":"LineString","coordinates":[[-99.16751,19.41665],[-99.16746,19.41665],[-99.16741,19.41665]]}},{"type":"Feature","properties":{"c":"major","n":"Avenida Yucatán"},"geometry":{"type":"LineString","coordinates":[[-99.16307,19.41414],[-99.16296,19.41408],[-99.16273,19.41396]]}},{"type":"Feature","properties":{"c":"major","n":"Avenida Yucatán"},"geometry":{"type":"LineString","coordinates":[[-99.16239,19.41377],[-99.1623,19.41372],[-99.16213,19.41362]]}},{"type":"Feature","properties":{"c":"major","n":"Calle San Luis Potosí"},"geometry":{"type":"LineString","coordinates":[[-99.16213,19.41362],[-99.16186,19.41368]]}},{"type":"Feature","properties":{"c":"major","n":"Calle San Luis Potosí"},"geometry":{"type":"LineString","coordinates":[[-99.16186,19.41368],[-99.16168,19.41371],[-99.16156,19.41373]]}},{"type":"Feature","properties":{"c":"major","n":"Calle San Luis Potosí"},"geometry":{"type":"LineString","coordinates":[[-99.16156,19.41373],[-99.16094,19.41385]]}},{"type":"Feature","properties":{"c":"major","n":"Calle San Luis Potosí"},"geometry":{"type":"LineString","coordinates":[[-99.16094,19.41385],[-99.16085,19.41387]]}},{"type":"Feature","properties":{"c":"major","n":"Calle San Luis Potosí"},"geometry":{"type":"LineString","coordinates":[[-99.16085,19.41387],[-99.16068,19.4139]]}},{"type":"Feature","properties":{"c":"major","n":"Calle San Luis Potosí"},"geometry":{"type":"LineString","coordinates":[[-99.16068,19.4139],[-99.16049,19.41394]]}},{"type":"Feature","properties":{"c":"major","n":"Calle San Luis Potosí"},"geometry":{"type":"LineString","coordinates":[[-99.16049,19.41394],[-99.1603,19.41398],[-99.16024,19.41399],[-99.16012,19.41401]]}},{"type":"Feature","properties":{"c":"major","n":"Calle San Luis Potosí"},"geometry":{"type":"LineString","coordinates":[[-99.16012,19.41401],[-99.15911,19.41421]]}},{"type":"Feature","properties":{"c":"major","n":"Calle San Luis Potosí"},"geometry":{"type":"LineString","coordinates":[[-99.15911,19.41421],[-99.1589,19.41425],[-99.15879,19.41427]]}},{"type":"Feature","properties":{"c":"major","n":"Calle San Luis Potosí"},"geometry":{"type":"LineString","coordinates":[[-99.15879,19.41427],[-99.1587,19.41429]]}},{"type":"Feature","properties":{"c":"major","n":"Calle Orizaba"},"geometry":{"type":"LineString","coordinates":[[-99.1587,19.41429],[-99.15875,19.4145]]}},{"type":"Feature","properties":{"c":"major","n":"Calle Orizaba"},"geometry":{"type":"LineString","coordinates":[[-99.15875,19.4145],[-99.1589,19.4151]]}},{"type":"Feature","properties":{"c":"major","n":"Calle San Luis Potosí"},"geometry":{"type":"LineString","coordinates":[[-99.1587,19.41429],[-99.15852,19.41433]]}},{"type":"Feature","properties":{"c":"major","n":"Calle San Luis Potosí"},"geometry":{"type":"LineString","coordinates":[[-99.15852,19.41433],[-99.15792,19.41444]]}},{"type":"Feature","properties":{"c":"major","n":"Calle San Luis Potosí"},"geometry":{"type":"LineString","coordinates":[[-99.15792,19.41444],[-99.15768,19.41449],[-99.15754,19.41452]]}},{"type":"Feature","properties":{"c":"major","n":"Calle San Luis Potosí"},"geometry":{"type":"LineString","coordinates":[[-99.15754,19.41452],[-99.15696,19.41463]]}},{"type":"Feature","properties":{"c":"major","n":"Calle San Luis Potosí"},"geometry":{"type":"LineString","coordinates":[[-99.15696,19.41463],[-99.15677,19.41466]]}},{"type":"Feature","properties":{"c":"major","n":"Calle San Luis Potosí"},"geometry":{"type":"LineString","coordinates":[[-99.15677,19.41466],[-99.15647,19.41472],[-99.15633,19.41475]]}},{"type":"Feature","properties":{"c":"major","n":"Calle San Luis Potosí"},"geometry":{"type":"LineString","coordinates":[[-99.1553,19.41495],[-99.155,19.41501],[-99.15487,19.41503]]}},{"type":"Feature","properties":{"c":"major","n":"Calle Doctor Balmis"},"geometry":{"type":"LineString","coordinates":[[-99.15444,19.41506],[-99.1537,19.41502]]}},{"type":"Feature","properties":{"c":"major","n":"Calle Doctor Balmis"},"geometry":{"type":"LineString","coordinates":[[-99.1537,19.41502],[-99.15328,19.41499]]}},{"type":"Feature","properties":{"c":"major","n":"Calle Doctor Balmis"},"geometry":{"type":"LineString","coordinates":[[-99.15328,19.41499],[-99.15303,19.41497],[-99.15291,19.41496]]}},{"type":"Feature","properties":{"c":"minor","n":"Calle Doctor Rafaél Lucio"},"geometry":{"type":"LineString","coordinates":[[-99.15305,19.41385],[-99.15291,19.41496]]}},{"type":"Feature","properties":{"c":"minor"},"geometry":{"type":"LineString","coordinates":[[-99.15418,19.41841],[-99.15399,19.41859]]}},{"type":"Feature","properties":{"c":"major"},"geometry":{"type":"LineString","coordinates":[[-99.16478,19.41721],[-99.1641,19.41732]]}},{"type":"Feature","properties":{"c":"major","n":"Avenida Insurgentes Sur"},"geometry":{"type":"LineString","coordinates":[[-99.16447,19.41878],[-99.16458,19.41842],[-99.16459,19.41838]]}},{"type":"Feature","properties":{"c":"minor","n":"Calle El Oro"},"geometry":{"type":"LineString","coordinates":[[-99.16575,19.41965],[-99.16451,19.41893]]}},{"type":"Feature","properties":{"c":"foot"},"geometry":{"type":"LineString","coordinates":[[-99.16444,19.41782],[-99.16433,19.41783]]}},{"type":"Feature","properties":{"c":"foot"},"geometry":{"type":"LineString","coordinates":[[-99.15536,19.40846],[-99.15537,19.40829]]}},{"type":"Feature","properties":{"c":"foot"},"geometry":{"type":"LineString","coordinates":[[-99.15598,19.40911],[-99.15592,19.4091]]}},{"type":"Feature","properties":{"c":"foot"},"geometry":{"type":"LineString","coordinates":[[-99.15556,19.40921],[-99.15548,19.40923]]}},{"type":"Feature","properties":{"c":"foot"},"geometry":{"type":"LineString","coordinates":[[-99.15548,19.40923],[-99.15545,19.40924]]}},{"type":"Feature","properties":{"c":"foot"},"geometry":{"type":"LineString","coordinates":[[-99.15627,19.40952],[-99.15624,19.40944]]}},{"type":"Feature","properties":{"c":"foot"},"geometry":{"type":"LineString","coordinates":[[-99.15635,19.4096],[-99.15621,19.40968]]}},{"type":"Feature","properties":{"c":"foot"},"geometry":{"type":"LineString","coordinates":[[-99.15648,19.40975],[-99.15669,19.40981]]}},{"type":"Feature","properties":{"c":"minor"},"geometry":{"type":"LineString","coordinates":[[-99.15881,19.41068],[-99.15882,19.41088]]}},{"type":"Feature","properties":{"c":"minor"},"geometry":{"type":"LineString","coordinates":[[-99.15881,19.41068],[-99.15885,19.4105]]}},{"type":"Feature","properties":{"c":"minor"},"geometry":{"type":"LineString","coordinates":[[-99.15823,19.41033],[-99.1582,19.41016]]}},{"type":"Feature","properties":{"c":"foot"},"geometry":{"type":"LineString","coordinates":[[-99.1576,19.40918],[-99.15767,19.40947]]}},{"type":"Feature","properties":{"c":"foot"},"geometry":{"type":"LineString","coordinates":[[-99.15767,19.40947],[-99.15775,19.40976]]}},{"type":"Feature","properties":{"c":"foot"},"geometry":{"type":"LineString","coordinates":[[-99.1576,19.40918],[-99.15784,19.40906]]}},{"type":"Feature","properties":{"c":"foot"},"geometry":{"type":"LineString","coordinates":[[-99.15767,19.40947],[-99.15783,19.40959]]}},{"type":"Feature","properties":{"c":"foot"},"geometry":{"type":"LineString","coordinates":[[-99.15783,19.40959],[-99.15775,19.40976]]}},{"type":"Feature","properties":{"c":"foot"},"geometry":{"type":"LineString","coordinates":[[-99.15784,19.40906],[-99.15791,19.40937]]}},{"type":"Feature","properties":{"c":"foot"},"geometry":{"type":"LineString","coordinates":[[-99.15791,19.40937],[-99.15796,19.40957]]}},{"type":"Feature","properties":{"c":"foot"},"geometry":{"type":"LineString","coordinates":[[-99.15796,19.40957],[-99.158,19.40973]]}},{"type":"Feature","properties":{"c":"foot"},"geometry":{"type":"LineString","coordinates":[[-99.158,19.40973],[-99.15807,19.41001]]}},{"type":"Feature","properties":{"c":"foot"},"geometry":{"type":"LineString","coordinates":[[-99.158,19.40973],[-99.15783,19.40959]]}},{"type":"Feature","properties":{"c":"foot"},"geometry":{"type":"LineString","coordinates":[[-99.15791,19.40937],[-99.15783,19.40959]]}},{"type":"Feature","properties":{"c":"minor"},"geometry":{"type":"LineString","coordinates":[[-99.15771,19.40996],[-99.1578,19.40998]]}},{"type":"Feature","properties":{"c":"minor"},"geometry":{"type":"LineString","coordinates":[[-99.1578,19.40998],[-99.15794,19.41001],[-99.15798,19.41002],[-99.15802,19.41002],[-99.15807,19.41001]]}},{"type":"Feature","properties":{"c":"minor"},"geometry":{"type":"LineString","coordinates":[[-99.15744,19.40886],[-99.15763,19.40882]]}},{"type":"Feature","properties":{"c":"minor"},"geometry":{"type":"LineString","coordinates":[[-99.15801,19.41116],[-99.15818,19.41124]]}},{"type":"Feature","properties":{"c":"foot"},"geometry":{"type":"LineString","coordinates":[[-99.15832,19.41164],[-99.15828,19.41158],[-99.15836,19.41143]]}},{"type":"Feature","properties":{"c":"foot"},"geometry":{"type":"LineString","coordinates":[[-99.15775,19.40976],[-99.1578,19.40998]]}},{"type":"Feature","properties":{"c":"major","n":"Calle Orizaba"},"geometry":{"type":"LineString","coordinates":[[-99.1609,19.42272],[-99.16065,19.42168]]}},{"type":"Feature","properties":{"c":"minor","n":"Calle República de El Salvador"},"geometry":{"type":"LineString","coordinates":[[-99.13477,19.4294],[-99.13382,19.42927]]}},{"type":"Feature","properties":{"c":"major","n":"Avenida Insurgentes Sur"},"geometry":{"type":"LineString","coordinates":[[-99.16478,19.41721],[-99.16472,19.41743]]}},{"type":"Feature","properties":{"c":"minor"},"geometry":{"type":"LineString","coordinates":[[-99.14407,19.42848],[-99.1441,19.42849],[-99.14413,19.42849],[-99.14414,19.42848],[-99.14416,19.42847],[-99.14417,19.42846],[-99.14418,19.42844],[-99.14419,19.42841]]}},{"type":"Feature","properties":{"c":"minor"},"geometry":{"type":"LineString","coordinates":[[-99.14406,19.42852],[-99.14409,19.42853],[-99.14411,19.42853],[-99.14412,19.42854],[-99.14414,19.42855],[-99.14415,19.42857],[-99.14416,19.42859],[-99.14415,19.42863]]}},{"type":"Feature","properties":{"c":"minor"},"geometry":{"type":"LineString","coordinates":[[-99.14419,19.42841],[-99.1442,19.42836],[-99.1442,19.42834],[-99.14422,19.42833],[-99.14424,19.42832],[-99.14428,19.42833]]}},{"type":"Feature","properties":{"c":"minor"},"geometry":{"type":"LineString","coordinates":[[-99.14428,19.42833],[-99.14431,19.42833],[-99.14432,19.42835],[-99.14432,19.42836],[-99.14432,19.42838]]}},{"type":"Feature","properties":{"c":"major","n":"Avenida Lázaro Cárdenas"},"geometry":{"type":"LineString","coordinates":[[-99.1417,19.42863],[-99.14165,19.42898],[-99.14164,19.42903]]}},{"type":"Feature","properties":{"c":"major","n":"Avenida Lázaro Cárdenas"},"geometry":{"type":"LineString","coordinates":[[-99.14153,19.42988],[-99.14147,19.43027]]}},{"type":"Feature","properties":{"c":"major","n":"Avenida Lázaro Cárdenas"},"geometry":{"type":"LineString","coordinates":[[-99.14147,19.43027],[-99.14146,19.43035]]}},{"type":"Feature","properties":{"c":"major","n":"Avenida Lázaro Cárdenas"},"geometry":{"type":"LineString","coordinates":[[-99.14146,19.43035],[-99.14139,19.43077]]}},{"type":"Feature","properties":{"c":"major","n":"Avenida Lázaro Cárdenas"},"geometry":{"type":"LineString","coordinates":[[-99.14139,19.43077],[-99.14133,19.43118]]}},{"type":"Feature","properties":{"c":"major","n":"Avenida Lázaro Cárdenas"},"geometry":{"type":"LineString","coordinates":[[-99.14133,19.43118],[-99.14126,19.4316]]}},{"type":"Feature","properties":{"c":"major","n":"Avenida Lázaro Cárdenas"},"geometry":{"type":"LineString","coordinates":[[-99.14126,19.4316],[-99.1412,19.43201]]}},{"type":"Feature","properties":{"c":"major","n":"Avenida Lázaro Cárdenas"},"geometry":{"type":"LineString","coordinates":[[-99.1412,19.43201],[-99.14114,19.43245]]}},{"type":"Feature","properties":{"c":"major","n":"Avenida Lázaro Cárdenas"},"geometry":{"type":"LineString","coordinates":[[-99.14114,19.43245],[-99.14108,19.43281]]}},{"type":"Feature","properties":{"c":"major","n":"Avenida Lázaro Cárdenas"},"geometry":{"type":"LineString","coordinates":[[-99.14094,19.43368],[-99.14087,19.43413]]}},{"type":"Feature","properties":{"c":"major","n":"Avenida Lázaro Cárdenas"},"geometry":{"type":"LineString","coordinates":[[-99.14087,19.43413],[-99.14085,19.43424]]}},{"type":"Feature","properties":{"c":"major","n":"Avenida Lázaro Cárdenas"},"geometry":{"type":"LineString","coordinates":[[-99.14085,19.43424],[-99.14078,19.43473]]}},{"type":"Feature","properties":{"c":"major","n":"Avenida Lázaro Cárdenas"},"geometry":{"type":"LineString","coordinates":[[-99.14078,19.43473],[-99.14077,19.43481]]}},{"type":"Feature","properties":{"c":"major","n":"Avenida Lázaro Cárdenas"},"geometry":{"type":"LineString","coordinates":[[-99.14065,19.43565],[-99.1406,19.43594],[-99.1406,19.43596],[-99.1406,19.43598],[-99.14059,19.43601]]}},{"type":"Feature","properties":{"c":"major","n":"Avenida Lázaro Cárdenas"},"geometry":{"type":"LineString","coordinates":[[-99.14059,19.43601],[-99.14058,19.43609]]}},{"type":"Feature","properties":{"c":"major","n":"Avenida Lázaro Cárdenas"},"geometry":{"type":"LineString","coordinates":[[-99.14038,19.43738],[-99.14033,19.43767],[-99.14033,19.43771],[-99.14032,19.43779]]}},{"type":"Feature","properties":{"c":"foot"},"geometry":{"type":"LineString","coordinates":[[-99.16799,19.41332],[-99.16803,19.41319]]}},{"type":"Feature","properties":{"c":"minor","n":"Avenida México"},"geometry":{"type":"LineString","coordinates":[[-99.16887,19.41448],[-99.16897,19.41441]]}},{"type":"Feature","properties":{"c":"minor","n":"Avenida México"},"geometry":{"type":"LineString","coordinates":[[-99.16824,19.41472],[-99.16862,19.41459],[-99.16887,19.41448]]}},{"type":"Feature","properties":{"c":"foot"},"geometry":{"type":"LineString","coordinates":[[-99.16882,19.41442],[-99.16892,19.41434]]}},{"type":"Feature","properties":{"c":"minor","n":"Avenida México"},"geometry":{"type":"LineString","coordinates":[[-99.16794,19.41325],[-99.16786,19.41351],[-99.16782,19.41401],[-99.16789,19.41452]]}},{"type":"Feature","properties":{"c":"minor","n":"Avenida México"},"geometry":{"type":"LineString","coordinates":[[-99.16799,19.41313],[-99.16794,19.41325]]}},{"type":"Feature","properties":{"c":"foot"},"geometry":{"type":"LineString","coordinates":[[-99.16803,19.41319],[-99.16806,19.41311]]}},{"type":"Feature","properties":{"c":"foot"},"geometry":{"type":"LineString","coordinates":[[-99.16901,19.41446],[-99.16891,19.41453]]}},{"type":"Feature","properties":{"c":"foot"},"geometry":{"type":"LineString","coordinates":[[-99.16792,19.41311],[-99.16787,19.41323]]}},{"type":"Feature","properties":{"c":"minor","n":"Avenida Medellín"},"geometry":{"type":"LineString","coordinates":[[-99.16588,19.41719],[-99.16591,19.41719],[-99.16594,19.41717],[-99.16597,19.41715],[-99.16598,19.41712],[-99.16599,19.41709],[-99.16598,19.41705],[-99.16596,19.41702],[-99.16594,19.417],[-99.16591,19.41699],[-99.16588,19.41698],[-99.16584,19.41698]]}},{"type":"Feature","properties":{"c":"minor","n":"Avenida Medellín"},"geometry":{"type":"LineString","coordinates":[[-99.16584,19.41698],[-99.16581,19.41699],[-99.16579,19.41701],[-99.16577,19.41703],[-99.16576,19.41706],[-99.16576,19.41709],[-99.16576,19.41712],[-99.16577,19.41714],[-99.1658,19.41717],[-99.16582,19.41718],[-99.16585,19.41719],[-99.16588,19.41719]]}},{"type":"Feature","properties":{"c":"foot"},"geometry":{"type":"LineString","coordinates":[[-99.16447,19.41768],[-99.16451,19.41764],[-99.16461,19.41763]]}},{"type":"Feature","properties":{"c":"foot"},"geometry":{"type":"LineString","coordinates":[[-99.1644,19.41767],[-99.16442,19.41766]]}},{"type":"Feature","properties":{"c":"foot"},"geometry":{"type":"LineString","coordinates":[[-99.16442,19.41766],[-99.16443,19.41766],[-99.16445,19.41766],[-99.16446,19.41767],[-99.16447,19.41768]]}},{"type":"Feature","properties":{"c":"foot"},"geometry":{"type":"LineString","coordinates":[[-99.16447,19.41768],[-99.16448,19.4177],[-99.16448,19.41771],[-99.16447,19.41773],[-99.16446,19.41774],[-99.16445,19.41775],[-99.16443,19.41775]]}},{"type":"Feature","properties":{"c":"foot"},"geometry":{"type":"LineString","coordinates":[[-99.16443,19.41775],[-99.16442,19.41775],[-99.1644,19.41775]]}},{"type":"Feature","properties":{"c":"foot"},"geometry":{"type":"LineString","coordinates":[[-99.1644,19.41775],[-99.16439,19.41774],[-99.16438,19.41772],[-99.16438,19.41771],[-99.16438,19.41769]]}},{"type":"Feature","properties":{"c":"foot"},"geometry":{"type":"LineString","coordinates":[[-99.16438,19.41769],[-99.16439,19.41768],[-99.1644,19.41767]]}},{"type":"Feature","properties":{"c":"minor","n":"Calle Corregidora"},"geometry":{"type":"LineString","coordinates":[[-99.13233,19.43171],[-99.13108,19.43156]]}},{"type":"Feature","properties":{"c":"minor","n":"Calle Corregidora"},"geometry":{"type":"LineString","coordinates":[[-99.13108,19.43156],[-99.1302,19.43145],[-99.13016,19.43145]]}},{"type":"Feature","properties":{"c":"major","n":"Avenida Insurgentes Sur"},"geometry":{"type":"LineString","coordinates":[[-99.16323,19.423],[-99.16324,19.42295],[-99.1633,19.42277]]}},{"type":"Feature","properties":{"c":"major","n":"Avenida Insurgentes Sur"},"geometry":{"type":"LineString","coordinates":[[-99.16336,19.42255],[-99.16343,19.42231],[-99.16346,19.42221]]}},{"type":"Feature","properties":{"c":"major","n":"Avenida Insurgentes Sur"},"geometry":{"type":"LineString","coordinates":[[-99.16365,19.42157],[-99.16382,19.42096]]}},{"type":"Feature","properties":{"c":"major","n":"Avenida Insurgentes Sur"},"geometry":{"type":"LineString","coordinates":[[-99.16382,19.42096],[-99.1639,19.42069]]}},{"type":"Feature","properties":{"c":"major","n":"Avenida Insurgentes Sur"},"geometry":{"type":"LineString","coordinates":[[-99.16494,19.41718],[-99.16496,19.41712],[-99.16518,19.41642]]}},{"type":"Feature","properties":{"c":"major","n":"Avenida Insurgentes Sur"},"geometry":{"type":"LineString","coordinates":[[-99.16529,19.4161],[-99.16537,19.41584]]}},{"type":"Feature","properties":{"c":"major","n":"Avenida Insurgentes Sur"},"geometry":{"type":"LineString","coordinates":[[-99.16537,19.41584],[-99.16541,19.41574],[-99.16543,19.41569]]}},{"type":"Feature","properties":{"c":"major","n":"Avenida Insurgentes Sur"},"geometry":{"type":"LineString","coordinates":[[-99.16543,19.41569],[-99.16547,19.41558]]}},{"type":"Feature","properties":{"c":"major","n":"Avenida Insurgentes Sur"},"geometry":{"type":"LineString","coordinates":[[-99.16605,19.41377],[-99.16623,19.4132]]}},{"type":"Feature","properties":{"c":"major","n":"Avenida Insurgentes Sur"},"geometry":{"type":"LineString","coordinates":[[-99.16588,19.4143],[-99.16605,19.41377]]}},{"type":"Feature","properties":{"c":"major","n":"Avenida Insurgentes Sur"},"geometry":{"type":"LineString","coordinates":[[-99.16623,19.4132],[-99.16634,19.41288]]}},{"type":"Feature","properties":{"c":"major","n":"Avenida Insurgentes Sur"},"geometry":{"type":"LineString","coordinates":[[-99.16634,19.41288],[-99.16638,19.41277]]}},{"type":"Feature","properties":{"c":"major","n":"Avenida Sonora"},"geometry":{"type":"LineString","coordinates":[[-99.16638,19.41277],[-99.1664,19.41278],[-99.16644,19.41279]]}},{"type":"Feature","properties":{"c":"major","n":"Avenida Sonora"},"geometry":{"type":"LineString","coordinates":[[-99.16644,19.41279],[-99.16709,19.41299]]}},{"type":"Feature","properties":{"c":"major","n":"Avenida Sonora"},"geometry":{"type":"LineString","coordinates":[[-99.16709,19.41299],[-99.16716,19.41302]]}},{"type":"Feature","properties":{"c":"major","n":"Avenida Sonora"},"geometry":{"type":"LineString","coordinates":[[-99.16716,19.41302],[-99.16723,19.41304]]}},{"type":"Feature","properties":{"c":"major","n":"Avenida Sonora"},"geometry":{"type":"LineString","coordinates":[[-99.16723,19.41304],[-99.16787,19.41323]]}},{"type":"Feature","properties":{"c":"major","n":"Avenida Sonora"},"geometry":{"type":"LineString","coordinates":[[-99.16787,19.41323],[-99.16794,19.41325]]}},{"type":"Feature","properties":{"c":"foot"},"geometry":{"type":"LineString","coordinates":[[-99.15488,19.4194],[-99.15493,19.41939]]}},{"type":"Feature","properties":{"c":"foot"},"geometry":{"type":"LineString","coordinates":[[-99.15427,19.4205],[-99.15416,19.42052]]}},{"type":"Feature","properties":{"c":"foot"},"geometry":{"type":"LineString","coordinates":[[-99.15526,19.42098],[-99.15524,19.42092]]}},{"type":"Feature","properties":{"c":"foot"},"geometry":{"type":"LineString","coordinates":[[-99.15524,19.42092],[-99.15531,19.42091]]}},{"type":"Feature","properties":{"c":"foot"},"geometry":{"type":"LineString","coordinates":[[-99.15509,19.42029],[-99.15515,19.42029]]}},{"type":"Feature","properties":{"c":"foot"},"geometry":{"type":"LineString","coordinates":[[-99.16712,19.41671],[-99.1672,19.41666]]}},{"type":"Feature","properties":{"c":"foot"},"geometry":{"type":"LineString","coordinates":[[-99.1672,19.41666],[-99.16729,19.4166]]}},{"type":"Feature","properties":{"c":"foot"},"geometry":{"type":"LineString","coordinates":[[-99.16729,19.4166],[-99.16736,19.41656]]}},{"type":"Feature","properties":{"c":"foot"},"geometry":{"type":"LineString","coordinates":[[-99.16715,19.41683],[-99.16713,19.41675]]}},{"type":"Feature","properties":{"c":"foot"},"geometry":{"type":"LineString","coordinates":[[-99.16713,19.41675],[-99.16712,19.41671]]}},{"type":"Feature","properties":{"c":"foot"},"geometry":{"type":"LineString","coordinates":[[-99.15917,19.41191],[-99.1592,19.41192]]}},{"type":"Feature","properties":{"c":"foot"},"geometry":{"type":"LineString","coordinates":[[-99.15697,19.41166],[-99.15696,19.41176]]}},{"type":"Feature","properties":{"c":"foot"},"geometry":{"type":"LineString","coordinates":[[-99.1582,19.41162],[-99.15825,19.41164],[-99.15832,19.41164]]}},{"type":"Feature","properties":{"c":"foot"},"geometry":{"type":"LineString","coordinates":[[-99.15802,19.41179],[-99.15799,19.41172]]}},{"type":"Feature","properties":{"c":"foot"},"geometry":{"type":"LineString","coordinates":[[-99.15799,19.41172],[-99.15796,19.41163]]}},{"type":"Feature","properties":{"c":"foot"},"geometry":{"type":"LineString","coordinates":[[-99.1582,19.41162],[-99.1582,19.41171]]}},{"type":"Feature","properties":{"c":"foot"},"geometry":{"type":"LineString","coordinates":[[-99.1582,19.41171],[-99.15821,19.41178]]}},{"type":"Feature","properties":{"c":"foot"},"geometry":{"type":"LineString","coordinates":[[-99.15796,19.41163],[-99.15803,19.41162]]}},{"type":"Feature","properties":{"c":"foot"},"geometry":{"type":"LineString","coordinates":[[-99.15803,19.41162],[-99.15812,19.41162]]}},{"type":"Feature","properties":{"c":"foot"},"geometry":{"type":"LineString","coordinates":[[-99.15812,19.41162],[-99.1582,19.41162]]}},{"type":"Feature","properties":{"c":"foot"},"geometry":{"type":"LineString","coordinates":[[-99.15788,19.41164],[-99.15796,19.41163]]}},{"type":"Feature","properties":{"c":"foot"},"geometry":{"type":"LineString","coordinates":[[-99.15821,19.41178],[-99.15816,19.41179]]}},{"type":"Feature","properties":{"c":"foot"},"geometry":{"type":"LineString","coordinates":[[-99.15816,19.41179],[-99.15807,19.41179]]}},{"type":"Feature","properties":{"c":"foot"},"geometry":{"type":"LineString","coordinates":[[-99.15807,19.41179],[-99.15802,19.41179]]}},{"type":"Feature","properties":{"c":"major","n":"Avenida Insurgentes Sur"},"geometry":{"type":"LineString","coordinates":[[-99.1633,19.42277],[-99.16336,19.42255]]}},{"type":"Feature","properties":{"c":"major","n":"Avenida Insurgentes Sur"},"geometry":{"type":"LineString","coordinates":[[-99.16694,19.411],[-99.16705,19.41067],[-99.16707,19.41061]]}},{"type":"Feature","properties":{"c":"major","n":"Avenida Insurgentes Sur"},"geometry":{"type":"LineString","coordinates":[[-99.16707,19.41061],[-99.16709,19.41055]]}},{"type":"Feature","properties":{"c":"major","n":"Avenida Insurgentes Sur"},"geometry":{"type":"LineString","coordinates":[[-99.16732,19.40986],[-99.16746,19.40941],[-99.16749,19.40933]]}},{"type":"Feature","properties":{"c":"major","n":"Avenida Insurgentes Sur"},"geometry":{"type":"LineString","coordinates":[[-99.16749,19.40933],[-99.16751,19.40925]]}},{"type":"Feature","properties":{"c":"major","n":"Avenida Insurgentes Sur"},"geometry":{"type":"LineString","coordinates":[[-99.1677,19.40867],[-99.16781,19.40834]]}},{"type":"Feature","properties":{"c":"major","n":"Avenida Insurgentes Sur"},"geometry":{"type":"LineString","coordinates":[[-99.16781,19.40834],[-99.16787,19.40817]]}},{"type":"Feature","properties":{"c":"foot"},"geometry":{"type":"LineString","coordinates":[[-99.16256,19.42473],[-99.16261,19.42475],[-99.16276,19.42442],[-99.16278,19.42441],[-99.16281,19.42441],[-99.16285,19.42441],[-99.16291,19.42442],[-99.16298,19.42443],[-99.16303,19.42443],[-99.16309,19.42442],[-99.16315,19.4244],[-99.16326,19.42437],[-99.16332,19.42435],[-99.16336,19.42433],[-99.16342,19.4243],[-99.16344,19.42429],[-99.16348,19.42426],[-99.16352,19.42422],[-99.16358,19.42416],[-99.16363,19.42409],[-99.16366,19.42403],[-99.16369,19.42397],[-99.16371,19.42391],[-99.16373,19.42381],[-99.16375,19.42378]]}},{"type":"Feature","properties":{"c":"foot"},"geometry":{"type":"LineString","coordinates":[[-99.16375,19.42378],[-99.16376,19.42377]]}},{"type":"Feature","properties":{"c":"foot"},"geometry":{"type":"LineString","coordinates":[[-99.16336,19.42255],[-99.1634,19.42261],[-99.16329,19.42298],[-99.16331,19.42303],[-99.16335,19.42305]]}},{"type":"Feature","properties":{"c":"major","n":"Avenida Oaxaca"},"geometry":{"type":"LineString","coordinates":[[-99.16369,19.42283],[-99.16343,19.42313]]}},{"type":"Feature","properties":{"c":"major","n":"Avenida Oaxaca"},"geometry":{"type":"LineString","coordinates":[[-99.16352,19.42321],[-99.16379,19.4229]]}},{"type":"Feature","properties":{"c":"foot"},"geometry":{"type":"LineString","coordinates":[[-99.16335,19.42305],[-99.16333,19.42308]]}},{"type":"Feature","properties":{"c":"foot"},"geometry":{"type":"LineString","coordinates":[[-99.16993,19.41254],[-99.16984,19.4125],[-99.16975,19.41246],[-99.16966,19.41239]]}},{"type":"Feature","properties":{"c":"major","n":"Avenida Insurgentes Sur"},"geometry":{"type":"LineString","coordinates":[[-99.16785,19.40779],[-99.16774,19.40813]]}},{"type":"Feature","properties":{"c":"major","n":"Avenida Insurgentes Sur"},"geometry":{"type":"LineString","coordinates":[[-99.16774,19.40813],[-99.16771,19.4082]]}},{"type":"Feature","properties":{"c":"major","n":"Avenida Insurgentes Sur"},"geometry":{"type":"LineString","coordinates":[[-99.16771,19.4082],[-99.16768,19.40831]]}},{"type":"Feature","properties":{"c":"major","n":"Avenida Insurgentes Sur"},"geometry":{"type":"LineString","coordinates":[[-99.16768,19.40831],[-99.16749,19.40887]]}},{"type":"Feature","properties":{"c":"major","n":"Avenida Insurgentes Sur"},"geometry":{"type":"LineString","coordinates":[[-99.16749,19.40887],[-99.16738,19.40921]]}},{"type":"Feature","properties":{"c":"major","n":"Avenida Insurgentes Sur"},"geometry":{"type":"LineString","coordinates":[[-99.16738,19.40921],[-99.16735,19.40931]]}},{"type":"Feature","properties":{"c":"major","n":"Avenida Insurgentes Sur"},"geometry":{"type":"LineString","coordinates":[[-99.16711,19.41005],[-99.16697,19.41045]]}},{"type":"Feature","properties":{"c":"major","n":"Avenida Insurgentes Sur"},"geometry":{"type":"LineString","coordinates":[[-99.16697,19.41045],[-99.16695,19.41052]]}},{"type":"Feature","properties":{"c":"major","n":"Avenida Insurgentes Sur"},"geometry":{"type":"LineString","coordinates":[[-99.16636,19.41235],[-99.16624,19.41272]]}},{"type":"Feature","properties":{"c":"major","n":"Avenida Insurgentes Sur"},"geometry":{"type":"LineString","coordinates":[[-99.16624,19.41272],[-99.16621,19.41281]]}},{"type":"Feature","properties":{"c":"major","n":"Avenida Insurgentes Sur"},"geometry":{"type":"LineString","coordinates":[[-99.1656,19.41466],[-99.16547,19.41505]]}},{"type":"Feature","properties":{"c":"major","n":"Avenida Insurgentes Sur"},"geometry":{"type":"LineString","coordinates":[[-99.16547,19.41505],[-99.16541,19.41522]]}},{"type":"Feature","properties":{"c":"major","n":"Avenida Insurgentes Sur"},"geometry":{"type":"LineString","coordinates":[[-99.16533,19.4155],[-99.16529,19.41561]]}},{"type":"Feature","properties":{"c":"major","n":"Avenida Insurgentes Sur"},"geometry":{"type":"LineString","coordinates":[[-99.16529,19.41561],[-99.16527,19.41566]]}},{"type":"Feature","properties":{"c":"major","n":"Avenida Insurgentes Sur"},"geometry":{"type":"LineString","coordinates":[[-99.16527,19.41566],[-99.16525,19.41573]]}},{"type":"Feature","properties":{"c":"major","n":"Avenida Insurgentes Sur"},"geometry":{"type":"LineString","coordinates":[[-99.16525,19.41573],[-99.16524,19.41577]]}},{"type":"Feature","properties":{"c":"major","n":"Avenida Insurgentes Sur"},"geometry":{"type":"LineString","coordinates":[[-99.16524,19.41577],[-99.16515,19.41606]]}},{"type":"Feature","properties":{"c":"major","n":"Avenida Insurgentes Sur"},"geometry":{"type":"LineString","coordinates":[[-99.16491,19.41678],[-99.16479,19.41715],[-99.16478,19.41721]]}},{"type":"Feature","properties":{"c":"major","n":"Avenida Insurgentes Sur"},"geometry":{"type":"LineString","coordinates":[[-99.16472,19.41743],[-99.16458,19.41793]]}},{"type":"Feature","properties":{"c":"major","n":"Avenida Insurgentes Sur"},"geometry":{"type":"LineString","coordinates":[[-99.16441,19.41855],[-99.16429,19.41892]]}},{"type":"Feature","properties":{"c":"major","n":"Avenida Insurgentes Sur"},"geometry":{"type":"LineString","coordinates":[[-99.16346,19.42176],[-99.16333,19.4222]]}},{"type":"Feature","properties":{"c":"major","n":"Avenida Insurgentes Sur"},"geometry":{"type":"LineString","coordinates":[[-99.16323,19.42254],[-99.16317,19.42275]]}},{"type":"Feature","properties":{"c":"minor","n":"Calle 5 de Febrero"},"geometry":{"type":"LineString","coordinates":[[-99.13437,19.43195],[-99.13438,19.4319]]}},{"type":"Feature","properties":{"c":"minor","n":"Calle 5 de Febrero"},"geometry":{"type":"LineString","coordinates":[[-99.13438,19.4319],[-99.1345,19.43113]]}},{"type":"Feature","properties":{"c":"minor","n":"Calle 5 de Febrero"},"geometry":{"type":"LineString","coordinates":[[-99.1345,19.43113],[-99.13451,19.43112],[-99.13451,19.43107]]}},{"type":"Feature","properties":{"c":"major","n":"Calle Simón Bolívar"},"geometry":{"type":"LineString","coordinates":[[-99.13851,19.43249],[-99.13863,19.43167]]}},{"type":"Feature","properties":{"c":"major","n":"Calle Simón Bolívar"},"geometry":{"type":"LineString","coordinates":[[-99.13863,19.43167],[-99.13875,19.43082]]}},{"type":"Feature","properties":{"c":"major","n":"Calle Simón Bolívar"},"geometry":{"type":"LineString","coordinates":[[-99.13875,19.43082],[-99.13888,19.42995]]}},{"type":"Feature","properties":{"c":"minor","n":"Calle Venustiano Carranza"},"geometry":{"type":"LineString","coordinates":[[-99.1412,19.43201],[-99.1397,19.43182]]}},{"type":"Feature","properties":{"c":"minor","n":"Calle Venustiano Carranza"},"geometry":{"type":"LineString","coordinates":[[-99.1397,19.43182],[-99.13863,19.43167]]}},{"type":"Feature","properties":{"c":"major","n":"Calle 5 de Mayo"},"geometry":{"type":"LineString","coordinates":[[-99.1351,19.4341],[-99.13415,19.43398],[-99.13411,19.43398]]}},{"type":"Feature","properties":{"c":"major","n":"Calle 5 de Mayo"},"geometry":{"type":"LineString","coordinates":[[-99.13411,19.43398],[-99.13402,19.43397]]}},{"type":"Feature","properties":{"c":"minor","n":"Calle República de Argentina"},"geometry":{"type":"LineString","coordinates":[[-99.13161,19.43657],[-99.13165,19.43625],[-99.13167,19.43607],[-99.13171,19.43577],[-99.13172,19.43572]]}},{"type":"Feature","properties":{"c":"minor","n":"Correo Mayor"},"geometry":{"type":"LineString","coordinates":[[-99.12973,19.43459],[-99.12989,19.43344],[-99.1299,19.43336]]}},{"type":"Feature","properties":{"c":"minor","n":"Calle Moneda"},"geometry":{"type":"LineString","coordinates":[[-99.12887,19.43328],[-99.12895,19.43326],[-99.12903,19.43325],[-99.1299,19.43336]]}},{"type":"Feature","properties":{"c":"foot"},"geometry":{"type":"LineString","coordinates":[[-99.13301,19.42914],[-99.13298,19.42938]]}},{"type":"Feature","properties":{"c":"foot"},"geometry":{"type":"LineString","coordinates":[[-99.13298,19.42938],[-99.13295,19.4295]]}},{"type":"Feature","properties":{"c":"foot"},"geometry":{"type":"LineString","coordinates":[[-99.13312,19.42939],[-99.13298,19.42938]]}},{"type":"Feature","properties":{"c":"foot"},"geometry":{"type":"LineString","coordinates":[[-99.13298,19.42938],[-99.13296,19.42938]]}},{"type":"Feature","properties":{"c":"foot"},"geometry":{"type":"LineString","coordinates":[[-99.13296,19.42938],[-99.13256,19.42933]]}},{"type":"Feature","properties":{"c":"foot"},"geometry":{"type":"LineString","coordinates":[[-99.13296,19.42938],[-99.13259,19.4291]]}},{"type":"Feature","properties":{"c":"minor","n":"Calle Mesones"},"geometry":{"type":"LineString","coordinates":[[-99.1286,19.4278],[-99.12955,19.42791]]}},{"type":"Feature","properties":{"c":"minor","n":"Calle Mesones"},"geometry":{"type":"LineString","coordinates":[[-99.12955,19.42791],[-99.13066,19.42804]]}},{"type":"Feature","properties":{"c":"minor","n":"Correo Mayor"},"geometry":{"type":"LineString","coordinates":[[-99.13066,19.42804],[-99.13076,19.42716],[-99.13078,19.42711],[-99.1309,19.42628]]}},{"type":"Feature","properties":{"c":"major","n":"Avenida Chapultepec"},"geometry":{"type":"LineString","coordinates":[[-99.17023,19.42199],[-99.17001,19.42204]]}},{"type":"Feature","properties":{"c":"major","n":"Avenida Chapultepec"},"geometry":{"type":"LineString","coordinates":[[-99.17001,19.42204],[-99.16884,19.42229]]}},{"type":"Feature","properties":{"c":"major","n":"Avenida Chapultepec"},"geometry":{"type":"LineString","coordinates":[[-99.16884,19.42229],[-99.16873,19.42231]]}},{"type":"Feature","properties":{"c":"major","n":"Avenida Chapultepec"},"geometry":{"type":"LineString","coordinates":[[-99.16873,19.42231],[-99.16865,19.42233]]}},{"type":"Feature","properties":{"c":"major","n":"Avenida Chapultepec"},"geometry":{"type":"LineString","coordinates":[[-99.16865,19.42233],[-99.16729,19.42263]]}},{"type":"Feature","properties":{"c":"major","n":"Avenida Chapultepec"},"geometry":{"type":"LineString","coordinates":[[-99.16729,19.42263],[-99.16719,19.42265]]}},{"type":"Feature","properties":{"c":"minor","n":"Avenida Amsterdam"},"geometry":{"type":"LineString","coordinates":[[-99.16944,19.41519],[-99.16953,19.4151]]}},{"type":"Feature","properties":{"c":"minor","n":"Avenida Amsterdam"},"geometry":{"type":"LineString","coordinates":[[-99.16953,19.4151],[-99.16984,19.41478],[-99.17015,19.41432]]}},{"type":"Feature","properties":{"c":"minor","n":"Avenida Amsterdam"},"geometry":{"type":"LineString","coordinates":[[-99.17015,19.41432],[-99.17088,19.4129]]}},{"type":"Feature","properties":{"c":"minor","n":"Avenida Amsterdam"},"geometry":{"type":"LineString","coordinates":[[-99.17088,19.4129],[-99.17149,19.41155]]}},{"type":"Feature","properties":{"c":"minor","n":"Avenida Amsterdam"},"geometry":{"type":"LineString","coordinates":[[-99.17149,19.41155],[-99.17169,19.41108],[-99.17178,19.41084],[-99.17184,19.41063],[-99.17187,19.41043]]}},{"type":"Feature","properties":{"c":"minor","n":"Avenida Amsterdam"},"geometry":{"type":"LineString","coordinates":[[-99.17187,19.41043],[-99.17186,19.41016],[-99.17181,19.40995],[-99.17175,19.40979],[-99.17163,19.40959]]}},{"type":"Feature","properties":{"c":"minor","n":"Avenida Amsterdam"},"geometry":{"type":"LineString","coordinates":[[-99.16868,19.40991],[-99.1684,19.41011],[-99.16821,19.41031],[-99.16804,19.41052],[-99.16788,19.41078]]}},{"type":"Feature","properties":{"c":"minor","n":"Avenida Amsterdam"},"geometry":{"type":"LineString","coordinates":[[-99.16788,19.41078],[-99.16748,19.41181]]}},{"type":"Feature","properties":{"c":"minor","n":"Avenida Amsterdam"},"geometry":{"type":"LineString","coordinates":[[-99.16748,19.41181],[-99.16713,19.41286]]}},{"type":"Feature","properties":{"c":"minor","n":"Avenida Amsterdam"},"geometry":{"type":"LineString","coordinates":[[-99.16713,19.41286],[-99.16709,19.41299]]}},{"type":"Feature","properties":{"c":"minor","n":"Avenida Amsterdam"},"geometry":{"type":"LineString","coordinates":[[-99.17157,19.40971],[-99.17163,19.40981],[-99.1717,19.40997],[-99.17172,19.41006],[-99.17173,19.41043]]}},{"type":"Feature","properties":{"c":"minor","n":"Avenida Amsterdam"},"geometry":{"type":"LineString","coordinates":[[-99.17173,19.41043],[-99.17169,19.41063],[-99.17163,19.41081],[-99.17151,19.41112],[-99.1713,19.41155]]}},{"type":"Feature","properties":{"c":"minor","n":"Avenida Amsterdam"},"geometry":{"type":"LineString","coordinates":[[-99.1713,19.41155],[-99.17105,19.41217],[-99.17075,19.41285]]}},{"type":"Feature","properties":{"c":"minor","n":"Avenida Amsterdam"},"geometry":{"type":"LineString","coordinates":[[-99.17075,19.41285],[-99.17004,19.41423]]}},{"type":"Feature","properties":{"c":"minor","n":"Avenida Amsterdam"},"geometry":{"type":"LineString","coordinates":[[-99.17004,19.41423],[-99.16978,19.4146],[-99.16956,19.41486],[-99.16944,19.41499]]}},{"type":"Feature","properties":{"c":"minor","n":"Avenida Amsterdam"},"geometry":{"type":"LineString","coordinates":[[-99.16944,19.41499],[-99.16936,19.41508]]}},{"type":"Feature","properties":{"c":"minor","n":"Avenida Amsterdam"},"geometry":{"type":"LineString","coordinates":[[-99.16723,19.41304],[-99.16727,19.41291]]}},{"type":"Feature","properties":{"c":"minor","n":"Avenida Amsterdam"},"geometry":{"type":"LineString","coordinates":[[-99.16727,19.41291],[-99.1676,19.41184]]}},{"type":"Feature","properties":{"c":"minor","n":"Avenida Amsterdam"},"geometry":{"type":"LineString","coordinates":[[-99.1676,19.41184],[-99.16799,19.41082]]}},{"type":"Feature","properties":{"c":"minor","n":"Avenida Amsterdam"},"geometry":{"type":"LineString","coordinates":[[-99.16799,19.41082],[-99.16817,19.41059],[-99.16832,19.41039],[-99.1685,19.41021],[-99.16876,19.41003]]}},{"type":"Feature","properties":{"c":"minor","n":"Avenida Amsterdam"},"geometry":{"type":"LineString","coordinates":[[-99.16709,19.41299],[-99.16672,19.41414]]}},{"type":"Feature","properties":{"c":"minor","n":"Avenida Amsterdam"},"geometry":{"type":"LineString","coordinates":[[-99.16672,19.41414],[-99.16667,19.41453],[-99.16674,19.41497],[-99.16678,19.41512]]}},{"type":"Feature","properties":{"c":"minor","n":"Avenida Amsterdam"},"geometry":{"type":"LineString","coordinates":[[-99.16678,19.41512],[-99.16683,19.4152]]}},{"type":"Feature","properties":{"c":"minor","n":"Avenida Amsterdam"},"geometry":{"type":"LineString","coordinates":[[-99.167,19.41515],[-99.16695,19.41507]]}},{"type":"Feature","properties":{"c":"minor","n":"Avenida Amsterdam"},"geometry":{"type":"LineString","coordinates":[[-99.16695,19.41507],[-99.16687,19.41493],[-99.1668,19.41458],[-99.16686,19.4142]]}},{"type":"Feature","properties":{"c":"minor","n":"Avenida Amsterdam"},"geometry":{"type":"LineString","coordinates":[[-99.16686,19.4142],[-99.16698,19.41377],[-99.16723,19.41304]]}},{"type":"Feature","properties":{"c":"minor","n":"Avenida México"},"geometry":{"type":"LineString","coordinates":[[-99.17078,19.41092],[-99.17074,19.41078],[-99.17068,19.41065],[-99.1706,19.41055],[-99.17051,19.41046]]}},{"type":"Feature","properties":{"c":"minor","n":"Avenida México"},"geometry":{"type":"LineString","coordinates":[[-99.17051,19.41046],[-99.1704,19.41039]]}},{"type":"Feature","properties":{"c":"minor","n":"Avenida México"},"geometry":{"type":"LineString","coordinates":[[-99.1704,19.41039],[-99.17032,19.41036]]}},{"type":"Feature","properties":{"c":"major","n":"Avenida Sonora"},"geometry":{"type":"LineString","coordinates":[[-99.16799,19.41313],[-99.16792,19.41311]]}},{"type":"Feature","properties":{"c":"major","n":"Avenida Sonora"},"geometry":{"type":"LineString","coordinates":[[-99.16792,19.41311],[-99.16727,19.41291]]}},{"type":"Feature","properties":{"c":"major","n":"Avenida Sonora"},"geometry":{"type":"LineString","coordinates":[[-99.16727,19.41291],[-99.1672,19.41288]]}},{"type":"Feature","properties":{"c":"major","n":"Avenida Sonora"},"geometry":{"type":"LineString","coordinates":[[-99.1672,19.41288],[-99.16713,19.41286]]}},{"type":"Feature","properties":{"c":"major","n":"Avenida Sonora"},"geometry":{"type":"LineString","coordinates":[[-99.16713,19.41286],[-99.16653,19.41269],[-99.16647,19.41271]]}},{"type":"Feature","properties":{"c":"major","n":"Avenida Sonora"},"geometry":{"type":"LineString","coordinates":[[-99.16647,19.41271],[-99.16642,19.41273],[-99.16639,19.41274]]}},{"type":"Feature","properties":{"c":"major","n":"Avenida Sonora"},"geometry":{"type":"LineString","coordinates":[[-99.16794,19.41325],[-99.16799,19.41332]]}},{"type":"Feature","properties":{"c":"major","n":"Avenida Sonora"},"geometry":{"type":"LineString","coordinates":[[-99.16799,19.41332],[-99.16882,19.41442]]}},{"type":"Feature","properties":{"c":"major","n":"Avenida Sonora"},"geometry":{"type":"LineString","coordinates":[[-99.16882,19.41442],[-99.16887,19.41448]]}},{"type":"Feature","properties":{"c":"major","n":"Avenida Sonora"},"geometry":{"type":"LineString","coordinates":[[-99.16897,19.41441],[-99.16892,19.41434]]}},{"type":"Feature","properties":{"c":"major","n":"Avenida Sonora"},"geometry":{"type":"LineString","coordinates":[[-99.16892,19.41434],[-99.16803,19.41319]]}},{"type":"Feature","properties":{"c":"major","n":"Avenida Sonora"},"geometry":{"type":"LineString","coordinates":[[-99.16803,19.41319],[-99.16799,19.41313]]}},{"type":"Feature","properties":{"c":"major","n":"Calle Michoacán"},"geometry":{"type":"LineString","coordinates":[[-99.1713,19.41155],[-99.1714,19.41155]]}},{"type":"Feature","properties":{"c":"major","n":"Calle Michoacán"},"geometry":{"type":"LineString","coordinates":[[-99.1714,19.41155],[-99.17149,19.41155]]}},{"type":"Feature","properties":{"c":"major","n":"Calle Michoacán"},"geometry":{"type":"LineString","coordinates":[[-99.16709,19.41055],[-99.16712,19.41056],[-99.16716,19.41058]]}},{"type":"Feature","properties":{"c":"major","n":"Calle Michoacán"},"geometry":{"type":"LineString","coordinates":[[-99.16716,19.41058],[-99.16788,19.41078]]}},{"type":"Feature","properties":{"c":"major","n":"Calle Michoacán"},"geometry":{"type":"LineString","coordinates":[[-99.16788,19.41078],[-99.16794,19.4108]]}},{"type":"Feature","properties":{"c":"major","n":"Calle Michoacán"},"geometry":{"type":"LineString","coordinates":[[-99.16794,19.4108],[-99.16799,19.41082]]}},{"type":"Feature","properties":{"c":"minor","n":"Calle República de El Salvador"},"geometry":{"type":"LineString","coordinates":[[-99.13888,19.42995],[-99.13683,19.42967]]}},{"type":"Feature","properties":{"c":"major"},"geometry":{"type":"LineString","coordinates":[[-99.17199,19.41343],[-99.17194,19.41353]]}},{"type":"Feature","properties":{"c":"minor"},"geometry":{"type":"LineString","coordinates":[[-99.1721,19.41342],[-99.17171,19.41322]]}},{"type":"Feature","properties":{"c":"major","n":"Avenida José María Pino Suárez"},"geometry":{"type":"LineString","coordinates":[[-99.13235,19.43078],[-99.13236,19.43071]]}},{"type":"Feature","properties":{"c":"major","n":"Avenida José María Pino Suárez"},"geometry":{"type":"LineString","coordinates":[[-99.13236,19.43071],[-99.13247,19.42992]]}},{"type":"Feature","properties":{"c":"major","n":"Avenida José María Pino Suárez"},"geometry":{"type":"LineString","coordinates":[[-99.13247,19.42992],[-99.13254,19.42945]]}},{"type":"Feature","properties":{"c":"major","n":"Avenida José María Pino Suárez"},"geometry":{"type":"LineString","coordinates":[[-99.13254,19.42945],[-99.13256,19.42933]]}},{"type":"Feature","properties":{"c":"major","n":"Avenida José María Pino Suárez"},"geometry":{"type":"LineString","coordinates":[[-99.13256,19.42933],[-99.13257,19.42925]]}},{"type":"Feature","properties":{"c":"major","n":"Avenida José María Pino Suárez"},"geometry":{"type":"LineString","coordinates":[[-99.13257,19.42925],[-99.13259,19.4291]]}},{"type":"Feature","properties":{"c":"major","n":"Avenida José María Pino Suárez"},"geometry":{"type":"LineString","coordinates":[[-99.13259,19.4291],[-99.13259,19.42909]]}},{"type":"Feature","properties":{"c":"major","n":"Avenida Cuauhtémoc"},"geometry":{"type":"LineString","coordinates":[[-99.15421,19.41974],[-99.15423,19.41954]]}},{"type":"Feature","properties":{"c":"major","n":"Avenida Álvaro Obregón"},"geometry":{"type":"LineString","coordinates":[[-99.15491,19.41932],[-99.15589,19.41915]]}},{"type":"Feature","properties":{"c":"major","n":"Avenida Álvaro Obregón"},"geometry":{"type":"LineString","coordinates":[[-99.15589,19.41915],[-99.15714,19.41891]]}},{"type":"Feature","properties":{"c":"major","n":"Avenida Álvaro Obregón"},"geometry":{"type":"LineString","coordinates":[[-99.15714,19.41891],[-99.15738,19.41886]]}},{"type":"Feature","properties":{"c":"major","n":"Avenida Álvaro Obregón"},"geometry":{"type":"LineString","coordinates":[[-99.15738,19.41886],[-99.15856,19.41862]]}},{"type":"Feature","properties":{"c":"major","n":"Avenida Álvaro Obregón"},"geometry":{"type":"LineString","coordinates":[[-99.15856,19.41862],[-99.15964,19.41841],[-99.15967,19.41841],[-99.15973,19.4184]]}},{"type":"Feature","properties":{"c":"major","n":"Avenida Álvaro Obregón"},"geometry":{"type":"LineString","coordinates":[[-99.15973,19.4184],[-99.15981,19.41838]]}},{"type":"Feature","properties":{"c":"major","n":"Avenida Álvaro Obregón"},"geometry":{"type":"LineString","coordinates":[[-99.16416,19.41754],[-99.16429,19.41752]]}},{"type":"Feature","properties":{"c":"major","n":"Avenida Álvaro Obregón"},"geometry":{"type":"LineString","coordinates":[[-99.1641,19.41732],[-99.16253,19.41763]]}},{"type":"Feature","properties":{"c":"major","n":"Avenida Álvaro Obregón"},"geometry":{"type":"LineString","coordinates":[[-99.16253,19.41763],[-99.16178,19.41778],[-99.1611,19.41791]]}},{"type":"Feature","properties":{"c":"major","n":"Avenida Álvaro Obregón"},"geometry":{"type":"LineString","coordinates":[[-99.1611,19.41791],[-99.15989,19.41815],[-99.15982,19.41816],[-99.15976,19.41818]]}},{"type":"Feature","properties":{"c":"major","n":"Avenida Álvaro Obregón"},"geometry":{"type":"LineString","coordinates":[[-99.15976,19.41818],[-99.15968,19.41819]]}},{"type":"Feature","properties":{"c":"minor","n":"Calle Frontera"},"geometry":{"type":"LineString","coordinates":[[-99.15735,19.42497],[-99.15726,19.42459],[-99.157,19.42361]]}},{"type":"Feature","properties":{"c":"minor","n":"Calle Frontera"},"geometry":{"type":"LineString","coordinates":[[-99.157,19.42361],[-99.1566,19.42201]]}},{"type":"Feature","properties":{"c":"minor","n":"Calle Frontera"},"geometry":{"type":"LineString","coordinates":[[-99.1566,19.42201],[-99.1563,19.42073]]}},{"type":"Feature","properties":{"c":"minor","n":"Calle Frontera"},"geometry":{"type":"LineString","coordinates":[[-99.1563,19.42073],[-99.15609,19.41994]]}},{"type":"Feature","properties":{"c":"minor","n":"Calle Frontera"},"geometry":{"type":"LineString","coordinates":[[-99.15609,19.41994],[-99.15589,19.41915]]}},{"type":"Feature","properties":{"c":"minor","n":"Calle Frontera"},"geometry":{"type":"LineString","coordinates":[[-99.15589,19.41915],[-99.15584,19.41894]]}},{"type":"Feature","properties":{"c":"major","n":"Calle Valladolid"},"geometry":{"type":"LineString","coordinates":[[-99.16782,19.41826],[-99.16786,19.4184]]}},{"type":"Feature","properties":{"c":"minor","n":"Calle Valladolid"},"geometry":{"type":"LineString","coordinates":[[-99.16786,19.4184],[-99.16787,19.41847]]}},{"type":"Feature","properties":{"c":"minor","n":"Calle Valladolid"},"geometry":{"type":"LineString","coordinates":[[-99.16787,19.41847],[-99.16813,19.41951]]}},{"type":"Feature","properties":{"c":"minor","n":"Calle Valladolid"},"geometry":{"type":"LineString","coordinates":[[-99.16813,19.41951],[-99.16815,19.4196]]}},{"type":"Feature","properties":{"c":"minor","n":"Calle Valladolid"},"geometry":{"type":"LineString","coordinates":[[-99.16815,19.4196],[-99.16817,19.41969]]}},{"type":"Feature","properties":{"c":"major","n":"Calle Salamanca"},"geometry":{"type":"LineString","coordinates":[[-99.16964,19.41937],[-99.16962,19.41927]]}},{"type":"Feature","properties":{"c":"major","n":"Calle Salamanca"},"geometry":{"type":"LineString","coordinates":[[-99.16962,19.41927],[-99.1696,19.41918]]}},{"type":"Feature","properties":{"c":"minor","n":"Calle Mérida"},"geometry":{"type":"LineString","coordinates":[[-99.15808,19.42166],[-99.15834,19.42269],[-99.15848,19.42327]]}},{"type":"Feature","properties":{"c":"minor","n":"Calle Mérida"},"geometry":{"type":"LineString","coordinates":[[-99.15848,19.42327],[-99.15865,19.42396]]}},{"type":"Feature","properties":{"c":"minor","n":"Calle Mérida"},"geometry":{"type":"LineString","coordinates":[[-99.15865,19.42396],[-99.15879,19.42452],[-99.15883,19.42462]]}},{"type":"Feature","properties":{"c":"major","n":"Avenida Monterrey"},"geometry":{"type":"LineString","coordinates":[[-99.16514,19.42123],[-99.16517,19.42137]]}},{"type":"Feature","properties":{"c":"major","n":"Avenida Monterrey"},"geometry":{"type":"LineString","coordinates":[[-99.16517,19.42137],[-99.16519,19.42144]]}},{"type":"Feature","properties":{"c":"major","n":"Avenida Monterrey"},"geometry":{"type":"LineString","coordinates":[[-99.16519,19.42144],[-99.16535,19.422]]}},{"type":"Feature","properties":{"c":"major","n":"Avenida Monterrey"},"geometry":{"type":"LineString","coordinates":[[-99.16535,19.422],[-99.16536,19.42206]]}},{"type":"Feature","properties":{"c":"major","n":"Avenida Monterrey"},"geometry":{"type":"LineString","coordinates":[[-99.16536,19.42206],[-99.16538,19.42213]]}},{"type":"Feature","properties":{"c":"major","n":"Avenida Monterrey"},"geometry":{"type":"LineString","coordinates":[[-99.16538,19.42213],[-99.16554,19.42274],[-99.16555,19.42278],[-99.16557,19.42281]]}},{"type":"Feature","properties":{"c":"major","n":"Avenida Monterrey"},"geometry":{"type":"LineString","coordinates":[[-99.16557,19.42281],[-99.16559,19.42289]]}},{"type":"Feature","properties":{"c":"major","n":"Avenida Oaxaca"},"geometry":{"type":"LineString","coordinates":[[-99.16786,19.4184],[-99.16792,19.41832]]}},{"type":"Feature","properties":{"c":"major","n":"Avenida Oaxaca"},"geometry":{"type":"LineString","coordinates":[[-99.16792,19.41832],[-99.16815,19.41804]]}},{"type":"Feature","properties":{"c":"major","n":"Avenida Oaxaca"},"geometry":{"type":"LineString","coordinates":[[-99.16815,19.41804],[-99.16897,19.41713]]}},{"type":"Feature","properties":{"c":"major","n":"Avenida Oaxaca"},"geometry":{"type":"LineString","coordinates":[[-99.16897,19.41713],[-99.16907,19.41702]]}},{"type":"Feature","properties":{"c":"major","n":"Avenida Parque España"},"geometry":{"type":"LineString","coordinates":[[-99.17027,19.41634],[-99.17039,19.41632]]}},{"type":"Feature","properties":{"c":"major","n":"Calle Parque España"},"geometry":{"type":"LineString","coordinates":[[-99.17039,19.41632],[-99.17048,19.4163]]}},{"type":"Feature","properties":{"c":"major","n":"Calle Parque España"},"geometry":{"type":"LineString","coordinates":[[-99.17048,19.4163],[-99.17062,19.41628]]}},{"type":"Feature","properties":{"c":"major","n":"Calle Parque España"},"geometry":{"type":"LineString","coordinates":[[-99.17062,19.41628],[-99.17084,19.41623],[-99.17095,19.4162],[-99.17146,19.41595],[-99.17166,19.41586]]}},{"type":"Feature","properties":{"c":"major","n":"Calle Parque España"},"geometry":{"type":"LineString","coordinates":[[-99.17166,19.41586],[-99.1718,19.4157]]}},{"type":"Feature","properties":{"c":"major","n":"Avenida Nuevo León"},"geometry":{"type":"LineString","coordinates":[[-99.17153,19.41314],[-99.1715,19.41321]]}},{"type":"Feature","properties":{"c":"major","n":"Avenida Nuevo León"},"geometry":{"type":"LineString","coordinates":[[-99.1715,19.41321],[-99.1714,19.41349],[-99.17135,19.41362]]}},{"type":"Feature","properties":{"c":"foot"},"geometry":{"type":"LineString","coordinates":[[-99.15351,19.40874],[-99.15352,19.40874]]}},{"type":"Feature","properties":{"c":"foot"},"geometry":{"type":"LineString","coordinates":[[-99.15352,19.40874],[-99.15354,19.40874],[-99.15355,19.40873],[-99.15356,19.40872],[-99.15356,19.40871],[-99.15355,19.40869]]}},{"type":"Feature","properties":{"c":"foot"},"geometry":{"type":"LineString","coordinates":[[-99.15355,19.40869],[-99.15354,19.40868],[-99.15353,19.40868],[-99.15351,19.40868],[-99.1535,19.40869],[-99.15349,19.4087]]}},{"type":"Feature","properties":{"c":"foot"},"geometry":{"type":"LineString","coordinates":[[-99.15349,19.4087],[-99.15349,19.40872],[-99.1535,19.40873],[-99.15351,19.40874]]}},{"type":"Feature","properties":{"c":"foot"},"geometry":{"type":"LineString","coordinates":[[-99.15359,19.40865],[-99.15358,19.40868],[-99.15355,19.40869]]}},{"type":"Feature","properties":{"c":"foot"},"geometry":{"type":"LineString","coordinates":[[-99.15305,19.40872],[-99.15312,19.40867]]}},{"type":"Feature","properties":{"c":"foot"},"geometry":{"type":"LineString","coordinates":[[-99.15312,19.40867],[-99.15315,19.40864],[-99.1532,19.4086],[-99.15323,19.40858],[-99.15324,19.40855],[-99.15325,19.40853]]}},{"type":"Feature","properties":{"c":"foot"},"geometry":{"type":"LineString","coordinates":[[-99.15325,19.40853],[-99.15328,19.40849],[-99.15332,19.40846],[-99.15338,19.40842],[-99.1534,19.40842],[-99.15343,19.40842],[-99.15344,19.40844],[-99.15346,19.40846],[-99.15348,19.40853],[-99.1535,19.40857],[-99.15355,19.40863],[-99.15359,19.40865]]}},{"type":"Feature","properties":{"c":"foot"},"geometry":{"type":"LineString","coordinates":[[-99.15359,19.40865],[-99.15368,19.40871],[-99.15384,19.40881],[-99.15394,19.4089],[-99.15398,19.40894],[-99.15399,19.40894]]}},{"type":"Feature","properties":{"c":"foot"},"geometry":{"type":"LineString","coordinates":[[-99.15368,19.40915],[-99.15365,19.40912],[-99.15362,19.40908],[-99.15358,19.40905],[-99.15357,19.40905],[-99.15357,19.40903],[-99.1536,19.40898],[-99.15362,19.40896],[-99.15364,19.40893],[-99.15364,19.4089],[-99.15363,19.40888],[-99.1536,19.40885],[-99.15356,19.40886],[-99.15353,19.40887],[-99.15351,19.40893],[-99.15349,19.40898],[-99.15347,19.40899],[-99.15344,19.409],[-99.1534,19.40899]]}},{"type":"Feature","properties":{"c":"foot"},"geometry":{"type":"LineString","coordinates":[[-99.1534,19.40899],[-99.15336,19.40899],[-99.15333,19.40897],[-99.15312,19.40867]]}},{"type":"Feature","properties":{"c":"foot"},"geometry":{"type":"LineString","coordinates":[[-99.15349,19.4087],[-99.15346,19.4087],[-99.15343,19.40868],[-99.1534,19.40865],[-99.15335,19.40858],[-99.15333,19.40856],[-99.15329,19.40854],[-99.15325,19.40853]]}},{"type":"Feature","properties":{"c":"foot"},"geometry":{"type":"LineString","coordinates":[[-99.15334,19.40908],[-99.15338,19.40902],[-99.1534,19.40899]]}},{"type":"Feature","properties":{"c":"foot"},"geometry":{"type":"LineString","coordinates":[[-99.1534,19.40899],[-99.15343,19.40894],[-99.15347,19.40889],[-99.1535,19.40886],[-99.15351,19.40884],[-99.15352,19.40882],[-99.15352,19.40874]]}},{"type":"Feature","properties":{"c":"minor","n":"Calle Durango"},"geometry":{"type":"LineString","coordinates":[[-99.16184,19.42082],[-99.16093,19.42101]]}},{"type":"Feature","properties":{"c":"minor","n":"Calle Durango"},"geometry":{"type":"LineString","coordinates":[[-99.15808,19.42166],[-99.15734,19.42184]]}},{"type":"Feature","properties":{"c":"minor","n":"Calle Durango"},"geometry":{"type":"LineString","coordinates":[[-99.15734,19.42184],[-99.1566,19.42201]]}},{"type":"Feature","properties":{"c":"minor","n":"Calle Durango"},"geometry":{"type":"LineString","coordinates":[[-99.1566,19.42201],[-99.15563,19.42222]]}},{"type":"Feature","properties":{"c":"minor","n":"Calle Morelia"},"geometry":{"type":"LineString","coordinates":[[-99.15642,19.42517],[-99.15632,19.42496],[-99.15624,19.42465],[-99.1561,19.42409],[-99.15604,19.42383]]}},{"type":"Feature","properties":{"c":"minor","n":"Calle Morelia"},"geometry":{"type":"LineString","coordinates":[[-99.15604,19.42383],[-99.15588,19.42319]]}},{"type":"Feature","properties":{"c":"minor","n":"Calle Morelia"},"geometry":{"type":"LineString","coordinates":[[-99.15588,19.42319],[-99.15563,19.42222]]}},{"type":"Feature","properties":{"c":"minor","n":"Calle Morelia"},"geometry":{"type":"LineString","coordinates":[[-99.15491,19.41932],[-99.15487,19.41915]]}},{"type":"Feature","properties":{"c":"minor","n":"Calle Guanajuato"},"geometry":{"type":"LineString","coordinates":[[-99.15965,19.41682],[-99.15986,19.41677]]}},{"type":"Feature","properties":{"c":"minor","n":"Calle Guanajuato"},"geometry":{"type":"LineString","coordinates":[[-99.15986,19.41677],[-99.16077,19.41659]]}},{"type":"Feature","properties":{"c":"minor","n":"Calle Guanajuato"},"geometry":{"type":"LineString","coordinates":[[-99.16077,19.41659],[-99.16219,19.41631]]}},{"type":"Feature","properties":{"c":"minor","n":"Calle Tonalá"},"geometry":{"type":"LineString","coordinates":[[-99.16358,19.42132],[-99.1635,19.42133],[-99.16347,19.42132],[-99.16346,19.42131],[-99.16323,19.42049]]}},{"type":"Feature","properties":{"c":"minor","n":"Calle Tonalá"},"geometry":{"type":"LineString","coordinates":[[-99.16323,19.42049],[-99.16311,19.41995]]}},{"type":"Feature","properties":{"c":"minor","n":"Calle Tonalá"},"geometry":{"type":"LineString","coordinates":[[-99.16311,19.41995],[-99.16307,19.41979]]}},{"type":"Feature","properties":{"c":"minor","n":"Calle Tonalá"},"geometry":{"type":"LineString","coordinates":[[-99.16307,19.41979],[-99.16293,19.41923]]}},{"type":"Feature","properties":{"c":"minor","n":"Calle Tonalá"},"geometry":{"type":"LineString","coordinates":[[-99.16293,19.41923],[-99.16283,19.4188]]}},{"type":"Feature","properties":{"c":"minor","n":"Calle Tonalá"},"geometry":{"type":"LineString","coordinates":[[-99.16283,19.4188],[-99.16277,19.41854]]}},{"type":"Feature","properties":{"c":"minor","n":"Calle Tonalá"},"geometry":{"type":"LineString","coordinates":[[-99.16277,19.41854],[-99.16258,19.41785]]}},{"type":"Feature","properties":{"c":"minor","n":"Calle Tonalá"},"geometry":{"type":"LineString","coordinates":[[-99.16219,19.41631],[-99.16199,19.41537]]}},{"type":"Feature","properties":{"c":"minor","n":"Calle Zacatecas"},"geometry":{"type":"LineString","coordinates":[[-99.16199,19.41537],[-99.16125,19.41551]]}},{"type":"Feature","properties":{"c":"minor","n":"Calle Zacatecas"},"geometry":{"type":"LineString","coordinates":[[-99.16125,19.41551],[-99.16053,19.41566]]}},{"type":"Feature","properties":{"c":"minor","n":"Calle Zacatecas"},"geometry":{"type":"LineString","coordinates":[[-99.16053,19.41566],[-99.15935,19.41589]]}},{"type":"Feature","properties":{"c":"major","n":"Calle Orizaba"},"geometry":{"type":"LineString","coordinates":[[-99.15806,19.41171],[-99.15807,19.41179]]}},{"type":"Feature","properties":{"c":"major","n":"Calle Orizaba"},"geometry":{"type":"LineString","coordinates":[[-99.15807,19.41179],[-99.15819,19.41221]]}},{"type":"Feature","properties":{"c":"minor","n":"Calle Coahuila"},"geometry":{"type":"LineString","coordinates":[[-99.15478,19.41287],[-99.15496,19.41283]]}},{"type":"Feature","properties":{"c":"minor","n":"Calle Coahuila"},"geometry":{"type":"LineString","coordinates":[[-99.15496,19.41283],[-99.15582,19.41264]]}},{"type":"Feature","properties":{"c":"minor","n":"Calle Coahuila"},"geometry":{"type":"LineString","coordinates":[[-99.15582,19.41264],[-99.1565,19.4125]]}},{"type":"Feature","properties":{"c":"minor","n":"Calle Coahuila"},"geometry":{"type":"LineString","coordinates":[[-99.1565,19.4125],[-99.15702,19.4124]]}},{"type":"Feature","properties":{"c":"minor","n":"Calle Coahuila"},"geometry":{"type":"LineString","coordinates":[[-99.15702,19.4124],[-99.15819,19.41221]]}},{"type":"Feature","properties":{"c":"minor","n":"Calle Coahuila"},"geometry":{"type":"LineString","coordinates":[[-99.15819,19.41221],[-99.15827,19.41219]]}},{"type":"Feature","properties":{"c":"major","n":"Calle Orizaba"},"geometry":{"type":"LineString","coordinates":[[-99.15879,19.41427],[-99.1585,19.41316]]}},{"type":"Feature","properties":{"c":"major","n":"Calle Orizaba"},"geometry":{"type":"LineString","coordinates":[[-99.1585,19.41316],[-99.15827,19.41219]]}},{"type":"Feature","properties":{"c":"major","n":"Calle Orizaba"},"geometry":{"type":"LineString","coordinates":[[-99.15899,19.41508],[-99.15879,19.41427]]}},{"type":"Feature","properties":{"c":"major","n":"Calle Orizaba"},"geometry":{"type":"LineString","coordinates":[[-99.15968,19.41819],[-99.15973,19.4184]]}},{"type":"Feature","properties":{"c":"major","n":"Calle Orizaba"},"geometry":{"type":"LineString","coordinates":[[-99.15973,19.4184],[-99.15975,19.41848],[-99.15993,19.41915]]}},{"type":"Feature","properties":{"c":"major","n":"Calle Orizaba"},"geometry":{"type":"LineString","coordinates":[[-99.15993,19.41915],[-99.1601,19.41987]]}},{"type":"Feature","properties":{"c":"major","n":"Calle Orizaba"},"geometry":{"type":"LineString","coordinates":[[-99.1601,19.41987],[-99.16024,19.42052],[-99.16024,19.42054],[-99.16023,19.42057],[-99.1602,19.4206]]}},{"type":"Feature","properties":{"c":"major","n":"Calle Orizaba"},"geometry":{"type":"LineString","coordinates":[[-99.15981,19.41838],[-99.15976,19.41818]]}},{"type":"Feature","properties":{"c":"major","n":"Calle Orizaba"},"geometry":{"type":"LineString","coordinates":[[-99.15976,19.41818],[-99.15975,19.41813],[-99.15974,19.41809],[-99.15959,19.4175]]}},{"type":"Feature","properties":{"c":"major","n":"Calle Orizaba"},"geometry":{"type":"LineString","coordinates":[[-99.15959,19.4175],[-99.15945,19.41695],[-99.15945,19.41691],[-99.15945,19.41688],[-99.15947,19.41686]]}},{"type":"Feature","properties":{"c":"major","n":"Avenida Monterrey"},"geometry":{"type":"LineString","coordinates":[[-99.1641,19.41732],[-99.16416,19.41754]]}},{"type":"Feature","properties":{"c":"major","n":"Avenida Monterrey"},"geometry":{"type":"LineString","coordinates":[[-99.16416,19.41754],[-99.16431,19.41821]]}},{"type":"Feature","properties":{"c":"minor","n":"Calle Tonalá"},"geometry":{"type":"LineString","coordinates":[[-99.16258,19.41785],[-99.16253,19.41763]]}},{"type":"Feature","properties":{"c":"minor","n":"Calle Tonalá"},"geometry":{"type":"LineString","coordinates":[[-99.16253,19.41763],[-99.16251,19.41758],[-99.16235,19.41696]]}},{"type":"Feature","properties":{"c":"minor","n":"Calle Tonalá"},"geometry":{"type":"LineString","coordinates":[[-99.16235,19.41696],[-99.16219,19.41631]]}},{"type":"Feature","properties":{"c":"minor","n":"Calle Jalapa"},"geometry":{"type":"LineString","coordinates":[[-99.16039,19.4151],[-99.16053,19.41566]]}},{"type":"Feature","properties":{"c":"minor","n":"Calle Jalapa"},"geometry":{"type":"LineString","coordinates":[[-99.16053,19.41566],[-99.16077,19.41659]]}},{"type":"Feature","properties":{"c":"minor","n":"Calle Jalapa"},"geometry":{"type":"LineString","coordinates":[[-99.16077,19.41659],[-99.16093,19.41723]]}},{"type":"Feature","properties":{"c":"minor","n":"Calle Jalapa"},"geometry":{"type":"LineString","coordinates":[[-99.16093,19.41723],[-99.16109,19.41786],[-99.1611,19.41791]]}},{"type":"Feature","properties":{"c":"minor","n":"Calle Jalapa"},"geometry":{"type":"LineString","coordinates":[[-99.1611,19.41791],[-99.16116,19.41811]]}},{"type":"Feature","properties":{"c":"minor","n":"Calle Córdoba"},"geometry":{"type":"LineString","coordinates":[[-99.15999,19.42429],[-99.15985,19.42377]]}},{"type":"Feature","properties":{"c":"minor","n":"Calle Córdoba"},"geometry":{"type":"LineString","coordinates":[[-99.15985,19.42377],[-99.15965,19.42301]]}},{"type":"Feature","properties":{"c":"minor","n":"Calle Córdoba"},"geometry":{"type":"LineString","coordinates":[[-99.15965,19.42301],[-99.15926,19.42138]]}},{"type":"Feature","properties":{"c":"minor","n":"Calle Córdoba"},"geometry":{"type":"LineString","coordinates":[[-99.15926,19.42138],[-99.15894,19.42013]]}},{"type":"Feature","properties":{"c":"minor","n":"Calle Córdoba"},"geometry":{"type":"LineString","coordinates":[[-99.15894,19.42013],[-99.15875,19.41939]]}},{"type":"Feature","properties":{"c":"minor","n":"Calle Córdoba"},"geometry":{"type":"LineString","coordinates":[[-99.15875,19.41939],[-99.15856,19.41862]]}},{"type":"Feature","properties":{"c":"minor","n":"Calle Córdoba"},"geometry":{"type":"LineString","coordinates":[[-99.15856,19.41862],[-99.15851,19.41842]]}},{"type":"Feature","properties":{"c":"minor","n":"Calle Mérida"},"geometry":{"type":"LineString","coordinates":[[-99.15732,19.41866],[-99.15738,19.41886]]}},{"type":"Feature","properties":{"c":"minor","n":"Calle Mérida"},"geometry":{"type":"LineString","coordinates":[[-99.15738,19.41886],[-99.15742,19.41906]]}},{"type":"Feature","properties":{"c":"minor","n":"Calle Mérida"},"geometry":{"type":"LineString","coordinates":[[-99.15742,19.41906],[-99.15757,19.41964]]}},{"type":"Feature","properties":{"c":"minor","n":"Calle Mérida"},"geometry":{"type":"LineString","coordinates":[[-99.15757,19.41964],[-99.15776,19.4204]]}},{"type":"Feature","properties":{"c":"minor","n":"Calle Mérida"},"geometry":{"type":"LineString","coordinates":[[-99.15776,19.4204],[-99.15795,19.42115]]}},{"type":"Feature","properties":{"c":"minor","n":"Calle Mérida"},"geometry":{"type":"LineString","coordinates":[[-99.15795,19.42115],[-99.15808,19.42166]]}},{"type":"Feature","properties":{"c":"minor","n":"Calle Durango"},"geometry":{"type":"LineString","coordinates":[[-99.16323,19.42049],[-99.16253,19.42066]]}},{"type":"Feature","properties":{"c":"minor","n":"Calle Durango"},"geometry":{"type":"LineString","coordinates":[[-99.16253,19.42066],[-99.16184,19.42082]]}},{"type":"Feature","properties":{"c":"minor","n":"Calle Jalapa"},"geometry":{"type":"LineString","coordinates":[[-99.16184,19.42082],[-99.16195,19.42125]]}},{"type":"Feature","properties":{"c":"minor","n":"Calle Jalapa"},"geometry":{"type":"LineString","coordinates":[[-99.16195,19.42125],[-99.16214,19.42199]]}},{"type":"Feature","properties":{"c":"minor","n":"Calle Jalapa"},"geometry":{"type":"LineString","coordinates":[[-99.16214,19.42199],[-99.16225,19.42242]]}},{"type":"Feature","properties":{"c":"minor","n":"Calle Colima"},"geometry":{"type":"LineString","coordinates":[[-99.16429,19.41892],[-99.16293,19.41923]]}},{"type":"Feature","properties":{"c":"minor","n":"Calle Colima"},"geometry":{"type":"LineString","coordinates":[[-99.16293,19.41923],[-99.16243,19.41935],[-99.16152,19.41956]]}},{"type":"Feature","properties":{"c":"minor","n":"Calle Colima"},"geometry":{"type":"LineString","coordinates":[[-99.16152,19.41956],[-99.16076,19.41972],[-99.16019,19.41985]]}},{"type":"Feature","properties":{"c":"minor","n":"Calle Colima"},"geometry":{"type":"LineString","coordinates":[[-99.16019,19.41985],[-99.1601,19.41987]]}},{"type":"Feature","properties":{"c":"minor","n":"Calle Colima"},"geometry":{"type":"LineString","coordinates":[[-99.1601,19.41987],[-99.15894,19.42013]]}},{"type":"Feature","properties":{"c":"minor","n":"Calle Colima"},"geometry":{"type":"LineString","coordinates":[[-99.15533,19.42096],[-99.15526,19.42098]]}},{"type":"Feature","properties":{"c":"minor","n":"Calle Colima"},"geometry":{"type":"LineString","coordinates":[[-99.15526,19.42098],[-99.15411,19.42124]]}},{"type":"Feature","properties":{"c":"minor","n":"Calle Morelia"},"geometry":{"type":"LineString","coordinates":[[-99.15563,19.42222],[-99.15552,19.42181]]}},{"type":"Feature","properties":{"c":"minor","n":"Calle Morelia"},"geometry":{"type":"LineString","coordinates":[[-99.15552,19.42181],[-99.15546,19.42154]]}},{"type":"Feature","properties":{"c":"minor","n":"Calle Morelia"},"geometry":{"type":"LineString","coordinates":[[-99.15546,19.42154],[-99.15533,19.42096]]}},{"type":"Feature","properties":{"c":"foot"},"geometry":{"type":"LineString","coordinates":[[-99.13434,19.43189],[-99.13432,19.43189],[-99.13362,19.4318],[-99.13359,19.4318]]}},{"type":"Feature","properties":{"c":"foot"},"geometry":{"type":"LineString","coordinates":[[-99.13358,19.43183],[-99.13351,19.43182],[-99.13346,19.43181]]}},{"type":"Feature","properties":{"c":"foot"},"geometry":{"type":"LineString","coordinates":[[-99.13346,19.43181],[-99.13341,19.43181],[-99.13332,19.4318]]}},{"type":"Feature","properties":{"c":"foot"},"geometry":{"type":"LineString","coordinates":[[-99.13446,19.43202],[-99.13434,19.43213],[-99.13419,19.43312],[-99.13423,19.43313]]}},{"type":"Feature","properties":{"c":"foot"},"geometry":{"type":"LineString","coordinates":[[-99.13423,19.43313],[-99.13517,19.43327],[-99.13525,19.43272]]}},{"type":"Feature","properties":{"c":"foot"},"geometry":{"type":"LineString","coordinates":[[-99.13525,19.43272],[-99.13526,19.43266]]}},{"type":"Feature","properties":{"c":"foot"},"geometry":{"type":"LineString","coordinates":[[-99.13526,19.43266],[-99.13534,19.43214]]}},{"type":"Feature","properties":{"c":"foot"},"geometry":{"type":"LineString","coordinates":[[-99.13534,19.43214],[-99.13492,19.43209]]}},{"type":"Feature","properties":{"c":"foot"},"geometry":{"type":"LineString","coordinates":[[-99.13492,19.43209],[-99.13452,19.43203]]}},{"type":"Feature","properties":{"c":"foot"},"geometry":{"type":"LineString","coordinates":[[-99.13452,19.43203],[-99.13446,19.43202]]}},{"type":"Feature","properties":{"c":"foot"},"geometry":{"type":"LineString","coordinates":[[-99.13429,19.43197],[-99.13431,19.43198],[-99.13436,19.43199]]}},{"type":"Feature","properties":{"c":"foot"},"geometry":{"type":"LineString","coordinates":[[-99.13436,19.43199],[-99.13439,19.432],[-99.13446,19.43202]]}},{"type":"Feature","properties":{"c":"foot"},"geometry":{"type":"LineString","coordinates":[[-99.13394,19.43401],[-99.13403,19.43403]]}},{"type":"Feature","properties":{"c":"foot"},"geometry":{"type":"LineString","coordinates":[[-99.13403,19.43403],[-99.1341,19.43404],[-99.13411,19.43398]]}},{"type":"Feature","properties":{"c":"foot"},"geometry":{"type":"LineString","coordinates":[[-99.13411,19.43398],[-99.13411,19.43397]]}},{"type":"Feature","properties":{"c":"foot"},"geometry":{"type":"LineString","coordinates":[[-99.1324,19.43164],[-99.13239,19.43164],[-99.13233,19.43163]]}},{"type":"Feature","properties":{"c":"foot"},"geometry":{"type":"LineString","coordinates":[[-99.13233,19.43163],[-99.13225,19.43162]]}},{"type":"Feature","properties":{"c":"foot"},"geometry":{"type":"LineString","coordinates":[[-99.13112,19.4315],[-99.13109,19.4315]]}},{"type":"Feature","properties":{"c":"foot"},"geometry":{"type":"LineString","coordinates":[[-99.13109,19.4315],[-99.13106,19.4315]]}},{"type":"Feature","properties":{"c":"foot"},"geometry":{"type":"LineString","coordinates":[[-99.13219,19.43173],[-99.1302,19.43151]]}},{"type":"Feature","properties":{"c":"foot"},"geometry":{"type":"LineString","coordinates":[[-99.1302,19.43151],[-99.13008,19.43253],[-99.12998,19.43331],[-99.13108,19.43343]]}},{"type":"Feature","properties":{"c":"foot"},"geometry":{"type":"LineString","coordinates":[[-99.13108,19.43343],[-99.13183,19.43352],[-99.13188,19.43355],[-99.13195,19.43355]]}},{"type":"Feature","properties":{"c":"foot"},"geometry":{"type":"LineString","coordinates":[[-99.13195,19.43355],[-99.132,19.4332]]}},{"type":"Feature","properties":{"c":"foot"},"geometry":{"type":"LineString","coordinates":[[-99.132,19.4332],[-99.13208,19.43257],[-99.13211,19.43231]]}},{"type":"Feature","properties":{"c":"foot"},"geometry":{"type":"LineString","coordinates":[[-99.13211,19.43231],[-99.13215,19.432],[-99.13219,19.43173]]}},{"type":"Feature","properties":{"c":"foot"},"geometry":{"type":"LineString","coordinates":[[-99.1302,19.43151],[-99.13018,19.4315],[-99.13015,19.4315]]}},{"type":"Feature","properties":{"c":"foot"},"geometry":{"type":"LineString","coordinates":[[-99.13015,19.4315],[-99.12913,19.43136],[-99.12811,19.43123],[-99.12725,19.43111],[-99.12701,19.4311]]}},{"type":"Feature","properties":{"c":"foot"},"geometry":{"type":"LineString","coordinates":[[-99.12495,19.43079],[-99.12536,19.43083],[-99.12592,19.43088],[-99.12701,19.431],[-99.12726,19.43102],[-99.12812,19.43114],[-99.12965,19.43134]]}},{"type":"Feature","properties":{"c":"foot"},"geometry":{"type":"LineString","coordinates":[[-99.12965,19.43134],[-99.13016,19.43139]]}},{"type":"Feature","properties":{"c":"foot"},"geometry":{"type":"LineString","coordinates":[[-99.13016,19.43139],[-99.13021,19.4314],[-99.13022,19.4314]]}},{"type":"Feature","properties":{"c":"foot"},"geometry":{"type":"LineString","coordinates":[[-99.16282,19.34869],[-99.16274,19.34895]]}},{"type":"Feature","properties":{"c":"foot"},"geometry":{"type":"LineString","coordinates":[[-99.16274,19.34895],[-99.16263,19.34934]]}},{"type":"Feature","properties":{"c":"foot"},"geometry":{"type":"LineString","coordinates":[[-99.14048,19.43622],[-99.14047,19.43631]]}},{"type":"Feature","properties":{"c":"minor"},"geometry":{"type":"LineString","coordinates":[[-99.15482,19.41566],[-99.15501,19.41562]]}},{"type":"Feature","properties":{"c":"minor"},"geometry":{"type":"LineString","coordinates":[[-99.15468,19.41569],[-99.15482,19.41566]]}},{"type":"Feature","properties":{"c":"minor"},"geometry":{"type":"LineString","coordinates":[[-99.15454,19.41558],[-99.15469,19.41555]]}},{"type":"Feature","properties":{"c":"minor"},"geometry":{"type":"LineString","coordinates":[[-99.15495,19.41537],[-99.15479,19.41541]]}},{"type":"Feature","properties":{"c":"minor"},"geometry":{"type":"LineString","coordinates":[[-99.15479,19.41541],[-99.15469,19.41543]]}},{"type":"Feature","properties":{"c":"minor"},"geometry":{"type":"LineString","coordinates":[[-99.15481,19.41552],[-99.15497,19.41549]]}},{"type":"Feature","properties":{"c":"minor"},"geometry":{"type":"LineString","coordinates":[[-99.15469,19.41555],[-99.15481,19.41552]]}},{"type":"Feature","properties":{"c":"minor","n":"Calle Doctor J. Navarro"},"geometry":{"type":"LineString","coordinates":[[-99.15315,19.42115],[-99.15207,19.42104],[-99.15024,19.42084],[-99.15018,19.42083]]}},{"type":"Feature","properties":{"c":"major","n":"Calle Doctor Ildelfonso Velasco"},"geometry":{"type":"LineString","coordinates":[[-99.15038,19.41946],[-99.15044,19.41946],[-99.15227,19.4196],[-99.15326,19.41968]]}},{"type":"Feature","properties":{"c":"major","n":"Calle Doctor Ildelfonso Velasco"},"geometry":{"type":"LineString","coordinates":[[-99.15326,19.41968],[-99.15408,19.41973]]}},{"type":"Feature","properties":{"c":"minor"},"geometry":{"type":"LineString","coordinates":[[-99.16773,19.40898],[-99.16766,19.40893],[-99.16762,19.40891]]}},{"type":"Feature","properties":{"c":"minor"},"geometry":{"type":"LineString","coordinates":[[-99.16786,19.40898],[-99.16798,19.40906]]}},{"type":"Feature","properties":{"c":"minor"},"geometry":{"type":"LineString","coordinates":[[-99.16765,19.40884],[-99.16768,19.40886],[-99.16773,19.4089],[-99.16777,19.40893]]}},{"type":"Feature","properties":{"c":"minor"},"geometry":{"type":"LineString","coordinates":[[-99.16777,19.40893],[-99.16786,19.40898]]}},{"type":"Feature","properties":{"c":"minor"},"geometry":{"type":"LineString","coordinates":[[-99.1679,19.40909],[-99.16779,19.40902]]}},{"type":"Feature","properties":{"c":"minor"},"geometry":{"type":"LineString","coordinates":[[-99.16779,19.40902],[-99.16773,19.40898]]}},{"type":"Feature","properties":{"c":"minor"},"geometry":{"type":"LineString","coordinates":[[-99.15556,19.41576],[-99.15554,19.41565],[-99.1555,19.41544]]}},{"type":"Feature","properties":{"c":"minor"},"geometry":{"type":"LineString","coordinates":[[-99.15478,19.41465],[-99.15486,19.41464],[-99.15506,19.41459]]}},{"type":"Feature","properties":{"c":"minor"},"geometry":{"type":"LineString","coordinates":[[-99.15473,19.41342],[-99.15485,19.4134],[-99.15508,19.41336]]}},{"type":"Feature","properties":{"c":"foot"},"geometry":{"type":"LineString","coordinates":[[-99.15735,19.4093],[-99.15728,19.40931],[-99.15716,19.40934]]}},{"type":"Feature","properties":{"c":"foot"},"geometry":{"type":"LineString","coordinates":[[-99.15738,19.40942],[-99.15718,19.40946]]}},{"type":"Feature","properties":{"c":"major","n":"Avenida Chapultepec"},"geometry":{"type":"LineString","coordinates":[[-99.16234,19.42374],[-99.1623,19.42376],[-99.16227,19.42378],[-99.16221,19.42381]]}},{"type":"Feature","properties":{"c":"minor"},"geometry":{"type":"LineString","coordinates":[[-99.15351,19.4159],[-99.15351,19.41581],[-99.15352,19.41568]]}},{"type":"Feature","properties":{"c":"minor"},"geometry":{"type":"LineString","coordinates":[[-99.15622,19.41563],[-99.15619,19.41552],[-99.15614,19.41526]]}},{"type":"Feature","properties":{"c":"foot"},"geometry":{"type":"LineString","coordinates":[[-99.15472,19.4168],[-99.1545,19.41608]]}},{"type":"Feature","properties":{"c":"minor"},"geometry":{"type":"LineString","coordinates":[[-99.15488,19.41388],[-99.15488,19.4138],[-99.15489,19.41352],[-99.1549,19.41351],[-99.15507,19.41348]]}},{"type":"Feature","properties":{"c":"minor"},"geometry":{"type":"LineString","coordinates":[[-99.15552,19.41665],[-99.15551,19.41657],[-99.15548,19.41647]]}},{"type":"Feature","properties":{"c":"minor"},"geometry":{"type":"LineString","coordinates":[[-99.15645,19.41646],[-99.15647,19.41656],[-99.15653,19.41688]]}},{"type":"Feature","properties":{"c":"foot"},"geometry":{"type":"LineString","coordinates":[[-99.15796,19.40957],[-99.15833,19.4095]]}},{"type":"Feature","properties":{"c":"minor"},"geometry":{"type":"LineString","coordinates":[[-99.16527,19.41566],[-99.16524,19.41565],[-99.16514,19.41562]]}},{"type":"Feature","properties":{"c":"minor","n":"Avenida 16 de Septiembre"},"geometry":{"type":"LineString","coordinates":[[-99.13437,19.43195],[-99.1344,19.43196],[-99.13447,19.43197]]}},{"type":"Feature","properties":{"c":"minor","n":"Avenida 16 de Septiembre"},"geometry":{"type":"LineString","coordinates":[[-99.13447,19.43197],[-99.13493,19.43203]]}},{"type":"Feature","properties":{"c":"minor","n":"Avenida 16 de Septiembre"},"geometry":{"type":"LineString","coordinates":[[-99.13493,19.43203],[-99.13497,19.43203]]}},{"type":"Feature","properties":{"c":"major","n":"Avenida Chapultepec"},"geometry":{"type":"LineString","coordinates":[[-99.16718,19.42282],[-99.16729,19.4228]]}},{"type":"Feature","properties":{"c":"major","n":"Avenida Chapultepec"},"geometry":{"type":"LineString","coordinates":[[-99.16729,19.4228],[-99.16778,19.42269]]}},{"type":"Feature","properties":{"c":"major","n":"Avenida Chapultepec"},"geometry":{"type":"LineString","coordinates":[[-99.16778,19.42269],[-99.16835,19.42256]]}},{"type":"Feature","properties":{"c":"major"},"geometry":{"type":"LineString","coordinates":[[-99.1678,19.42276],[-99.16778,19.42269]]}},{"type":"Feature","properties":{"c":"major","n":"Avenida Chapultepec"},"geometry":{"type":"LineString","coordinates":[[-99.1657,19.42322],[-99.16584,19.42318]]}},{"type":"Feature","properties":{"c":"major","n":"Avenida Chapultepec"},"geometry":{"type":"LineString","coordinates":[[-99.16584,19.42318],[-99.1663,19.42309]]}},{"type":"Feature","properties":{"c":"major","n":"Avenida Chapultepec"},"geometry":{"type":"LineString","coordinates":[[-99.1663,19.42309],[-99.16689,19.42296]]}},{"type":"Feature","properties":{"c":"major","n":"Avenida Chapultepec"},"geometry":{"type":"LineString","coordinates":[[-99.16689,19.42296],[-99.16699,19.42293],[-99.16704,19.42292],[-99.16708,19.42291]]}},{"type":"Feature","properties":{"c":"major","n":"Avenida Chapultepec"},"geometry":{"type":"LineString","coordinates":[[-99.16708,19.42291],[-99.16718,19.42289]]}},{"type":"Feature","properties":{"c":"major","n":"Avenida Chapultepec"},"geometry":{"type":"LineString","coordinates":[[-99.16718,19.42289],[-99.1673,19.42287]]}},{"type":"Feature","properties":{"c":"major","n":"Avenida Chapultepec"},"geometry":{"type":"LineString","coordinates":[[-99.1673,19.42287],[-99.1678,19.42276]]}},{"type":"Feature","properties":{"c":"major","n":"Avenida Chapultepec"},"geometry":{"type":"LineString","coordinates":[[-99.1678,19.42276],[-99.16834,19.42264],[-99.16852,19.42258],[-99.16857,19.42257],[-99.1686,19.42256]]}},{"type":"Feature","properties":{"c":"major","n":"Avenida Chapultepec"},"geometry":{"type":"LineString","coordinates":[[-99.1686,19.42256],[-99.16869,19.42253]]}},{"type":"Feature","properties":{"c":"foot"},"geometry":{"type":"LineString","coordinates":[[-99.17165,19.4216],[-99.17164,19.42156]]}},{"type":"Feature","properties":{"c":"foot"},"geometry":{"type":"LineString","coordinates":[[-99.17164,19.42156],[-99.17163,19.42152],[-99.17162,19.42149]]}},{"type":"Feature","properties":{"c":"foot"},"geometry":{"type":"LineString","coordinates":[[-99.17166,19.42164],[-99.17165,19.42162]]}},{"type":"Feature","properties":{"c":"foot"},"geometry":{"type":"LineString","coordinates":[[-99.17165,19.42162],[-99.17165,19.4216]]}},{"type":"Feature","properties":{"c":"foot"},"geometry":{"type":"LineString","coordinates":[[-99.17167,19.4217],[-99.17166,19.42167]]}},{"type":"Feature","properties":{"c":"foot"},"geometry":{"type":"LineString","coordinates":[[-99.17166,19.42167],[-99.17166,19.42164]]}},{"type":"Feature","properties":{"c":"foot"},"geometry":{"type":"LineString","coordinates":[[-99.17168,19.42175],[-99.17167,19.4217]]}},{"type":"Feature","properties":{"c":"foot"},"geometry":{"type":"LineString","coordinates":[[-99.1717,19.42181],[-99.17169,19.42178]]}},{"type":"Feature","properties":{"c":"foot"},"geometry":{"type":"LineString","coordinates":[[-99.17169,19.42178],[-99.17168,19.42175]]}},{"type":"Feature","properties":{"c":"foot"},"geometry":{"type":"LineString","coordinates":[[-99.1717,19.42184],[-99.1717,19.42181]]}},{"type":"Feature","properties":{"c":"foot"},"geometry":{"type":"LineString","coordinates":[[-99.17153,19.42163],[-99.17152,19.42158]]}},{"type":"Feature","properties":{"c":"foot"},"geometry":{"type":"LineString","coordinates":[[-99.17152,19.42158],[-99.17151,19.42156],[-99.1715,19.42152]]}},{"type":"Feature","properties":{"c":"foot"},"geometry":{"type":"LineString","coordinates":[[-99.17162,19.42163],[-99.17154,19.42165]]}},{"type":"Feature","properties":{"c":"foot"},"geometry":{"type":"LineString","coordinates":[[-99.17154,19.42165],[-99.17153,19.42163]]}},{"type":"Feature","properties":{"c":"foot"},"geometry":{"type":"LineString","coordinates":[[-99.17165,19.42162],[-99.17162,19.42163]]}},{"type":"Feature","properties":{"c":"foot"},"geometry":{"type":"LineString","coordinates":[[-99.17038,19.42214],[-99.17039,19.42216]]}},{"type":"Feature","properties":{"c":"foot"},"geometry":{"type":"LineString","coordinates":[[-99.17039,19.42216],[-99.17039,19.42221],[-99.1704,19.42224]]}},{"type":"Feature","properties":{"c":"foot"},"geometry":{"type":"LineString","coordinates":[[-99.17038,19.42214],[-99.17038,19.42211]]}},{"type":"Feature","properties":{"c":"foot"},"geometry":{"type":"LineString","coordinates":[[-99.17038,19.42211],[-99.17037,19.42207]]}},{"type":"Feature","properties":{"c":"foot"},"geometry":{"type":"LineString","coordinates":[[-99.17037,19.42207],[-99.17037,19.42204]]}},{"type":"Feature","properties":{"c":"foot"},"geometry":{"type":"LineString","coordinates":[[-99.17037,19.42204],[-99.17037,19.42199]]}},{"type":"Feature","properties":{"c":"foot"},"geometry":{"type":"LineString","coordinates":[[-99.17037,19.42199],[-99.17036,19.42196]]}},{"type":"Feature","properties":{"c":"foot"},"geometry":{"type":"LineString","coordinates":[[-99.17036,19.42196],[-99.17036,19.42193]]}},{"type":"Feature","properties":{"c":"foot"},"geometry":{"type":"LineString","coordinates":[[-99.17036,19.42193],[-99.17036,19.42189]]}},{"type":"Feature","properties":{"c":"foot"},"geometry":{"type":"LineString","coordinates":[[-99.17001,19.42197],[-99.17002,19.42192]]}},{"type":"Feature","properties":{"c":"foot"},"geometry":{"type":"LineString","coordinates":[[-99.17002,19.42192],[-99.17002,19.42188],[-99.17002,19.42185]]}},{"type":"Feature","properties":{"c":"foot"},"geometry":{"type":"LineString","coordinates":[[-99.17001,19.42197],[-99.17001,19.422]]}},{"type":"Feature","properties":{"c":"foot"},"geometry":{"type":"LineString","coordinates":[[-99.17001,19.422],[-99.17001,19.42204]]}},{"type":"Feature","properties":{"c":"foot"},"geometry":{"type":"LineString","coordinates":[[-99.17001,19.42204],[-99.17001,19.42207]]}},{"type":"Feature","properties":{"c":"foot"},"geometry":{"type":"LineString","coordinates":[[-99.17003,19.4222],[-99.17004,19.42224]]}},{"type":"Feature","properties":{"c":"foot"},"geometry":{"type":"LineString","coordinates":[[-99.17004,19.42224],[-99.17005,19.42228],[-99.17006,19.42232]]}},{"type":"Feature","properties":{"c":"foot"},"geometry":{"type":"LineString","coordinates":[[-99.17003,19.42218],[-99.17003,19.4222]]}},{"type":"Feature","properties":{"c":"foot"},"geometry":{"type":"LineString","coordinates":[[-99.17001,19.42207],[-99.17002,19.42212]]}},{"type":"Feature","properties":{"c":"foot"},"geometry":{"type":"LineString","coordinates":[[-99.16885,19.42222],[-99.16886,19.42217]]}},{"type":"Feature","properties":{"c":"foot"},"geometry":{"type":"LineString","coordinates":[[-99.16886,19.42217],[-99.16887,19.42214],[-99.16886,19.4221]]}},{"type":"Feature","properties":{"c":"foot"},"geometry":{"type":"LineString","coordinates":[[-99.16864,19.42242],[-99.16863,19.42246]]}},{"type":"Feature","properties":{"c":"foot"},"geometry":{"type":"LineString","coordinates":[[-99.16863,19.42246],[-99.16861,19.4225]]}},{"type":"Feature","properties":{"c":"foot"},"geometry":{"type":"LineString","coordinates":[[-99.1688,19.42247],[-99.16879,19.42251]]}},{"type":"Feature","properties":{"c":"foot"},"geometry":{"type":"LineString","coordinates":[[-99.16879,19.42251],[-99.16878,19.42255],[-99.16879,19.4226]]}},{"type":"Feature","properties":{"c":"foot"},"geometry":{"type":"LineString","coordinates":[[-99.1688,19.42245],[-99.1688,19.42247]]}},{"type":"Feature","properties":{"c":"foot"},"geometry":{"type":"LineString","coordinates":[[-99.16883,19.42237],[-99.16881,19.42241]]}},{"type":"Feature","properties":{"c":"foot"},"geometry":{"type":"LineString","coordinates":[[-99.16881,19.42241],[-99.1688,19.42245]]}},{"type":"Feature","properties":{"c":"foot"},"geometry":{"type":"LineString","coordinates":[[-99.16883,19.42233],[-99.16883,19.42237]]}},{"type":"Feature","properties":{"c":"foot"},"geometry":{"type":"LineString","coordinates":[[-99.16884,19.42226],[-99.16884,19.42229]]}},{"type":"Feature","properties":{"c":"foot"},"geometry":{"type":"LineString","coordinates":[[-99.16884,19.42229],[-99.16883,19.42233]]}},{"type":"Feature","properties":{"c":"foot"},"geometry":{"type":"LineString","coordinates":[[-99.16885,19.42222],[-99.16884,19.42226]]}},{"type":"Feature","properties":{"c":"foot"},"geometry":{"type":"LineString","coordinates":[[-99.16866,19.42226],[-99.16867,19.42222]]}},{"type":"Feature","properties":{"c":"foot"},"geometry":{"type":"LineString","coordinates":[[-99.16867,19.42222],[-99.16867,19.42218],[-99.16866,19.42214]]}},{"type":"Feature","properties":{"c":"foot"},"geometry":{"type":"LineString","coordinates":[[-99.16866,19.42226],[-99.16866,19.42231]]}},{"type":"Feature","properties":{"c":"foot"},"geometry":{"type":"LineString","coordinates":[[-99.16866,19.42231],[-99.16865,19.42233]]}},{"type":"Feature","properties":{"c":"foot"},"geometry":{"type":"LineString","coordinates":[[-99.16865,19.42233],[-99.16865,19.42236]]}},{"type":"Feature","properties":{"c":"foot"},"geometry":{"type":"LineString","coordinates":[[-99.16865,19.42236],[-99.16864,19.42239]]}},{"type":"Feature","properties":{"c":"foot"},"geometry":{"type":"LineString","coordinates":[[-99.16864,19.42239],[-99.16864,19.42242]]}},{"type":"Feature","properties":{"c":"foot"},"geometry":{"type":"LineString","coordinates":[[-99.16861,19.42252],[-99.1686,19.42256]]}},{"type":"Feature","properties":{"c":"foot"},"geometry":{"type":"LineString","coordinates":[[-99.1686,19.42256],[-99.1686,19.4226],[-99.16862,19.42264]]}},{"type":"Feature","properties":{"c":"foot"},"geometry":{"type":"LineString","coordinates":[[-99.16861,19.4225],[-99.16861,19.42252]]}},{"type":"Feature","properties":{"c":"foot"},"geometry":{"type":"LineString","coordinates":[[-99.1673,19.42276],[-99.16729,19.4228]]}},{"type":"Feature","properties":{"c":"foot"},"geometry":{"type":"LineString","coordinates":[[-99.16729,19.4228],[-99.16729,19.42283]]}},{"type":"Feature","properties":{"c":"foot"},"geometry":{"type":"LineString","coordinates":[[-99.16705,19.42261],[-99.16704,19.42257]]}},{"type":"Feature","properties":{"c":"foot"},"geometry":{"type":"LineString","coordinates":[[-99.16704,19.42257],[-99.16703,19.42254],[-99.16702,19.4225]]}},{"type":"Feature","properties":{"c":"foot"},"geometry":{"type":"LineString","coordinates":[[-99.1673,19.42256],[-99.1673,19.42252]]}},{"type":"Feature","properties":{"c":"foot"},"geometry":{"type":"LineString","coordinates":[[-99.1673,19.42252],[-99.1673,19.42248],[-99.1673,19.42244]]}},{"type":"Feature","properties":{"c":"foot"},"geometry":{"type":"LineString","coordinates":[[-99.1673,19.42256],[-99.16729,19.4226]]}},{"type":"Feature","properties":{"c":"foot"},"geometry":{"type":"LineString","coordinates":[[-99.16729,19.4226],[-99.16729,19.42263]]}},{"type":"Feature","properties":{"c":"foot"},"geometry":{"type":"LineString","coordinates":[[-99.16729,19.42263],[-99.16729,19.42266]]}},{"type":"Feature","properties":{"c":"foot"},"geometry":{"type":"LineString","coordinates":[[-99.16729,19.42266],[-99.16729,19.42268]]}},{"type":"Feature","properties":{"c":"foot"},"geometry":{"type":"LineString","coordinates":[[-99.16729,19.42268],[-99.1673,19.42276]]}},{"type":"Feature","properties":{"c":"foot"},"geometry":{"type":"LineString","coordinates":[[-99.16729,19.42284],[-99.1673,19.42287]]}},{"type":"Feature","properties":{"c":"foot"},"geometry":{"type":"LineString","coordinates":[[-99.1673,19.42287],[-99.16731,19.42291],[-99.16732,19.42294]]}},{"type":"Feature","properties":{"c":"foot"},"geometry":{"type":"LineString","coordinates":[[-99.16729,19.42283],[-99.16729,19.42284]]}},{"type":"Feature","properties":{"c":"foot"},"geometry":{"type":"LineString","coordinates":[[-99.16707,19.42289],[-99.16708,19.42291]]}},{"type":"Feature","properties":{"c":"foot"},"geometry":{"type":"LineString","coordinates":[[-99.16708,19.42291],[-99.16709,19.42296],[-99.1671,19.42299]]}},{"type":"Feature","properties":{"c":"foot"},"geometry":{"type":"LineString","coordinates":[[-99.16707,19.42287],[-99.16707,19.42289]]}},{"type":"Feature","properties":{"c":"foot"},"geometry":{"type":"LineString","coordinates":[[-99.16707,19.42281],[-99.16707,19.42284]]}},{"type":"Feature","properties":{"c":"foot"},"geometry":{"type":"LineString","coordinates":[[-99.16707,19.42284],[-99.16707,19.42287]]}},{"type":"Feature","properties":{"c":"foot"},"geometry":{"type":"LineString","coordinates":[[-99.16708,19.42271],[-99.16707,19.42281]]}},{"type":"Feature","properties":{"c":"foot"},"geometry":{"type":"LineString","coordinates":[[-99.16706,19.42265],[-99.16707,19.42268]]}},{"type":"Feature","properties":{"c":"foot"},"geometry":{"type":"LineString","coordinates":[[-99.16707,19.42268],[-99.16708,19.42271]]}},{"type":"Feature","properties":{"c":"foot"},"geometry":{"type":"LineString","coordinates":[[-99.16705,19.42261],[-99.16706,19.42265]]}},{"type":"Feature","properties":{"c":"foot"},"geometry":{"type":"LineString","coordinates":[[-99.1657,19.42292],[-99.16569,19.42287]]}},{"type":"Feature","properties":{"c":"foot"},"geometry":{"type":"LineString","coordinates":[[-99.16569,19.42287],[-99.16568,19.42284],[-99.16566,19.4228]]}},{"type":"Feature","properties":{"c":"foot"},"geometry":{"type":"LineString","coordinates":[[-99.16552,19.42303],[-99.16551,19.423]]}},{"type":"Feature","properties":{"c":"foot"},"geometry":{"type":"LineString","coordinates":[[-99.16551,19.423],[-99.1655,19.42297]]}},{"type":"Feature","properties":{"c":"foot"},"geometry":{"type":"LineString","coordinates":[[-99.16582,19.42314],[-99.16584,19.42318]]}},{"type":"Feature","properties":{"c":"foot"},"geometry":{"type":"LineString","coordinates":[[-99.16584,19.42318],[-99.16586,19.42321],[-99.16588,19.42325]]}},{"type":"Feature","properties":{"c":"foot"},"geometry":{"type":"LineString","coordinates":[[-99.16582,19.42314],[-99.16581,19.42312]]}},{"type":"Feature","properties":{"c":"foot"},"geometry":{"type":"LineString","coordinates":[[-99.16581,19.42312],[-99.16579,19.42309]]}},{"type":"Feature","properties":{"c":"foot"},"geometry":{"type":"LineString","coordinates":[[-99.16579,19.42309],[-99.16577,19.42306]]}},{"type":"Feature","properties":{"c":"foot"},"geometry":{"type":"LineString","coordinates":[[-99.16577,19.42306],[-99.16573,19.423]]}},{"type":"Feature","properties":{"c":"foot"},"geometry":{"type":"LineString","coordinates":[[-99.16573,19.423],[-99.16572,19.42296]]}},{"type":"Feature","properties":{"c":"foot"},"geometry":{"type":"LineString","coordinates":[[-99.16572,19.42296],[-99.16571,19.42294]]}},{"type":"Feature","properties":{"c":"foot"},"geometry":{"type":"LineString","coordinates":[[-99.16571,19.42294],[-99.1657,19.42292]]}},{"type":"Feature","properties":{"c":"foot"},"geometry":{"type":"LineString","coordinates":[[-99.16557,19.42321],[-99.16558,19.42325]]}},{"type":"Feature","properties":{"c":"foot"},"geometry":{"type":"LineString","coordinates":[[-99.16558,19.42325],[-99.16559,19.42328],[-99.1656,19.42331]]}},{"type":"Feature","properties":{"c":"foot"},"geometry":{"type":"LineString","coordinates":[[-99.16557,19.42321],[-99.16556,19.42317]]}},{"type":"Feature","properties":{"c":"foot"},"geometry":{"type":"LineString","coordinates":[[-99.16556,19.42317],[-99.16555,19.42314]]}},{"type":"Feature","properties":{"c":"foot"},"geometry":{"type":"LineString","coordinates":[[-99.16555,19.42314],[-99.16554,19.42311]]}},{"type":"Feature","properties":{"c":"foot"},"geometry":{"type":"LineString","coordinates":[[-99.16554,19.42311],[-99.16553,19.42307]]}},{"type":"Feature","properties":{"c":"foot"},"geometry":{"type":"LineString","coordinates":[[-99.16553,19.42307],[-99.16552,19.42303]]}},{"type":"Feature","properties":{"c":"foot"},"geometry":{"type":"LineString","coordinates":[[-99.1655,19.42297],[-99.16549,19.42294]]}},{"type":"Feature","properties":{"c":"foot"},"geometry":{"type":"LineString","coordinates":[[-99.16549,19.42294],[-99.16549,19.42291]]}},{"type":"Feature","properties":{"c":"foot"},"geometry":{"type":"LineString","coordinates":[[-99.16549,19.42291],[-99.16547,19.42286],[-99.16547,19.42285]]}},{"type":"Feature","properties":{"c":"foot"},"geometry":{"type":"LineString","coordinates":[[-99.16551,19.42307],[-99.16553,19.42307]]}},{"type":"Feature","properties":{"c":"foot"},"geometry":{"type":"LineString","coordinates":[[-99.16862,19.42239],[-99.16733,19.42267]]}},{"type":"Feature","properties":{"c":"foot"},"geometry":{"type":"LineString","coordinates":[[-99.16733,19.42267],[-99.16729,19.42268]]}},{"type":"Feature","properties":{"c":"foot"},"geometry":{"type":"LineString","coordinates":[[-99.16864,19.42239],[-99.16862,19.42239]]}},{"type":"Feature","properties":{"c":"minor"},"geometry":{"type":"LineString","coordinates":[[-99.16134,19.41288],[-99.16124,19.41286]]}},{"type":"Feature","properties":{"c":"minor"},"geometry":{"type":"LineString","coordinates":[[-99.1612,19.41275],[-99.16118,19.41266]]}},{"type":"Feature","properties":{"c":"foot"},"geometry":{"type":"LineString","coordinates":[[-99.13433,19.43193],[-99.13434,19.43189]]}},{"type":"Feature","properties":{"c":"foot"},"geometry":{"type":"LineString","coordinates":[[-99.13434,19.43189],[-99.13446,19.43113]]}},{"type":"Feature","properties":{"c":"foot"},"geometry":{"type":"LineString","coordinates":[[-99.13446,19.43113],[-99.1337,19.43102]]}},{"type":"Feature","properties":{"c":"foot"},"geometry":{"type":"LineString","coordinates":[[-99.1337,19.43102],[-99.1337,19.43103]]}},{"type":"Feature","properties":{"c":"foot"},"geometry":{"type":"LineString","coordinates":[[-99.1337,19.43103],[-99.13366,19.43131]]}},{"type":"Feature","properties":{"c":"foot"},"geometry":{"type":"LineString","coordinates":[[-99.13366,19.43131],[-99.13365,19.43135]]}},{"type":"Feature","properties":{"c":"foot"},"geometry":{"type":"LineString","coordinates":[[-99.13365,19.43135],[-99.13359,19.4318]]}},{"type":"Feature","properties":{"c":"foot"},"geometry":{"type":"LineString","coordinates":[[-99.13359,19.4318],[-99.13358,19.43183]]}},{"type":"Feature","properties":{"c":"foot"},"geometry":{"type":"LineString","coordinates":[[-99.13358,19.43183],[-99.13358,19.43188],[-99.13414,19.43195]]}},{"type":"Feature","properties":{"c":"foot"},"geometry":{"type":"LineString","coordinates":[[-99.13414,19.43195],[-99.13429,19.43197]]}},{"type":"Feature","properties":{"c":"foot"},"geometry":{"type":"LineString","coordinates":[[-99.13429,19.43197],[-99.13433,19.43193]]}},{"type":"Feature","properties":{"c":"minor","n":"Calle Venustiano Carranza"},"geometry":{"type":"LineString","coordinates":[[-99.13863,19.43167],[-99.13733,19.43147]]}},{"type":"Feature","properties":{"c":"minor","n":"Calle Venustiano Carranza"},"geometry":{"type":"LineString","coordinates":[[-99.13733,19.43147],[-99.13656,19.43136]]}},{"type":"Feature","properties":{"c":"minor","n":"Calle Venustiano Carranza"},"geometry":{"type":"LineString","coordinates":[[-99.13656,19.43136],[-99.13553,19.43122]]}},{"type":"Feature","properties":{"c":"minor","n":"Calle Venustiano Carranza"},"geometry":{"type":"LineString","coordinates":[[-99.13553,19.43122],[-99.13524,19.43118]]}},{"type":"Feature","properties":{"c":"minor","n":"Calle Venustiano Carranza"},"geometry":{"type":"LineString","coordinates":[[-99.13524,19.43118],[-99.13518,19.43117]]}},{"type":"Feature","properties":{"c":"minor","n":"Calle Venustiano Carranza"},"geometry":{"type":"LineString","coordinates":[[-99.13518,19.43117],[-99.13504,19.43115]]}},{"type":"Feature","properties":{"c":"minor","n":"Calle Venustiano Carranza"},"geometry":{"type":"LineString","coordinates":[[-99.13504,19.43115],[-99.1346,19.43109],[-99.13451,19.43107]]}},{"type":"Feature","properties":{"c":"minor","n":"Calle Venustiano Carranza"},"geometry":{"type":"LineString","coordinates":[[-99.13451,19.43107],[-99.13391,19.43099]]}},{"type":"Feature","properties":{"c":"foot"},"geometry":{"type":"LineString","coordinates":[[-99.13331,19.43185],[-99.13259,19.43175]]}},{"type":"Feature","properties":{"c":"foot"},"geometry":{"type":"LineString","coordinates":[[-99.13259,19.43175],[-99.13254,19.43174]]}},{"type":"Feature","properties":{"c":"foot"},"geometry":{"type":"LineString","coordinates":[[-99.13254,19.43174],[-99.13254,19.43172],[-99.13255,19.4317],[-99.13255,19.43166]]}},{"type":"Feature","properties":{"c":"foot"},"geometry":{"type":"LineString","coordinates":[[-99.13255,19.43166],[-99.13255,19.43164],[-99.13261,19.43131]]}},{"type":"Feature","properties":{"c":"foot"},"geometry":{"type":"LineString","coordinates":[[-99.13261,19.43131],[-99.13267,19.43087]]}},{"type":"Feature","properties":{"c":"foot"},"geometry":{"type":"LineString","coordinates":[[-99.13267,19.43087],[-99.13269,19.43087],[-99.13272,19.43088]]}},{"type":"Feature","properties":{"c":"foot"},"geometry":{"type":"LineString","coordinates":[[-99.13272,19.43088],[-99.13291,19.4309]]}},{"type":"Feature","properties":{"c":"foot"},"geometry":{"type":"LineString","coordinates":[[-99.13291,19.4309],[-99.13309,19.43093]]}},{"type":"Feature","properties":{"c":"foot"},"geometry":{"type":"LineString","coordinates":[[-99.13309,19.43093],[-99.13345,19.43098],[-99.13345,19.431]]}},{"type":"Feature","properties":{"c":"foot"},"geometry":{"type":"LineString","coordinates":[[-99.13345,19.431],[-99.13339,19.43138],[-99.13333,19.43176]]}},{"type":"Feature","properties":{"c":"foot"},"geometry":{"type":"LineString","coordinates":[[-99.13333,19.43176],[-99.13332,19.4318]]}},{"type":"Feature","properties":{"c":"foot"},"geometry":{"type":"LineString","coordinates":[[-99.13332,19.4318],[-99.13331,19.43185]]}},{"type":"Feature","properties":{"c":"foot"},"geometry":{"type":"LineString","coordinates":[[-99.13333,19.43176],[-99.1333,19.43176],[-99.1326,19.43166]]}},{"type":"Feature","properties":{"c":"foot"},"geometry":{"type":"LineString","coordinates":[[-99.1326,19.43166],[-99.13257,19.43166],[-99.13255,19.43166]]}},{"type":"Feature","properties":{"c":"foot"},"geometry":{"type":"LineString","coordinates":[[-99.13259,19.43175],[-99.1326,19.4317],[-99.1326,19.43166]]}},{"type":"Feature","properties":{"c":"foot"},"geometry":{"type":"LineString","coordinates":[[-99.1326,19.43166],[-99.13272,19.43089],[-99.13272,19.43088]]}},{"type":"Feature","properties":{"c":"minor","n":"Calle Venustiano Carranza"},"geometry":{"type":"LineString","coordinates":[[-99.13358,19.43095],[-99.13349,19.43094]]}},{"type":"Feature","properties":{"c":"minor","n":"Calle Venustiano Carranza"},"geometry":{"type":"LineString","coordinates":[[-99.13349,19.43094],[-99.1331,19.43088]]}},{"type":"Feature","properties":{"c":"minor","n":"Calle Venustiano Carranza"},"geometry":{"type":"LineString","coordinates":[[-99.1331,19.43088],[-99.13292,19.43086]]}},{"type":"Feature","properties":{"c":"minor","n":"Calle Venustiano Carranza"},"geometry":{"type":"LineString","coordinates":[[-99.13292,19.43086],[-99.13252,19.4308]]}},{"type":"Feature","properties":{"c":"minor","n":"Calle Venustiano Carranza"},"geometry":{"type":"LineString","coordinates":[[-99.13252,19.4308],[-99.13249,19.4308],[-99.13245,19.4308],[-99.13243,19.43079]]}},{"type":"Feature","properties":{"c":"minor","n":"Calle Venustiano Carranza"},"geometry":{"type":"LineString","coordinates":[[-99.13243,19.43079],[-99.13235,19.43078]]}},{"type":"Feature","properties":{"c":"foot"},"geometry":{"type":"LineString","coordinates":[[-99.13255,19.43085],[-99.13251,19.43085]]}},{"type":"Feature","properties":{"c":"foot"},"geometry":{"type":"LineString","coordinates":[[-99.13251,19.43085],[-99.13248,19.43084]]}},{"type":"Feature","properties":{"c":"foot"},"geometry":{"type":"LineString","coordinates":[[-99.16333,19.42308],[-99.16325,19.42321]]}},{"type":"Feature","properties":{"c":"foot"},"geometry":{"type":"LineString","coordinates":[[-99.16242,19.42357],[-99.16229,19.42352]]}},{"type":"Feature","properties":{"c":"foot"},"geometry":{"type":"LineString","coordinates":[[-99.16229,19.42352],[-99.16222,19.42351]]}},{"type":"Feature","properties":{"c":"foot"},"geometry":{"type":"LineString","coordinates":[[-99.16222,19.42351],[-99.16219,19.4235]]}},{"type":"Feature","properties":{"c":"foot"},"geometry":{"type":"LineString","coordinates":[[-99.16231,19.42304],[-99.16233,19.42312],[-99.16238,19.42316],[-99.16233,19.42321],[-99.16227,19.42329],[-99.16223,19.42337],[-99.1622,19.42346],[-99.16219,19.4235]]}},{"type":"Feature","properties":{"c":"foot"},"geometry":{"type":"LineString","coordinates":[[-99.16219,19.4235],[-99.16218,19.42357],[-99.16217,19.42366],[-99.16218,19.42374],[-99.16216,19.42377],[-99.16213,19.42378],[-99.16181,19.42385],[-99.16157,19.42391],[-99.16149,19.42393],[-99.16127,19.42396]]}},{"type":"Feature","properties":{"c":"foot","n":"Jalapa"},"geometry":{"type":"LineString","coordinates":[[-99.16248,19.42317],[-99.16259,19.42328]]}},{"type":"Feature","properties":{"c":"foot"},"geometry":{"type":"LineString","coordinates":[[-99.13242,19.43083],[-99.13248,19.43084]]}},{"type":"Feature","properties":{"c":"foot"},"geometry":{"type":"LineString","coordinates":[[-99.13255,19.43166],[-99.1325,19.43165]]}},{"type":"Feature","properties":{"c":"foot"},"geometry":{"type":"LineString","coordinates":[[-99.1325,19.43165],[-99.1324,19.43164]]}},{"type":"Feature","properties":{"c":"foot"},"geometry":{"type":"LineString","coordinates":[[-99.13255,19.43085],[-99.13267,19.43087]]}},{"type":"Feature","properties":{"c":"minor","n":"Calle República de El Salvador"},"geometry":{"type":"LineString","coordinates":[[-99.13259,19.42909],[-99.13212,19.42902]]}},{"type":"Feature","properties":{"c":"minor","n":"Calle República de El Salvador"},"geometry":{"type":"LineString","coordinates":[[-99.13212,19.42902],[-99.1317,19.42896]]}},{"type":"Feature","properties":{"c":"minor","n":"Calle República de El Salvador"},"geometry":{"type":"LineString","coordinates":[[-99.1317,19.42896],[-99.13056,19.4288]]}},{"type":"Feature","properties":{"c":"major"},"geometry":{"type":"LineString","coordinates":[[-99.16118,19.42403],[-99.1612,19.42395]]}},{"type":"Feature","properties":{"c":"minor","n":"Calle Varsovia"},"geometry":{"type":"LineString","coordinates":[[-99.16761,19.42377],[-99.16725,19.42305],[-99.16724,19.42301],[-99.16721,19.42296]]}},{"type":"Feature","properties":{"c":"minor","n":"Calle Varsovia"},"geometry":{"type":"LineString","coordinates":[[-99.16721,19.42296],[-99.16718,19.42289]]}},{"type":"Feature","properties":{"c":"minor","n":"Calle Amberes"},"geometry":{"type":"LineString","coordinates":[[-99.16452,19.42412],[-99.16428,19.42364]]}},{"type":"Feature","properties":{"c":"minor","n":"Calle Amberes"},"geometry":{"type":"LineString","coordinates":[[-99.16428,19.42364],[-99.16426,19.42357]]}},{"type":"Feature","properties":{"c":"minor"},"geometry":{"type":"LineString","coordinates":[[-99.17183,19.42185],[-99.17185,19.42194]]}},{"type":"Feature","properties":{"c":"minor"},"geometry":{"type":"LineString","coordinates":[[-99.17185,19.42194],[-99.17186,19.42197]]}},{"type":"Feature","properties":{"c":"foot"},"geometry":{"type":"LineString","coordinates":[[-99.17124,19.42214],[-99.17123,19.42214],[-99.17122,19.42215],[-99.1712,19.42216],[-99.17119,19.42216]]}},{"type":"Feature","properties":{"c":"foot"},"geometry":{"type":"LineString","coordinates":[[-99.17105,19.4221],[-99.17103,19.4221],[-99.17101,19.42211]]}},{"type":"Feature","properties":{"c":"foot"},"geometry":{"type":"LineString","coordinates":[[-99.17101,19.42211],[-99.171,19.42211],[-99.17095,19.42212]]}},{"type":"Feature","properties":{"c":"minor"},"geometry":{"type":"LineString","coordinates":[[-99.17097,19.42247],[-99.1709,19.42233],[-99.17088,19.42231]]}},{"type":"Feature","properties":{"c":"minor"},"geometry":{"type":"LineString","coordinates":[[-99.17088,19.42231],[-99.17084,19.42222]]}},{"type":"Feature","properties":{"c":"foot"},"geometry":{"type":"LineString","coordinates":[[-99.17039,19.42242],[-99.17039,19.42243],[-99.17041,19.42245]]}},{"type":"Feature","properties":{"c":"foot"},"geometry":{"type":"LineString","coordinates":[[-99.17041,19.42245],[-99.17042,19.42246],[-99.17045,19.42252]]}},{"type":"Feature","properties":{"c":"foot"},"geometry":{"type":"LineString","coordinates":[[-99.17267,19.42414],[-99.17252,19.42421],[-99.17231,19.42431],[-99.17199,19.42371]]}},{"type":"Feature","properties":{"c":"foot"},"geometry":{"type":"LineString","coordinates":[[-99.17199,19.42371],[-99.17235,19.42354],[-99.17239,19.42362],[-99.17244,19.42371],[-99.17254,19.42389],[-99.17267,19.42414]]}},{"type":"Feature","properties":{"c":"foot"},"geometry":{"type":"LineString","coordinates":[[-99.17189,19.42451],[-99.17185,19.42453],[-99.1718,19.42455],[-99.17177,19.42455],[-99.17167,19.42455],[-99.17162,19.42455],[-99.17158,19.42455],[-99.17152,19.42456],[-99.17149,19.42456],[-99.17146,19.42457],[-99.17146,19.42456],[-99.17132,19.4243],[-99.17121,19.42409],[-99.1712,19.42408],[-99.17121,19.42407],[-99.17192,19.42374]]}},{"type":"Feature","properties":{"c":"foot"},"geometry":{"type":"LineString","coordinates":[[-99.17192,19.42374],[-99.1721,19.42408],[-99.17213,19.42415],[-99.17217,19.42421],[-99.17224,19.42435],[-99.17197,19.42448]]}},{"type":"Feature","properties":{"c":"foot"},"geometry":{"type":"LineString","coordinates":[[-99.1704,19.42254],[-99.17039,19.42254],[-99.1703,19.42258]]}},{"type":"Feature","properties":{"c":"foot"},"geometry":{"type":"LineString","coordinates":[[-99.1703,19.42258],[-99.1702,19.42263]]}},{"type":"Feature","properties":{"c":"minor","n":"Calle Londres"},"geometry":{"type":"LineString","coordinates":[[-99.17027,19.42252],[-99.17017,19.42257]]}},{"type":"Feature","properties":{"c":"minor","n":"Calle Londres"},"geometry":{"type":"LineString","coordinates":[[-99.17017,19.42257],[-99.16952,19.42287]]}},{"type":"Feature","properties":{"c":"minor","n":"Calle Londres"},"geometry":{"type":"LineString","coordinates":[[-99.16952,19.42287],[-99.16904,19.4231],[-99.16902,19.42311]]}},{"type":"Feature","properties":{"c":"minor","n":"Calle Londres"},"geometry":{"type":"LineString","coordinates":[[-99.16902,19.42311],[-99.16894,19.42314]]}},{"type":"Feature","properties":{"c":"minor","n":"Calle Londres"},"geometry":{"type":"LineString","coordinates":[[-99.16894,19.42314],[-99.16887,19.42318]]}},{"type":"Feature","properties":{"c":"minor","n":"Calle Londres"},"geometry":{"type":"LineString","coordinates":[[-99.16887,19.42318],[-99.16773,19.42371],[-99.1677,19.42373]]}},{"type":"Feature","properties":{"c":"minor","n":"Calle Londres"},"geometry":{"type":"LineString","coordinates":[[-99.1677,19.42373],[-99.16761,19.42377]]}},{"type":"Feature","properties":{"c":"minor","n":"Calle Londres"},"geometry":{"type":"LineString","coordinates":[[-99.16761,19.42377],[-99.16645,19.42431],[-99.16635,19.42436]]}},{"type":"Feature","properties":{"c":"minor","n":"Calle Liverpool"},"geometry":{"type":"LineString","coordinates":[[-99.16579,19.42353],[-99.16589,19.42348]]}},{"type":"Feature","properties":{"c":"foot"},"geometry":{"type":"LineString","coordinates":[[-99.16874,19.4226],[-99.16871,19.42261],[-99.16867,19.42262]]}},{"type":"Feature","properties":{"c":"foot"},"geometry":{"type":"LineString","coordinates":[[-99.16867,19.42262],[-99.16864,19.42263],[-99.16862,19.42264]]}},{"type":"Feature","properties":{"c":"foot"},"geometry":{"type":"LineString","coordinates":[[-99.16862,19.42264],[-99.1686,19.42264]]}},{"type":"Feature","properties":{"c":"foot"},"geometry":{"type":"LineString","coordinates":[[-99.1673,19.42295],[-99.16725,19.42296],[-99.16721,19.42296]]}},{"type":"Feature","properties":{"c":"foot"},"geometry":{"type":"LineString","coordinates":[[-99.16721,19.42296],[-99.16717,19.42296],[-99.16712,19.42298]]}},{"type":"Feature","properties":{"c":"foot"},"geometry":{"type":"LineString","coordinates":[[-99.166,19.42352],[-99.16596,19.42353],[-99.16592,19.42355]]}},{"type":"Feature","properties":{"c":"foot"},"geometry":{"type":"LineString","coordinates":[[-99.16592,19.42355],[-99.16583,19.42359]]}},{"type":"Feature","properties":{"c":"foot"},"geometry":{"type":"LineString","coordinates":[[-99.166,19.42352],[-99.16597,19.42346],[-99.16596,19.42345]]}},{"type":"Feature","properties":{"c":"foot"},"geometry":{"type":"LineString","coordinates":[[-99.16596,19.42345],[-99.16595,19.42343],[-99.16595,19.42342]]}},{"type":"Feature","properties":{"c":"foot"},"geometry":{"type":"LineString","coordinates":[[-99.16593,19.42339],[-99.1659,19.4234],[-99.16585,19.42343]]}},{"type":"Feature","properties":{"c":"foot"},"geometry":{"type":"LineString","coordinates":[[-99.16585,19.42343],[-99.16576,19.42347]]}},{"type":"Feature","properties":{"c":"foot"},"geometry":{"type":"LineString","coordinates":[[-99.16665,19.42309],[-99.16677,19.42306],[-99.16682,19.42305]]}},{"type":"Feature","properties":{"c":"foot"},"geometry":{"type":"LineString","coordinates":[[-99.16682,19.42305],[-99.16687,19.42305],[-99.16697,19.42305]]}},{"type":"Feature","properties":{"c":"foot"},"geometry":{"type":"LineString","coordinates":[[-99.16586,19.42326],[-99.16582,19.42326],[-99.16577,19.42328]]}},{"type":"Feature","properties":{"c":"foot"},"geometry":{"type":"LineString","coordinates":[[-99.16577,19.42328],[-99.16569,19.42329]]}},{"type":"Feature","properties":{"c":"foot"},"geometry":{"type":"LineString","coordinates":[[-99.16569,19.42329],[-99.16563,19.42331],[-99.1656,19.42331]]}},{"type":"Feature","properties":{"c":"foot"},"geometry":{"type":"LineString","coordinates":[[-99.16419,19.42366],[-99.16425,19.42365],[-99.16428,19.42364]]}},{"type":"Feature","properties":{"c":"foot"},"geometry":{"type":"LineString","coordinates":[[-99.16428,19.42364],[-99.16431,19.42364]]}},{"type":"Feature","properties":{"c":"foot"},"geometry":{"type":"LineString","coordinates":[[-99.16415,19.42356],[-99.16416,19.4236]]}},{"type":"Feature","properties":{"c":"foot"},"geometry":{"type":"LineString","coordinates":[[-99.16416,19.4236],[-99.16418,19.42364],[-99.16418,19.42365]]}},{"type":"Feature","properties":{"c":"foot"},"geometry":{"type":"LineString","coordinates":[[-99.16419,19.42366],[-99.16418,19.42365]]}},{"type":"Feature","properties":{"c":"foot"},"geometry":{"type":"LineString","coordinates":[[-99.16418,19.42365],[-99.16415,19.42366]]}},{"type":"Feature","properties":{"c":"foot"},"geometry":{"type":"LineString","coordinates":[[-99.16378,19.42376],[-99.16419,19.42366]]}},{"type":"Feature","properties":{"c":"foot"},"geometry":{"type":"LineString","coordinates":[[-99.16376,19.42377],[-99.16378,19.42376]]}},{"type":"Feature","properties":{"c":"foot"},"geometry":{"type":"LineString","coordinates":[[-99.16415,19.42366],[-99.16374,19.42375]]}},{"type":"Feature","properties":{"c":"foot"},"geometry":{"type":"LineString","coordinates":[[-99.16374,19.42375],[-99.16375,19.42378]]}},{"type":"Feature","properties":{"c":"major","n":"Avenida Chapultepec"},"geometry":{"type":"LineString","coordinates":[[-99.17023,19.42187],[-99.17002,19.42192]]}},{"type":"Feature","properties":{"c":"major","n":"Avenida Chapultepec"},"geometry":{"type":"LineString","coordinates":[[-99.17002,19.42192],[-99.16895,19.42215],[-99.16891,19.42216],[-99.16886,19.42217]]}},{"type":"Feature","properties":{"c":"major","n":"Avenida Chapultepec"},"geometry":{"type":"LineString","coordinates":[[-99.16886,19.42217],[-99.16876,19.4222]]}},{"type":"Feature","properties":{"c":"major","n":"Avenida Chapultepec"},"geometry":{"type":"LineString","coordinates":[[-99.17158,19.42157],[-99.17152,19.42158]]}},{"type":"Feature","properties":{"c":"major","n":"Avenida Chapultepec"},"geometry":{"type":"LineString","coordinates":[[-99.17152,19.42158],[-99.17045,19.42182],[-99.1704,19.42183],[-99.17036,19.42184]]}},{"type":"Feature","properties":{"c":"major","n":"Avenida Chapultepec"},"geometry":{"type":"LineString","coordinates":[[-99.17036,19.42184],[-99.17023,19.42187]]}},{"type":"Feature","properties":{"c":"foot"},"geometry":{"type":"LineString","coordinates":[[-99.17162,19.42149],[-99.17159,19.4215],[-99.17156,19.4215]]}},{"type":"Feature","properties":{"c":"foot"},"geometry":{"type":"LineString","coordinates":[[-99.17156,19.4215],[-99.17153,19.42151],[-99.1715,19.42152]]}},{"type":"Feature","properties":{"c":"foot"},"geometry":{"type":"LineString","coordinates":[[-99.17033,19.42178],[-99.17031,19.42178],[-99.17021,19.4218]]}},{"type":"Feature","properties":{"c":"foot"},"geometry":{"type":"LineString","coordinates":[[-99.17021,19.4218],[-99.17016,19.42181],[-99.17014,19.42182]]}},{"type":"Feature","properties":{"c":"foot"},"geometry":{"type":"LineString","coordinates":[[-99.16886,19.4221],[-99.16881,19.42211],[-99.16877,19.42212]]}},{"type":"Feature","properties":{"c":"foot"},"geometry":{"type":"LineString","coordinates":[[-99.16877,19.42212],[-99.16873,19.42213],[-99.1687,19.42214]]}},{"type":"Feature","properties":{"c":"foot"},"geometry":{"type":"LineString","coordinates":[[-99.16728,19.42245],[-99.16725,19.42245],[-99.1672,19.42246]]}},{"type":"Feature","properties":{"c":"foot"},"geometry":{"type":"LineString","coordinates":[[-99.1672,19.42246],[-99.16717,19.42247],[-99.16713,19.42248]]}},{"type":"Feature","properties":{"c":"foot"},"geometry":{"type":"LineString","coordinates":[[-99.16564,19.4228],[-99.16561,19.42281],[-99.16557,19.42281]]}},{"type":"Feature","properties":{"c":"foot"},"geometry":{"type":"LineString","coordinates":[[-99.16557,19.42281],[-99.16548,19.42283],[-99.16546,19.42284]]}},{"type":"Feature","properties":{"c":"foot"},"geometry":{"type":"LineString","coordinates":[[-99.16546,19.42284],[-99.16547,19.42285]]}},{"type":"Feature","properties":{"c":"foot"},"geometry":{"type":"LineString","coordinates":[[-99.16547,19.42285],[-99.16541,19.42286],[-99.16526,19.4229],[-99.16468,19.42302],[-99.16453,19.42305],[-99.16405,19.42316]]}},{"type":"Feature","properties":{"c":"foot"},"geometry":{"type":"LineString","coordinates":[[-99.16405,19.42316],[-99.16365,19.42324],[-99.16363,19.42324],[-99.16362,19.42322]]}},{"type":"Feature","properties":{"c":"foot"},"geometry":{"type":"LineString","coordinates":[[-99.16362,19.42322],[-99.16361,19.42321],[-99.16361,19.42319],[-99.16382,19.42296],[-99.16379,19.4229]]}},{"type":"Feature","properties":{"c":"foot"},"geometry":{"type":"LineString","coordinates":[[-99.16405,19.42316],[-99.16406,19.42319],[-99.16406,19.42321]]}},{"type":"Feature","properties":{"c":"foot"},"geometry":{"type":"LineString","coordinates":[[-99.16406,19.42321],[-99.16407,19.42327]]}},{"type":"Feature","properties":{"c":"foot"},"geometry":{"type":"LineString","coordinates":[[-99.16362,19.42322],[-99.16361,19.42323]]}},{"type":"Feature","properties":{"c":"foot"},"geometry":{"type":"LineString","coordinates":[[-99.16361,19.42323],[-99.16357,19.42323]]}},{"type":"Feature","properties":{"c":"foot"},"geometry":{"type":"LineString","coordinates":[[-99.16339,19.42339],[-99.16336,19.42336],[-99.16332,19.42332],[-99.16328,19.42329],[-99.16324,19.42326],[-99.16322,19.42325]]}},{"type":"Feature","properties":{"c":"foot"},"geometry":{"type":"LineString","coordinates":[[-99.16322,19.42325],[-99.1632,19.42324],[-99.16315,19.42322],[-99.16311,19.42321],[-99.16308,19.42321],[-99.16303,19.4232],[-99.16298,19.4232],[-99.16295,19.4232],[-99.1629,19.4232]]}},{"type":"Feature","properties":{"c":"foot"},"geometry":{"type":"LineString","coordinates":[[-99.1629,19.4232],[-99.16287,19.42321],[-99.16284,19.42321]]}},{"type":"Feature","properties":{"c":"foot"},"geometry":{"type":"LineString","coordinates":[[-99.16273,19.42401],[-99.16267,19.42395],[-99.16262,19.42389],[-99.16261,19.42387],[-99.16258,19.4238],[-99.16256,19.42373],[-99.16255,19.42366],[-99.16256,19.4236]]}},{"type":"Feature","properties":{"c":"foot"},"geometry":{"type":"LineString","coordinates":[[-99.16256,19.4236],[-99.16256,19.42356]]}},{"type":"Feature","properties":{"c":"foot"},"geometry":{"type":"LineString","coordinates":[[-99.16242,19.42357],[-99.16246,19.42358]]}},{"type":"Feature","properties":{"c":"foot"},"geometry":{"type":"LineString","coordinates":[[-99.16246,19.42358],[-99.16256,19.4236]]}},{"type":"Feature","properties":{"c":"foot"},"geometry":{"type":"LineString","coordinates":[[-99.16325,19.42321],[-99.16322,19.42325]]}},{"type":"Feature","properties":{"c":"foot"},"geometry":{"type":"LineString","coordinates":[[-99.16322,19.42325],[-99.16317,19.42334]]}},{"type":"Feature","properties":{"c":"foot"},"geometry":{"type":"LineString","coordinates":[[-99.1633,19.42325],[-99.16322,19.42325]]}},{"type":"Feature","properties":{"c":"foot"},"geometry":{"type":"LineString","coordinates":[[-99.16324,19.42344],[-99.16323,19.42338],[-99.16317,19.42334]]}},{"type":"Feature","properties":{"c":"foot"},"geometry":{"type":"LineString","coordinates":[[-99.16256,19.42356],[-99.16282,19.42359],[-99.1629,19.42367],[-99.16298,19.42368]]}},{"type":"Feature","properties":{"c":"foot"},"geometry":{"type":"LineString","coordinates":[[-99.16298,19.42368],[-99.16307,19.42369]]}},{"type":"Feature","properties":{"c":"foot"},"geometry":{"type":"LineString","coordinates":[[-99.16307,19.42369],[-99.16304,19.42377],[-99.16303,19.42388],[-99.16301,19.42401],[-99.16295,19.42406]]}},{"type":"Feature","properties":{"c":"foot"},"geometry":{"type":"LineString","coordinates":[[-99.16295,19.42406],[-99.16298,19.42409],[-99.16298,19.42412],[-99.16298,19.42415],[-99.16299,19.42417]]}},{"type":"Feature","properties":{"c":"foot"},"geometry":{"type":"LineString","coordinates":[[-99.16299,19.42417],[-99.16299,19.42419]]}},{"type":"Feature","properties":{"c":"foot"},"geometry":{"type":"LineString","coordinates":[[-99.16335,19.4238],[-99.16336,19.42383],[-99.16334,19.42387]]}},{"type":"Feature","properties":{"c":"foot"},"geometry":{"type":"LineString","coordinates":[[-99.16334,19.42387],[-99.16338,19.4239]]}},{"type":"Feature","properties":{"c":"foot"},"geometry":{"type":"LineString","coordinates":[[-99.16338,19.4239],[-99.16341,19.42392]]}},{"type":"Feature","properties":{"c":"foot"},"geometry":{"type":"LineString","coordinates":[[-99.16341,19.42392],[-99.16343,19.42393],[-99.1634,19.42397],[-99.16336,19.42401],[-99.16332,19.42405],[-99.16328,19.42408]]}},{"type":"Feature","properties":{"c":"foot"},"geometry":{"type":"LineString","coordinates":[[-99.16328,19.42408],[-99.16324,19.4241],[-99.1632,19.42412],[-99.16316,19.42414],[-99.16311,19.42416],[-99.16307,19.42416],[-99.16302,19.42417],[-99.16299,19.42417]]}},{"type":"Feature","properties":{"c":"foot"},"geometry":{"type":"LineString","coordinates":[[-99.16312,19.42366],[-99.16308,19.42367],[-99.16307,19.42369]]}},{"type":"Feature","properties":{"c":"foot"},"geometry":{"type":"LineString","coordinates":[[-99.16314,19.4237],[-99.16312,19.42367],[-99.16312,19.42366]]}},{"type":"Feature","properties":{"c":"foot"},"geometry":{"type":"LineString","coordinates":[[-99.16312,19.42366],[-99.16312,19.42365],[-99.16311,19.42362]]}},{"type":"Feature","properties":{"c":"foot"},"geometry":{"type":"LineString","coordinates":[[-99.16334,19.42387],[-99.16329,19.42394],[-99.16322,19.424]]}},{"type":"Feature","properties":{"c":"foot"},"geometry":{"type":"LineString","coordinates":[[-99.16322,19.424],[-99.16316,19.42403],[-99.1631,19.42405],[-99.16304,19.42406],[-99.16298,19.42406],[-99.16295,19.42406]]}},{"type":"Feature","properties":{"c":"foot"},"geometry":{"type":"LineString","coordinates":[[-99.16335,19.42395],[-99.16332,19.42398]]}},{"type":"Feature","properties":{"c":"foot"},"geometry":{"type":"LineString","coordinates":[[-99.16348,19.42374],[-99.16346,19.42381],[-99.16341,19.42392]]}},{"type":"Feature","properties":{"c":"foot"},"geometry":{"type":"LineString","coordinates":[[-99.16341,19.42392],[-99.16337,19.42396]]}},{"type":"Feature","properties":{"c":"foot"},"geometry":{"type":"LineString","coordinates":[[-99.16338,19.4239],[-99.16337,19.42391],[-99.16335,19.42395]]}},{"type":"Feature","properties":{"c":"foot"},"geometry":{"type":"LineString","coordinates":[[-99.16337,19.42396],[-99.16334,19.424]]}},{"type":"Feature","properties":{"c":"foot"},"geometry":{"type":"LineString","coordinates":[[-99.16332,19.42398],[-99.16329,19.424],[-99.16331,19.42402]]}},{"type":"Feature","properties":{"c":"foot"},"geometry":{"type":"LineString","coordinates":[[-99.16284,19.42321],[-99.16279,19.42322]]}},{"type":"Feature","properties":{"c":"foot"},"geometry":{"type":"LineString","coordinates":[[-99.16283,19.42318],[-99.16278,19.4232]]}},{"type":"Feature","properties":{"c":"foot"},"geometry":{"type":"LineString","coordinates":[[-99.16278,19.4232],[-99.16275,19.42321]]}},{"type":"Feature","properties":{"c":"foot"},"geometry":{"type":"LineString","coordinates":[[-99.16275,19.42321],[-99.16269,19.42324],[-99.16263,19.42328],[-99.16258,19.42333],[-99.16254,19.42338]]}},{"type":"Feature","properties":{"c":"foot"},"geometry":{"type":"LineString","coordinates":[[-99.16254,19.42338],[-99.16253,19.42339],[-99.16252,19.4234]]}},{"type":"Feature","properties":{"c":"foot"},"geometry":{"type":"LineString","coordinates":[[-99.16279,19.42322],[-99.16276,19.42324],[-99.16275,19.42321]]}},{"type":"Feature","properties":{"c":"foot"},"geometry":{"type":"LineString","coordinates":[[-99.16254,19.42338],[-99.16257,19.42339],[-99.16255,19.42342]]}},{"type":"Feature","properties":{"c":"foot"},"geometry":{"type":"LineString","coordinates":[[-99.16255,19.42342],[-99.16253,19.42346]]}},{"type":"Feature","properties":{"c":"foot"},"geometry":{"type":"LineString","coordinates":[[-99.16252,19.4234],[-99.1625,19.42345]]}},{"type":"Feature","properties":{"c":"foot"},"geometry":{"type":"LineString","coordinates":[[-99.16253,19.42346],[-99.16251,19.42349]]}},{"type":"Feature","properties":{"c":"foot"},"geometry":{"type":"LineString","coordinates":[[-99.1629,19.4232],[-99.1629,19.42317]]}},{"type":"Feature","properties":{"c":"foot"},"geometry":{"type":"LineString","coordinates":[[-99.1629,19.42317],[-99.16283,19.42318]]}},{"type":"Feature","properties":{"c":"foot"},"geometry":{"type":"LineString","coordinates":[[-99.1625,19.42345],[-99.1625,19.42346],[-99.16249,19.42348]]}},{"type":"Feature","properties":{"c":"foot"},"geometry":{"type":"LineString","coordinates":[[-99.16249,19.42348],[-99.16247,19.42353],[-99.16247,19.42355],[-99.16246,19.42358]]}},{"type":"Feature","properties":{"c":"foot"},"geometry":{"type":"LineString","coordinates":[[-99.1629,19.42317],[-99.16289,19.42315]]}},{"type":"Feature","properties":{"c":"foot"},"geometry":{"type":"LineString","coordinates":[[-99.16289,19.42315],[-99.16282,19.42317],[-99.16275,19.42319],[-99.16268,19.42322],[-99.16263,19.42325],[-99.16259,19.42329]]}},{"type":"Feature","properties":{"c":"foot"},"geometry":{"type":"LineString","coordinates":[[-99.16259,19.42329],[-99.16254,19.42334],[-99.16251,19.42338],[-99.16248,19.42342],[-99.16245,19.42347],[-99.16249,19.42348]]}},{"type":"Feature","properties":{"c":"foot"},"geometry":{"type":"LineString","coordinates":[[-99.16249,19.42348],[-99.16251,19.42349]]}},{"type":"Feature","properties":{"c":"foot"},"geometry":{"type":"LineString","coordinates":[[-99.16259,19.42328],[-99.16259,19.42329]]}},{"type":"Feature","properties":{"c":"foot"},"geometry":{"type":"LineString","coordinates":[[-99.16317,19.42334],[-99.16312,19.42336],[-99.16309,19.42338],[-99.16306,19.42341],[-99.16303,19.42345],[-99.16301,19.42348],[-99.163,19.42351],[-99.16299,19.42354],[-99.16298,19.42357],[-99.16298,19.42361],[-99.16298,19.42364],[-99.16298,19.42368]]}},{"type":"Feature","properties":{"c":"foot"},"geometry":{"type":"LineString","coordinates":[[-99.16289,19.42315],[-99.16289,19.42314]]}},{"type":"Feature","properties":{"c":"foot"},"geometry":{"type":"LineString","coordinates":[[-99.16289,19.42314],[-99.16288,19.423]]}},{"type":"Feature","properties":{"c":"foot"},"geometry":{"type":"LineString","coordinates":[[-99.16288,19.423],[-99.16288,19.42295]]}},{"type":"Feature","properties":{"c":"foot"},"geometry":{"type":"LineString","coordinates":[[-99.16288,19.42295],[-99.16288,19.42293]]}},{"type":"Feature","properties":{"c":"foot"},"geometry":{"type":"LineString","coordinates":[[-99.16245,19.42304],[-99.16244,19.42301]]}},{"type":"Feature","properties":{"c":"foot"},"geometry":{"type":"LineString","coordinates":[[-99.16244,19.42301],[-99.16239,19.42302]]}},{"type":"Feature","properties":{"c":"foot"},"geometry":{"type":"LineString","coordinates":[[-99.16231,19.42304],[-99.16239,19.42302]]}},{"type":"Feature","properties":{"c":"minor","n":"Calle Hamburgo"},"geometry":{"type":"LineString","coordinates":[[-99.17073,19.42341],[-99.17084,19.42336]]}},{"type":"Feature","properties":{"c":"minor","n":"Calle Hamburgo"},"geometry":{"type":"LineString","coordinates":[[-99.17084,19.42336],[-99.17104,19.42327]]}},{"type":"Feature","properties":{"c":"minor","n":"Calle Hamburgo"},"geometry":{"type":"LineString","coordinates":[[-99.17104,19.42327],[-99.17106,19.42326]]}},{"type":"Feature","properties":{"c":"minor","n":"Calle Hamburgo"},"geometry":{"type":"LineString","coordinates":[[-99.17106,19.42326],[-99.17113,19.42322]]}},{"type":"Feature","properties":{"c":"minor","n":"Calle Hamburgo"},"geometry":{"type":"LineString","coordinates":[[-99.17113,19.42322],[-99.17134,19.42312],[-99.17166,19.42297]]}},{"type":"Feature","properties":{"c":"foot"},"geometry":{"type":"LineString","coordinates":[[-99.13274,19.42931],[-99.13274,19.42927]]}},{"type":"Feature","properties":{"c":"foot"},"geometry":{"type":"LineString","coordinates":[[-99.13274,19.42927],[-99.13257,19.42925]]}},{"type":"Feature","properties":{"c":"foot"},"geometry":{"type":"LineString","coordinates":[[-99.13275,19.42929],[-99.13276,19.42929],[-99.13276,19.42928],[-99.13274,19.42927]]}},{"type":"Feature","properties":{"c":"foot","n":"Calle República de Guatemala"},"geometry":{"type":"LineString","coordinates":[[-99.13209,19.43491],[-99.13185,19.43488]]}},{"type":"Feature","properties":{"c":"major","n":"Calle Durango"},"geometry":{"type":"LineString","coordinates":[[-99.16964,19.41937],[-99.16995,19.4193],[-99.17003,19.41928]]}},{"type":"Feature","properties":{"c":"major","n":"Calle Durango"},"geometry":{"type":"LineString","coordinates":[[-99.17003,19.41928],[-99.1705,19.41918]]}},{"type":"Feature","properties":{"c":"major","n":"Calle Durango"},"geometry":{"type":"LineString","coordinates":[[-99.1705,19.41918],[-99.17096,19.41908]]}},{"type":"Feature","properties":{"c":"major","n":"Calle Durango"},"geometry":{"type":"LineString","coordinates":[[-99.17096,19.41908],[-99.17138,19.41899]]}},{"type":"Feature","properties":{"c":"major","n":"Calle Durango"},"geometry":{"type":"LineString","coordinates":[[-99.17138,19.41899],[-99.17186,19.41888]]}},{"type":"Feature","properties":{"c":"major","n":"Calle Durango"},"geometry":{"type":"LineString","coordinates":[[-99.17186,19.41888],[-99.17221,19.41881]]}},{"type":"Feature","properties":{"c":"foot"},"geometry":{"type":"LineString","coordinates":[[-99.17123,19.42206],[-99.17121,19.42207],[-99.17119,19.42207],[-99.17118,19.42207],[-99.17116,19.42208]]}},{"type":"Feature","properties":{"c":"minor"},"geometry":{"type":"LineString","coordinates":[[-99.16195,19.42125],[-99.16184,19.42127],[-99.16152,19.42135],[-99.16156,19.4215]]}},{"type":"Feature","properties":{"c":"foot"},"geometry":{"type":"LineString","coordinates":[[-99.1665,19.41262],[-99.16645,19.41263],[-99.16642,19.41265]]}},{"type":"Feature","properties":{"c":"foot"},"geometry":{"type":"LineString","coordinates":[[-99.16642,19.41265],[-99.16624,19.41272]]}},{"type":"Feature","properties":{"c":"foot"},"geometry":{"type":"LineString","coordinates":[[-99.16624,19.41272],[-99.16619,19.41274],[-99.16613,19.41276],[-99.16612,19.41283]]}},{"type":"Feature","properties":{"c":"foot"},"geometry":{"type":"LineString","coordinates":[[-99.16612,19.41283],[-99.16609,19.41291],[-99.16613,19.4129],[-99.16618,19.4129]]}},{"type":"Feature","properties":{"c":"foot"},"geometry":{"type":"LineString","coordinates":[[-99.16618,19.4129],[-99.16634,19.41288]]}},{"type":"Feature","properties":{"c":"foot"},"geometry":{"type":"LineString","coordinates":[[-99.16634,19.41288],[-99.16637,19.41287],[-99.16642,19.41287],[-99.16644,19.41279]]}},{"type":"Feature","properties":{"c":"foot"},"geometry":{"type":"LineString","coordinates":[[-99.16644,19.41279],[-99.16647,19.41271]]}},{"type":"Feature","properties":{"c":"foot"},"geometry":{"type":"LineString","coordinates":[[-99.16647,19.41271],[-99.1665,19.41262]]}},{"type":"Feature","properties":{"c":"foot"},"geometry":{"type":"LineString","coordinates":[[-99.16715,19.41063],[-99.16711,19.41062],[-99.16707,19.41061]]}},{"type":"Feature","properties":{"c":"foot"},"geometry":{"type":"LineString","coordinates":[[-99.16707,19.41061],[-99.16693,19.41058]]}},{"type":"Feature","properties":{"c":"foot"},"geometry":{"type":"LineString","coordinates":[[-99.16693,19.41058],[-99.16689,19.41058],[-99.16687,19.41057],[-99.16689,19.4105]]}},{"type":"Feature","properties":{"c":"foot"},"geometry":{"type":"LineString","coordinates":[[-99.16689,19.4105],[-99.16692,19.41043],[-99.16694,19.41044],[-99.16697,19.41045]]}},{"type":"Feature","properties":{"c":"foot"},"geometry":{"type":"LineString","coordinates":[[-99.16697,19.41045],[-99.16711,19.41049]]}},{"type":"Feature","properties":{"c":"foot"},"geometry":{"type":"LineString","coordinates":[[-99.16711,19.41049],[-99.16715,19.4105],[-99.16719,19.41051],[-99.16716,19.41058]]}},{"type":"Feature","properties":{"c":"foot"},"geometry":{"type":"LineString","coordinates":[[-99.16716,19.41058],[-99.16715,19.41063]]}},{"type":"Feature","properties":{"c":"foot"},"geometry":{"type":"LineString","coordinates":[[-99.16759,19.40929],[-99.16753,19.40931],[-99.16749,19.40933]]}},{"type":"Feature","properties":{"c":"foot"},"geometry":{"type":"LineString","coordinates":[[-99.16749,19.40933],[-99.16732,19.40939]]}},{"type":"Feature","properties":{"c":"foot"},"geometry":{"type":"LineString","coordinates":[[-99.16732,19.40939],[-99.16727,19.40941],[-99.16722,19.40943],[-99.16725,19.40934]]}},{"type":"Feature","properties":{"c":"foot"},"geometry":{"type":"LineString","coordinates":[[-99.16725,19.40934],[-99.16729,19.40924],[-99.16734,19.40922],[-99.16738,19.40921]]}},{"type":"Feature","properties":{"c":"foot"},"geometry":{"type":"LineString","coordinates":[[-99.16738,19.40921],[-99.16755,19.40915]]}},{"type":"Feature","properties":{"c":"foot"},"geometry":{"type":"LineString","coordinates":[[-99.16755,19.40915],[-99.16759,19.40913],[-99.16764,19.40911],[-99.16761,19.40921]]}},{"type":"Feature","properties":{"c":"foot"},"geometry":{"type":"LineString","coordinates":[[-99.16761,19.40921],[-99.16759,19.40929]]}},{"type":"Feature","properties":{"c":"foot"},"geometry":{"type":"LineString","coordinates":[[-99.1679,19.40835],[-99.16785,19.40834],[-99.16781,19.40834]]}},{"type":"Feature","properties":{"c":"foot"},"geometry":{"type":"LineString","coordinates":[[-99.16781,19.40834],[-99.16768,19.40831]]}},{"type":"Feature","properties":{"c":"foot"},"geometry":{"type":"LineString","coordinates":[[-99.16768,19.40831],[-99.16765,19.4083],[-99.1676,19.40829],[-99.16763,19.40822]]}},{"type":"Feature","properties":{"c":"foot"},"geometry":{"type":"LineString","coordinates":[[-99.16763,19.40822],[-99.16765,19.40814],[-99.1677,19.40813],[-99.16774,19.40813]]}},{"type":"Feature","properties":{"c":"foot"},"geometry":{"type":"LineString","coordinates":[[-99.16774,19.40813],[-99.1678,19.40811]]}},{"type":"Feature","properties":{"c":"foot"},"geometry":{"type":"LineString","coordinates":[[-99.1678,19.40811],[-99.16789,19.4081]]}},{"type":"Feature","properties":{"c":"foot"},"geometry":{"type":"LineString","coordinates":[[-99.16789,19.4081],[-99.16793,19.40809],[-99.16802,19.40807],[-99.16799,19.40815]]}},{"type":"Feature","properties":{"c":"foot"},"geometry":{"type":"LineString","coordinates":[[-99.16799,19.40815],[-99.16792,19.4083]]}},{"type":"Feature","properties":{"c":"foot"},"geometry":{"type":"LineString","coordinates":[[-99.16792,19.4083],[-99.1679,19.40835]]}},{"type":"Feature","properties":{"c":"foot"},"geometry":{"type":"LineString","coordinates":[[-99.1678,19.40811],[-99.16812,19.40712],[-99.16815,19.40704]]}},{"type":"Feature","properties":{"c":"foot"},"geometry":{"type":"LineString","coordinates":[[-99.16563,19.41531],[-99.1656,19.41528],[-99.16557,19.41526]]}},{"type":"Feature","properties":{"c":"foot"},"geometry":{"type":"LineString","coordinates":[[-99.16557,19.41526],[-99.1655,19.41518],[-99.16547,19.41505]]}},{"type":"Feature","properties":{"c":"foot"},"geometry":{"type":"LineString","coordinates":[[-99.16547,19.41505],[-99.16545,19.41499],[-99.16544,19.41492],[-99.16538,19.4151]]}},{"type":"Feature","properties":{"c":"foot"},"geometry":{"type":"LineString","coordinates":[[-99.16538,19.4151],[-99.16526,19.41546]]}},{"type":"Feature","properties":{"c":"foot"},"geometry":{"type":"LineString","coordinates":[[-99.16526,19.41546],[-99.16523,19.41557],[-99.16526,19.41559],[-99.16529,19.41561]]}},{"type":"Feature","properties":{"c":"foot"},"geometry":{"type":"LineString","coordinates":[[-99.16529,19.41561],[-99.16543,19.41569]]}},{"type":"Feature","properties":{"c":"foot"},"geometry":{"type":"LineString","coordinates":[[-99.16543,19.41569],[-99.16546,19.41571],[-99.16549,19.41573],[-99.16553,19.41562]]}},{"type":"Feature","properties":{"c":"foot"},"geometry":{"type":"LineString","coordinates":[[-99.16553,19.41562],[-99.16561,19.41539]]}},{"type":"Feature","properties":{"c":"foot"},"geometry":{"type":"LineString","coordinates":[[-99.16561,19.41539],[-99.16563,19.41531]]}},{"type":"Feature","properties":{"c":"foot"},"geometry":{"type":"LineString","coordinates":[[-99.16661,19.41987],[-99.16659,19.41983],[-99.16656,19.4198],[-99.16652,19.41977]]}},{"type":"Feature","properties":{"c":"foot"},"geometry":{"type":"LineString","coordinates":[[-99.16652,19.41977],[-99.16649,19.41975],[-99.16646,19.41973]]}},{"type":"Feature","properties":{"c":"foot"},"geometry":{"type":"LineString","coordinates":[[-99.16646,19.41973],[-99.16641,19.41971],[-99.16636,19.4197],[-99.16631,19.41969],[-99.16626,19.4197]]}},{"type":"Feature","properties":{"c":"foot"},"geometry":{"type":"LineString","coordinates":[[-99.16626,19.4197],[-99.1662,19.41971]]}},{"type":"Feature","properties":{"c":"foot"},"geometry":{"type":"LineString","coordinates":[[-99.1662,19.41971],[-99.16616,19.41973],[-99.16611,19.41975],[-99.16607,19.41979],[-99.16604,19.41983]]}},{"type":"Feature","properties":{"c":"foot"},"geometry":{"type":"LineString","coordinates":[[-99.16604,19.41983],[-99.16601,19.41987]]}},{"type":"Feature","properties":{"c":"foot"},"geometry":{"type":"LineString","coordinates":[[-99.16601,19.41987],[-99.16599,19.41991],[-99.16598,19.41996],[-99.16598,19.42001],[-99.16598,19.42006]]}},{"type":"Feature","properties":{"c":"foot"},"geometry":{"type":"LineString","coordinates":[[-99.16598,19.42006],[-99.16599,19.42011],[-99.16601,19.42015]]}},{"type":"Feature","properties":{"c":"foot"},"geometry":{"type":"LineString","coordinates":[[-99.16601,19.42015],[-99.16604,19.4202],[-99.16607,19.42023],[-99.16611,19.42027]]}},{"type":"Feature","properties":{"c":"foot"},"geometry":{"type":"LineString","coordinates":[[-99.16611,19.42027],[-99.16616,19.42029],[-99.16621,19.42031]]}},{"type":"Feature","properties":{"c":"foot"},"geometry":{"type":"LineString","coordinates":[[-99.16621,19.42031],[-99.16626,19.42032],[-99.16631,19.42033],[-99.16636,19.42032]]}},{"type":"Feature","properties":{"c":"foot"},"geometry":{"type":"LineString","coordinates":[[-99.16636,19.42032],[-99.16641,19.42031]]}},{"type":"Feature","properties":{"c":"foot"},"geometry":{"type":"LineString","coordinates":[[-99.16641,19.42031],[-99.16646,19.42029],[-99.1665,19.42027],[-99.16654,19.42024],[-99.16657,19.42021]]}},{"type":"Feature","properties":{"c":"foot"},"geometry":{"type":"LineString","coordinates":[[-99.16657,19.42021],[-99.16659,19.42018],[-99.16661,19.42015]]}},{"type":"Feature","properties":{"c":"foot"},"geometry":{"type":"LineString","coordinates":[[-99.16661,19.42015],[-99.16663,19.42011],[-99.16664,19.42006],[-99.16664,19.42001]]}},{"type":"Feature","properties":{"c":"foot"},"geometry":{"type":"LineString","coordinates":[[-99.16664,19.42001],[-99.16664,19.41996],[-99.16663,19.41991]]}},{"type":"Feature","properties":{"c":"foot"},"geometry":{"type":"LineString","coordinates":[[-99.16663,19.41991],[-99.16661,19.41987]]}},{"type":"Feature","properties":{"c":"foot"},"geometry":{"type":"LineString","coordinates":[[-99.14212,19.43454],[-99.14199,19.43452]]}},{"type":"Feature","properties":{"c":"foot"},"geometry":{"type":"LineString","coordinates":[[-99.14199,19.43452],[-99.14196,19.43451]]}},{"type":"Feature","properties":{"c":"foot"},"geometry":{"type":"LineString","coordinates":[[-99.14196,19.43451],[-99.14194,19.43451]]}},{"type":"Feature","properties":{"c":"foot"},"geometry":{"type":"LineString","coordinates":[[-99.14048,19.43622],[-99.14049,19.43617]]}},{"type":"Feature","properties":{"c":"foot"},"geometry":{"type":"LineString","coordinates":[[-99.14049,19.43617],[-99.14051,19.43608]]}},{"type":"Feature","properties":{"c":"foot"},"geometry":{"type":"LineString","coordinates":[[-99.14051,19.43608],[-99.14052,19.436],[-99.14059,19.43601]]}},{"type":"Feature","properties":{"c":"foot"},"geometry":{"type":"LineString","coordinates":[[-99.14059,19.43601],[-99.14072,19.43603]]}},{"type":"Feature","properties":{"c":"foot"},"geometry":{"type":"LineString","coordinates":[[-99.1441,19.43701],[-99.14602,19.43746],[-99.14611,19.43753],[-99.146,19.43763],[-99.14572,19.43788],[-99.14564,19.43795],[-99.1441,19.43935],[-99.1437,19.43971],[-99.14365,19.43976],[-99.14358,19.43982],[-99.14356,19.43984],[-99.14354,19.43984],[-99.14341,19.4398],[-99.14355,19.43924],[-99.14357,19.43914],[-99.14373,19.43851],[-99.14374,19.43845],[-99.14375,19.43841],[-99.1438,19.43823]]}},{"type":"Feature","properties":{"c":"foot"},"geometry":{"type":"LineString","coordinates":[[-99.14298,19.43519],[-99.14298,19.4352],[-99.14298,19.43522]]}},{"type":"Feature","properties":{"c":"foot"},"geometry":{"type":"LineString","coordinates":[[-99.14298,19.43522],[-99.14299,19.43524],[-99.14301,19.43527],[-99.14303,19.43529],[-99.14306,19.43529]]}},{"type":"Feature","properties":{"c":"foot"},"geometry":{"type":"LineString","coordinates":[[-99.14306,19.43529],[-99.14308,19.4353],[-99.1431,19.43529],[-99.14312,19.43529],[-99.14314,19.43527],[-99.14316,19.43526]]}},{"type":"Feature","properties":{"c":"foot"},"geometry":{"type":"LineString","coordinates":[[-99.14316,19.43526],[-99.14316,19.43524],[-99.14317,19.43523],[-99.14317,19.43521],[-99.14317,19.4352],[-99.14317,19.43518]]}},{"type":"Feature","properties":{"c":"foot"},"geometry":{"type":"LineString","coordinates":[[-99.14317,19.43518],[-99.14316,19.43516],[-99.14315,19.43514],[-99.14313,19.43513],[-99.14311,19.43512],[-99.1431,19.43511]]}},{"type":"Feature","properties":{"c":"foot"},"geometry":{"type":"LineString","coordinates":[[-99.1431,19.43511],[-99.14307,19.43511],[-99.14304,19.43512],[-99.14302,19.43513],[-99.143,19.43515],[-99.14299,19.43516]]}},{"type":"Feature","properties":{"c":"foot"},"geometry":{"type":"LineString","coordinates":[[-99.14299,19.43516],[-99.14298,19.43519]]}},{"type":"Feature","properties":{"c":"foot"},"geometry":{"type":"LineString","coordinates":[[-99.14305,19.43551],[-99.14307,19.43553],[-99.14307,19.43554],[-99.14308,19.43556],[-99.14308,19.43558]]}},{"type":"Feature","properties":{"c":"foot"},"geometry":{"type":"LineString","coordinates":[[-99.14308,19.43558],[-99.14307,19.43559],[-99.14307,19.4356],[-99.14306,19.43561],[-99.14305,19.43562],[-99.14303,19.43562],[-99.14302,19.43563],[-99.14301,19.43563],[-99.14299,19.43563]]}},{"type":"Feature","properties":{"c":"foot"},"geometry":{"type":"LineString","coordinates":[[-99.14299,19.43563],[-99.14298,19.43562],[-99.14297,19.43561],[-99.14296,19.43561],[-99.14295,19.43559],[-99.14294,19.43558],[-99.14294,19.43557],[-99.14294,19.43555]]}},{"type":"Feature","properties":{"c":"foot"},"geometry":{"type":"LineString","coordinates":[[-99.14294,19.43555],[-99.14295,19.43553],[-99.14296,19.43552],[-99.14298,19.4355],[-99.143,19.4355],[-99.14302,19.4355]]}},{"type":"Feature","properties":{"c":"foot"},"geometry":{"type":"LineString","coordinates":[[-99.14302,19.4355],[-99.14304,19.4355],[-99.14305,19.43551]]}},{"type":"Feature","properties":{"c":"foot"},"geometry":{"type":"LineString","coordinates":[[-99.14217,19.43468],[-99.14217,19.43466]]}},{"type":"Feature","properties":{"c":"foot"},"geometry":{"type":"LineString","coordinates":[[-99.14217,19.43466],[-99.14218,19.43465],[-99.1422,19.43464],[-99.14221,19.43464],[-99.14223,19.43464],[-99.14225,19.43464],[-99.14226,19.43464],[-99.14227,19.43465],[-99.14229,19.43467],[-99.14229,19.43468],[-99.14229,19.4347],[-99.14229,19.43471],[-99.14228,19.43473]]}},{"type":"Feature","properties":{"c":"foot"},"geometry":{"type":"LineString","coordinates":[[-99.14228,19.43473],[-99.14227,19.43474],[-99.14226,19.43475],[-99.14224,19.43476],[-99.14222,19.43476],[-99.1422,19.43475],[-99.14218,19.43474],[-99.14217,19.43473],[-99.14217,19.43471],[-99.14216,19.4347],[-99.14217,19.43468]]}},{"type":"Feature","properties":{"c":"foot"},"geometry":{"type":"LineString","coordinates":[[-99.14202,19.43536],[-99.14201,19.43539]]}},{"type":"Feature","properties":{"c":"foot"},"geometry":{"type":"LineString","coordinates":[[-99.14201,19.43539],[-99.14201,19.43542],[-99.14202,19.43545],[-99.14204,19.43548],[-99.14206,19.4355],[-99.14209,19.43551],[-99.14212,19.43551],[-99.14215,19.43551],[-99.14218,19.4355],[-99.14221,19.43548]]}},{"type":"Feature","properties":{"c":"foot"},"geometry":{"type":"LineString","coordinates":[[-99.14221,19.43548],[-99.14222,19.43546],[-99.14223,19.43543]]}},{"type":"Feature","properties":{"c":"foot"},"geometry":{"type":"LineString","coordinates":[[-99.14223,19.43543],[-99.14223,19.43541],[-99.14223,19.43538],[-99.14222,19.43536]]}},{"type":"Feature","properties":{"c":"foot"},"geometry":{"type":"LineString","coordinates":[[-99.14222,19.43536],[-99.1422,19.43533],[-99.14217,19.43531],[-99.14214,19.4353],[-99.1421,19.4353],[-99.14207,19.43531],[-99.14204,19.43533],[-99.14202,19.43536]]}},{"type":"Feature","properties":{"c":"foot"},"geometry":{"type":"LineString","coordinates":[[-99.1423,19.43614],[-99.14227,19.4363]]}},{"type":"Feature","properties":{"c":"foot"},"geometry":{"type":"LineString","coordinates":[[-99.14221,19.43613],[-99.1423,19.43614]]}},{"type":"Feature","properties":{"c":"foot","n":"Plaza Pública Sebastián Lerdo de Tejada"},"geometry":{"type":"LineString","coordinates":[[-99.13893,19.43668],[-99.13903,19.43612]]}},{"type":"Feature","properties":{"c":"foot","n":"Plaza Pública Sebastián Lerdo de Tejada"},"geometry":{"type":"LineString","coordinates":[[-99.13903,19.43612],[-99.13897,19.43611]]}},{"type":"Feature","properties":{"c":"foot","n":"Plaza Pública Sebastián Lerdo de Tejada"},"geometry":{"type":"LineString","coordinates":[[-99.13897,19.43611],[-99.13891,19.4361]]}},{"type":"Feature","properties":{"c":"foot","n":"Plaza Pública Sebastián Lerdo de Tejada"},"geometry":{"type":"LineString","coordinates":[[-99.13891,19.4361],[-99.1388,19.43666],[-99.13886,19.43667]]}},{"type":"Feature","properties":{"c":"foot","n":"Plaza Pública Sebastián Lerdo de Tejada"},"geometry":{"type":"LineString","coordinates":[[-99.13886,19.43667],[-99.13893,19.43668]]}},{"type":"Feature","properties":{"c":"foot"},"geometry":{"type":"LineString","coordinates":[[-99.14049,19.43617],[-99.13996,19.43609]]}},{"type":"Feature","properties":{"c":"foot"},"geometry":{"type":"LineString","coordinates":[[-99.13996,19.43609],[-99.13993,19.43608]]}},{"type":"Feature","properties":{"c":"foot"},"geometry":{"type":"LineString","coordinates":[[-99.14196,19.43486],[-99.14197,19.43586],[-99.14191,19.43586]]}},{"type":"Feature","properties":{"c":"foot"},"geometry":{"type":"LineString","coordinates":[[-99.14195,19.43598],[-99.14196,19.43486]]}},{"type":"Feature","properties":{"c":"foot"},"geometry":{"type":"LineString","coordinates":[[-99.1418,19.43639],[-99.1415,19.43633]]}},{"type":"Feature","properties":{"c":"foot"},"geometry":{"type":"LineString","coordinates":[[-99.16781,19.41854],[-99.16779,19.41847]]}},{"type":"Feature","properties":{"c":"foot"},"geometry":{"type":"LineString","coordinates":[[-99.16779,19.41847],[-99.16776,19.41833]]}},{"type":"Feature","properties":{"c":"foot"},"geometry":{"type":"LineString","coordinates":[[-99.16776,19.41833],[-99.16772,19.41818]]}},{"type":"Feature","properties":{"c":"foot"},"geometry":{"type":"LineString","coordinates":[[-99.16772,19.41818],[-99.1677,19.4181],[-99.16778,19.41809]]}},{"type":"Feature","properties":{"c":"foot"},"geometry":{"type":"LineString","coordinates":[[-99.16778,19.41809],[-99.16786,19.41807],[-99.16789,19.41819]]}},{"type":"Feature","properties":{"c":"foot"},"geometry":{"type":"LineString","coordinates":[[-99.16789,19.41819],[-99.16792,19.41832]]}},{"type":"Feature","properties":{"c":"foot"},"geometry":{"type":"LineString","coordinates":[[-99.16792,19.41832],[-99.16794,19.4184],[-99.16787,19.41847]]}},{"type":"Feature","properties":{"c":"foot"},"geometry":{"type":"LineString","coordinates":[[-99.16787,19.41847],[-99.16781,19.41854]]}},{"type":"Feature","properties":{"c":"foot"},"geometry":{"type":"LineString","coordinates":[[-99.16899,19.41722],[-99.16897,19.41713]]}},{"type":"Feature","properties":{"c":"foot"},"geometry":{"type":"LineString","coordinates":[[-99.16897,19.41713],[-99.16894,19.41702]]}},{"type":"Feature","properties":{"c":"foot"},"geometry":{"type":"LineString","coordinates":[[-99.16894,19.41702],[-99.16892,19.41694],[-99.16899,19.41685]]}},{"type":"Feature","properties":{"c":"foot"},"geometry":{"type":"LineString","coordinates":[[-99.16899,19.41685],[-99.16907,19.41675]]}},{"type":"Feature","properties":{"c":"foot"},"geometry":{"type":"LineString","coordinates":[[-99.16907,19.41675],[-99.1691,19.41684]]}},{"type":"Feature","properties":{"c":"foot"},"geometry":{"type":"LineString","coordinates":[[-99.1691,19.41684],[-99.16913,19.41694]]}},{"type":"Feature","properties":{"c":"foot"},"geometry":{"type":"LineString","coordinates":[[-99.16913,19.41694],[-99.16916,19.41703],[-99.16909,19.41711]]}},{"type":"Feature","properties":{"c":"foot"},"geometry":{"type":"LineString","coordinates":[[-99.16909,19.41711],[-99.16899,19.41722]]}},{"type":"Feature","properties":{"c":"foot"},"geometry":{"type":"LineString","coordinates":[[-99.16857,19.41638],[-99.16867,19.41643]]}},{"type":"Feature","properties":{"c":"foot"},"geometry":{"type":"LineString","coordinates":[[-99.16867,19.41643],[-99.16884,19.41652],[-99.16893,19.41659]]}},{"type":"Feature","properties":{"c":"foot"},"geometry":{"type":"LineString","coordinates":[[-99.16893,19.41659],[-99.16898,19.41663]]}},{"type":"Feature","properties":{"c":"foot"},"geometry":{"type":"LineString","coordinates":[[-99.16898,19.41663],[-99.16885,19.41666]]}},{"type":"Feature","properties":{"c":"foot"},"geometry":{"type":"LineString","coordinates":[[-99.16885,19.41666],[-99.16869,19.4167],[-99.16865,19.41664]]}},{"type":"Feature","properties":{"c":"foot"},"geometry":{"type":"LineString","coordinates":[[-99.16865,19.41664],[-99.16851,19.41646]]}},{"type":"Feature","properties":{"c":"foot"},"geometry":{"type":"LineString","coordinates":[[-99.16851,19.41646],[-99.16846,19.4164]]}},{"type":"Feature","properties":{"c":"foot"},"geometry":{"type":"LineString","coordinates":[[-99.16959,19.41653],[-99.16947,19.41655]]}},{"type":"Feature","properties":{"c":"foot"},"geometry":{"type":"LineString","coordinates":[[-99.16947,19.41655],[-99.16934,19.41657]]}},{"type":"Feature","properties":{"c":"foot"},"geometry":{"type":"LineString","coordinates":[[-99.16934,19.41657],[-99.16921,19.41659]]}},{"type":"Feature","properties":{"c":"foot"},"geometry":{"type":"LineString","coordinates":[[-99.16921,19.41659],[-99.16927,19.41652]]}},{"type":"Feature","properties":{"c":"foot"},"geometry":{"type":"LineString","coordinates":[[-99.16927,19.41652],[-99.16951,19.41626]]}},{"type":"Feature","properties":{"c":"foot"},"geometry":{"type":"LineString","coordinates":[[-99.16951,19.41626],[-99.16959,19.41617]]}},{"type":"Feature","properties":{"c":"foot"},"geometry":{"type":"LineString","coordinates":[[-99.16907,19.41675],[-99.16898,19.41663]]}},{"type":"Feature","properties":{"c":"foot"},"geometry":{"type":"LineString","coordinates":[[-99.16898,19.41663],[-99.16921,19.41659]]}},{"type":"Feature","properties":{"c":"foot"},"geometry":{"type":"LineString","coordinates":[[-99.16921,19.41659],[-99.16907,19.41675]]}},{"type":"Feature","properties":{"c":"foot"},"geometry":{"type":"LineString","coordinates":[[-99.17046,19.4167],[-99.17045,19.41657]]}},{"type":"Feature","properties":{"c":"foot"},"geometry":{"type":"LineString","coordinates":[[-99.17045,19.41657],[-99.17043,19.41644],[-99.17047,19.41641]]}},{"type":"Feature","properties":{"c":"foot"},"geometry":{"type":"LineString","coordinates":[[-99.17047,19.41641],[-99.17053,19.41636]]}},{"type":"Feature","properties":{"c":"foot"},"geometry":{"type":"LineString","coordinates":[[-99.17053,19.41636],[-99.17051,19.41634]]}},{"type":"Feature","properties":{"c":"foot"},"geometry":{"type":"LineString","coordinates":[[-99.17051,19.41634],[-99.17048,19.4163]]}},{"type":"Feature","properties":{"c":"foot"},"geometry":{"type":"LineString","coordinates":[[-99.17048,19.4163],[-99.17042,19.41622],[-99.17033,19.41623]]}},{"type":"Feature","properties":{"c":"foot"},"geometry":{"type":"LineString","coordinates":[[-99.17033,19.41623],[-99.17021,19.41625]]}},{"type":"Feature","properties":{"c":"foot"},"geometry":{"type":"LineString","coordinates":[[-99.17021,19.41625],[-99.17013,19.41627],[-99.17018,19.41635]]}},{"type":"Feature","properties":{"c":"foot"},"geometry":{"type":"LineString","coordinates":[[-99.17018,19.41635],[-99.17022,19.41641],[-99.17031,19.41639]]}},{"type":"Feature","properties":{"c":"foot"},"geometry":{"type":"LineString","coordinates":[[-99.17031,19.41639],[-99.17043,19.41636]]}},{"type":"Feature","properties":{"c":"foot"},"geometry":{"type":"LineString","coordinates":[[-99.17043,19.41636],[-99.17051,19.41634]]}},{"type":"Feature","properties":{"c":"foot"},"geometry":{"type":"LineString","coordinates":[[-99.17014,19.41585],[-99.17009,19.41577]]}},{"type":"Feature","properties":{"c":"foot"},"geometry":{"type":"LineString","coordinates":[[-99.17009,19.41577],[-99.17001,19.41566],[-99.16997,19.41573]]}},{"type":"Feature","properties":{"c":"foot"},"geometry":{"type":"LineString","coordinates":[[-99.16997,19.41573],[-99.16989,19.41583]]}},{"type":"Feature","properties":{"c":"foot"},"geometry":{"type":"LineString","coordinates":[[-99.16989,19.41583],[-99.16984,19.4159],[-99.16991,19.41599]]}},{"type":"Feature","properties":{"c":"foot"},"geometry":{"type":"LineString","coordinates":[[-99.16991,19.41599],[-99.16997,19.41607],[-99.17002,19.41601]]}},{"type":"Feature","properties":{"c":"foot"},"geometry":{"type":"LineString","coordinates":[[-99.17002,19.41601],[-99.1701,19.41591]]}},{"type":"Feature","properties":{"c":"foot"},"geometry":{"type":"LineString","coordinates":[[-99.1701,19.41591],[-99.17014,19.41585]]}},{"type":"Feature","properties":{"c":"foot"},"geometry":{"type":"LineString","coordinates":[[-99.16328,19.42409],[-99.16328,19.42408]]}},{"type":"Feature","properties":{"c":"foot"},"geometry":{"type":"LineString","coordinates":[[-99.16328,19.42408],[-99.16322,19.424]]}},{"type":"Feature","properties":{"c":"foot"},"geometry":{"type":"LineString","coordinates":[[-99.13229,19.4307],[-99.13228,19.43077]]}},{"type":"Feature","properties":{"c":"foot"},"geometry":{"type":"LineString","coordinates":[[-99.13228,19.43077],[-99.13227,19.43082],[-99.13227,19.43083]]}},{"type":"Feature","properties":{"c":"foot"},"geometry":{"type":"LineString","coordinates":[[-99.13227,19.43083],[-99.13227,19.43084]]}},{"type":"Feature","properties":{"c":"foot"},"geometry":{"type":"LineString","coordinates":[[-99.13242,19.43086],[-99.13241,19.43085],[-99.13238,19.43082],[-99.13235,19.43078]]}},{"type":"Feature","properties":{"c":"foot"},"geometry":{"type":"LineString","coordinates":[[-99.13235,19.43078],[-99.13229,19.4307]]}},{"type":"Feature","properties":{"c":"foot"},"geometry":{"type":"LineString","coordinates":[[-99.13227,19.43084],[-99.13228,19.43083],[-99.1323,19.43082],[-99.13235,19.43078]]}},{"type":"Feature","properties":{"c":"foot"},"geometry":{"type":"LineString","coordinates":[[-99.13235,19.43078],[-99.13242,19.43074],[-99.13244,19.43072]]}},{"type":"Feature","properties":{"c":"major","n":"Avenida Chapultepec"},"geometry":{"type":"LineString","coordinates":[[-99.16363,19.42378],[-99.16371,19.42372]]}},{"type":"Feature","properties":{"c":"major","n":"Avenida Chapultepec"},"geometry":{"type":"LineString","coordinates":[[-99.16361,19.42331],[-99.16353,19.42333]]}},{"type":"Feature","properties":{"c":"foot"},"geometry":{"type":"LineString","coordinates":[[-99.16431,19.42364],[-99.1656,19.42331]]}},{"type":"Feature","properties":{"c":"foot"},"geometry":{"type":"LineString","coordinates":[[-99.17314,19.42165],[-99.17295,19.42169],[-99.17268,19.42175],[-99.17262,19.42177],[-99.17228,19.42184],[-99.17185,19.42194]]}},{"type":"Feature","properties":{"c":"foot"},"geometry":{"type":"LineString","coordinates":[[-99.17185,19.42194],[-99.17173,19.42196]]}},{"type":"Feature","properties":{"c":"foot"},"geometry":{"type":"LineString","coordinates":[[-99.17173,19.42196],[-99.17171,19.42197]]}},{"type":"Feature","properties":{"c":"foot"},"geometry":{"type":"LineString","coordinates":[[-99.17171,19.42197],[-99.17189,19.4223]]}},{"type":"Feature","properties":{"c":"foot"},"geometry":{"type":"LineString","coordinates":[[-99.17189,19.4223],[-99.17198,19.42248]]}},{"type":"Feature","properties":{"c":"foot"},"geometry":{"type":"LineString","coordinates":[[-99.17198,19.42248],[-99.17201,19.42254]]}},{"type":"Feature","properties":{"c":"foot"},"geometry":{"type":"LineString","coordinates":[[-99.17201,19.42254],[-99.17209,19.42269]]}},{"type":"Feature","properties":{"c":"foot"},"geometry":{"type":"LineString","coordinates":[[-99.17209,19.42269],[-99.17218,19.42264],[-99.17246,19.42251],[-99.1727,19.42239],[-99.17296,19.42227],[-99.17306,19.42223],[-99.17335,19.42209],[-99.17325,19.42188],[-99.17314,19.42165]]}},{"type":"Feature","properties":{"c":"foot"},"geometry":{"type":"LineString","coordinates":[[-99.17125,19.42214],[-99.17123,19.42206]]}},{"type":"Feature","properties":{"c":"foot"},"geometry":{"type":"LineString","coordinates":[[-99.17116,19.42208],[-99.17105,19.4221]]}},{"type":"Feature","properties":{"c":"foot"},"geometry":{"type":"LineString","coordinates":[[-99.17095,19.42212],[-99.17089,19.42213]]}},{"type":"Feature","properties":{"c":"foot"},"geometry":{"type":"LineString","coordinates":[[-99.17089,19.42213],[-99.17042,19.42223]]}},{"type":"Feature","properties":{"c":"foot"},"geometry":{"type":"LineString","coordinates":[[-99.17042,19.42223],[-99.1704,19.42224]]}},{"type":"Feature","properties":{"c":"foot"},"geometry":{"type":"LineString","coordinates":[[-99.1704,19.42224],[-99.17037,19.42224]]}},{"type":"Feature","properties":{"c":"foot"},"geometry":{"type":"LineString","coordinates":[[-99.17037,19.42224],[-99.17039,19.4224]]}},{"type":"Feature","properties":{"c":"foot"},"geometry":{"type":"LineString","coordinates":[[-99.17039,19.4224],[-99.17039,19.42242]]}},{"type":"Feature","properties":{"c":"foot"},"geometry":{"type":"LineString","coordinates":[[-99.17013,19.4223],[-99.17006,19.42232]]}},{"type":"Feature","properties":{"c":"foot"},"geometry":{"type":"LineString","coordinates":[[-99.17006,19.42232],[-99.16879,19.4226]]}},{"type":"Feature","properties":{"c":"foot"},"geometry":{"type":"LineString","coordinates":[[-99.16879,19.4226],[-99.16874,19.4226]]}},{"type":"Feature","properties":{"c":"foot"},"geometry":{"type":"LineString","coordinates":[[-99.16874,19.4226],[-99.16897,19.42303]]}},{"type":"Feature","properties":{"c":"foot"},"geometry":{"type":"LineString","coordinates":[[-99.16897,19.42303],[-99.16898,19.42303]]}},{"type":"Feature","properties":{"c":"foot"},"geometry":{"type":"LineString","coordinates":[[-99.16898,19.42303],[-99.17013,19.4225]]}},{"type":"Feature","properties":{"c":"foot"},"geometry":{"type":"LineString","coordinates":[[-99.17013,19.4225],[-99.17015,19.42249],[-99.17013,19.4223]]}},{"type":"Feature","properties":{"c":"foot"},"geometry":{"type":"LineString","coordinates":[[-99.1686,19.42264],[-99.16884,19.4231]]}},{"type":"Feature","properties":{"c":"foot"},"geometry":{"type":"LineString","coordinates":[[-99.16884,19.4231],[-99.16766,19.42366]]}},{"type":"Feature","properties":{"c":"foot"},"geometry":{"type":"LineString","coordinates":[[-99.16766,19.42366],[-99.1673,19.42295]]}},{"type":"Feature","properties":{"c":"foot"},"geometry":{"type":"LineString","coordinates":[[-99.1673,19.42295],[-99.16732,19.42294]]}},{"type":"Feature","properties":{"c":"foot"},"geometry":{"type":"LineString","coordinates":[[-99.16732,19.42294],[-99.16841,19.42269],[-99.1686,19.42264]]}},{"type":"Feature","properties":{"c":"foot"},"geometry":{"type":"LineString","coordinates":[[-99.16712,19.42298],[-99.1671,19.42299]]}},{"type":"Feature","properties":{"c":"foot"},"geometry":{"type":"LineString","coordinates":[[-99.1671,19.42299],[-99.16697,19.42305]]}},{"type":"Feature","properties":{"c":"foot"},"geometry":{"type":"LineString","coordinates":[[-99.16697,19.42305],[-99.166,19.42352]]}},{"type":"Feature","properties":{"c":"foot"},"geometry":{"type":"LineString","coordinates":[[-99.16665,19.42309],[-99.16588,19.42325]]}},{"type":"Feature","properties":{"c":"foot"},"geometry":{"type":"LineString","coordinates":[[-99.16588,19.42325],[-99.16586,19.42326]]}},{"type":"Feature","properties":{"c":"foot"},"geometry":{"type":"LineString","coordinates":[[-99.16595,19.42342],[-99.16593,19.42339]]}},{"type":"Feature","properties":{"c":"foot"},"geometry":{"type":"LineString","coordinates":[[-99.16593,19.42339],[-99.16591,19.42337],[-99.16586,19.42326]]}},{"type":"Feature","properties":{"c":"foot"},"geometry":{"type":"LineString","coordinates":[[-99.16595,19.42342],[-99.16665,19.42309]]}},{"type":"Feature","properties":{"c":"foot"},"geometry":{"type":"LineString","coordinates":[[-99.16564,19.4228],[-99.16566,19.4228]]}},{"type":"Feature","properties":{"c":"foot"},"geometry":{"type":"LineString","coordinates":[[-99.16566,19.4228],[-99.16702,19.4225]]}},{"type":"Feature","properties":{"c":"foot"},"geometry":{"type":"LineString","coordinates":[[-99.16702,19.4225],[-99.16713,19.42248]]}},{"type":"Feature","properties":{"c":"foot"},"geometry":{"type":"LineString","coordinates":[[-99.16728,19.42245],[-99.1673,19.42244]]}},{"type":"Feature","properties":{"c":"foot"},"geometry":{"type":"LineString","coordinates":[[-99.1673,19.42244],[-99.16785,19.42232]]}},{"type":"Feature","properties":{"c":"foot"},"geometry":{"type":"LineString","coordinates":[[-99.16785,19.42232],[-99.16844,19.42219]]}},{"type":"Feature","properties":{"c":"foot"},"geometry":{"type":"LineString","coordinates":[[-99.16844,19.42219],[-99.16866,19.42214]]}},{"type":"Feature","properties":{"c":"foot"},"geometry":{"type":"LineString","coordinates":[[-99.16866,19.42214],[-99.1687,19.42214]]}},{"type":"Feature","properties":{"c":"foot"},"geometry":{"type":"LineString","coordinates":[[-99.16886,19.4221],[-99.17002,19.42185]]}},{"type":"Feature","properties":{"c":"foot"},"geometry":{"type":"LineString","coordinates":[[-99.17002,19.42185],[-99.17014,19.42182]]}},{"type":"Feature","properties":{"c":"foot"},"geometry":{"type":"LineString","coordinates":[[-99.17033,19.42178],[-99.17035,19.42177]]}},{"type":"Feature","properties":{"c":"foot"},"geometry":{"type":"LineString","coordinates":[[-99.17035,19.42177],[-99.17106,19.42162]]}},{"type":"Feature","properties":{"c":"foot"},"geometry":{"type":"LineString","coordinates":[[-99.17106,19.42162],[-99.1715,19.42152]]}},{"type":"Feature","properties":{"c":"foot"},"geometry":{"type":"LineString","coordinates":[[-99.17162,19.42149],[-99.17299,19.42119]]}},{"type":"Feature","properties":{"c":"foot"},"geometry":{"type":"LineString","coordinates":[[-99.17171,19.42197],[-99.17167,19.42198],[-99.17164,19.42198]]}},{"type":"Feature","properties":{"c":"foot"},"geometry":{"type":"LineString","coordinates":[[-99.17164,19.42198],[-99.1716,19.42199],[-99.17154,19.422]]}},{"type":"Feature","properties":{"c":"foot"},"geometry":{"type":"LineString","coordinates":[[-99.17037,19.42224],[-99.17034,19.42225],[-99.17025,19.42227]]}},{"type":"Feature","properties":{"c":"foot"},"geometry":{"type":"LineString","coordinates":[[-99.17025,19.42227],[-99.17015,19.4223],[-99.17013,19.4223]]}},{"type":"Feature","properties":{"c":"minor"},"geometry":{"type":"LineString","coordinates":[[-99.14197,19.43441],[-99.14196,19.43451]]}},{"type":"Feature","properties":{"c":"minor"},"geometry":{"type":"LineString","coordinates":[[-99.14196,19.43451],[-99.14192,19.43474]]}},{"type":"Feature","properties":{"c":"foot"},"geometry":{"type":"LineString","coordinates":[[-99.17209,19.42269],[-99.17202,19.42272]]}},{"type":"Feature","properties":{"c":"foot"},"geometry":{"type":"LineString","coordinates":[[-99.17202,19.42272],[-99.17194,19.42275]]}},{"type":"Feature","properties":{"c":"foot"},"geometry":{"type":"LineString","coordinates":[[-99.17124,19.42214],[-99.17125,19.42214]]}},{"type":"Feature","properties":{"c":"foot"},"geometry":{"type":"LineString","coordinates":[[-99.17125,19.42214],[-99.17136,19.42208]]}},{"type":"Feature","properties":{"c":"foot"},"geometry":{"type":"LineString","coordinates":[[-99.17136,19.42208],[-99.17148,19.42203]]}},{"type":"Feature","properties":{"c":"foot"},"geometry":{"type":"LineString","coordinates":[[-99.17148,19.42203],[-99.17154,19.422]]}},{"type":"Feature","properties":{"c":"foot"},"geometry":{"type":"LineString","coordinates":[[-99.17154,19.422],[-99.17194,19.42275]]}},{"type":"Feature","properties":{"c":"foot"},"geometry":{"type":"LineString","coordinates":[[-99.17194,19.42275],[-99.1711,19.42315]]}},{"type":"Feature","properties":{"c":"foot"},"geometry":{"type":"LineString","coordinates":[[-99.1711,19.42315],[-99.171,19.42319]]}},{"type":"Feature","properties":{"c":"foot"},"geometry":{"type":"LineString","coordinates":[[-99.171,19.42319],[-99.1708,19.42329]]}},{"type":"Feature","properties":{"c":"foot"},"geometry":{"type":"LineString","coordinates":[[-99.1708,19.42329],[-99.17066,19.42303]]}},{"type":"Feature","properties":{"c":"foot"},"geometry":{"type":"LineString","coordinates":[[-99.17066,19.42303],[-99.17056,19.42284]]}},{"type":"Feature","properties":{"c":"foot"},"geometry":{"type":"LineString","coordinates":[[-99.17056,19.42284],[-99.1705,19.42273]]}},{"type":"Feature","properties":{"c":"foot"},"geometry":{"type":"LineString","coordinates":[[-99.1705,19.42273],[-99.1704,19.42254]]}},{"type":"Feature","properties":{"c":"foot"},"geometry":{"type":"LineString","coordinates":[[-99.1704,19.42254],[-99.17045,19.42252]]}},{"type":"Feature","properties":{"c":"foot"},"geometry":{"type":"LineString","coordinates":[[-99.17045,19.42252],[-99.17088,19.42231]]}},{"type":"Feature","properties":{"c":"foot"},"geometry":{"type":"LineString","coordinates":[[-99.17088,19.42231],[-99.17092,19.42229]]}},{"type":"Feature","properties":{"c":"foot"},"geometry":{"type":"LineString","coordinates":[[-99.17092,19.42229],[-99.17116,19.42218]]}},{"type":"Feature","properties":{"c":"foot"},"geometry":{"type":"LineString","coordinates":[[-99.17116,19.42218],[-99.17119,19.42216]]}},{"type":"Feature","properties":{"c":"foot"},"geometry":{"type":"LineString","coordinates":[[-99.1668,19.42036],[-99.16689,19.42019],[-99.16692,19.42001],[-99.16691,19.41996]]}},{"type":"Feature","properties":{"c":"foot"},"geometry":{"type":"LineString","coordinates":[[-99.16691,19.41996],[-99.16689,19.41988]]}},{"type":"Feature","properties":{"c":"foot"},"geometry":{"type":"LineString","coordinates":[[-99.16689,19.41988],[-99.16688,19.41981],[-99.16687,19.41979]]}},{"type":"Feature","properties":{"c":"foot"},"geometry":{"type":"LineString","coordinates":[[-99.16687,19.41979],[-99.16677,19.41964],[-99.16674,19.41961]]}},{"type":"Feature","properties":{"c":"foot"},"geometry":{"type":"LineString","coordinates":[[-99.16674,19.41961],[-99.16667,19.41955]]}},{"type":"Feature","properties":{"c":"foot"},"geometry":{"type":"LineString","coordinates":[[-99.16667,19.41955],[-99.16661,19.41951],[-99.16645,19.41945]]}},{"type":"Feature","properties":{"c":"foot"},"geometry":{"type":"LineString","coordinates":[[-99.16645,19.41945],[-99.16641,19.41944],[-99.1662,19.41944],[-99.166,19.4195],[-99.16583,19.41963],[-99.16576,19.41975]]}},{"type":"Feature","properties":{"c":"foot"},"geometry":{"type":"LineString","coordinates":[[-99.16576,19.41975],[-99.16572,19.4198],[-99.16569,19.41996]]}},{"type":"Feature","properties":{"c":"foot"},"geometry":{"type":"LineString","coordinates":[[-99.16569,19.41996],[-99.16568,19.42],[-99.16571,19.42018],[-99.16579,19.42035],[-99.16588,19.42043]]}},{"type":"Feature","properties":{"c":"foot"},"geometry":{"type":"LineString","coordinates":[[-99.16588,19.42043],[-99.16593,19.42048],[-99.16597,19.4205]]}},{"type":"Feature","properties":{"c":"foot"},"geometry":{"type":"LineString","coordinates":[[-99.16597,19.4205],[-99.1661,19.42056],[-99.1663,19.42059],[-99.16649,19.42057],[-99.16666,19.42048],[-99.1667,19.42045]]}},{"type":"Feature","properties":{"c":"foot"},"geometry":{"type":"LineString","coordinates":[[-99.1667,19.42045],[-99.1668,19.42036]]}},{"type":"Feature","properties":{"c":"foot"},"geometry":{"type":"LineString","coordinates":[[-99.16725,19.41698],[-99.16724,19.41691]]}},{"type":"Feature","properties":{"c":"foot"},"geometry":{"type":"LineString","coordinates":[[-99.16724,19.41691],[-99.16722,19.41682]]}},{"type":"Feature","properties":{"c":"foot"},"geometry":{"type":"LineString","coordinates":[[-99.16722,19.41682],[-99.16715,19.41683]]}},{"type":"Feature","properties":{"c":"foot"},"geometry":{"type":"LineString","coordinates":[[-99.16745,19.41695],[-99.16742,19.41694],[-99.16725,19.41698]]}},{"type":"Feature","properties":{"c":"foot"},"geometry":{"type":"LineString","coordinates":[[-99.16741,19.41657],[-99.16736,19.41656]]}},{"type":"Feature","properties":{"c":"foot"},"geometry":{"type":"LineString","coordinates":[[-99.16751,19.41657],[-99.16746,19.41657]]}},{"type":"Feature","properties":{"c":"foot"},"geometry":{"type":"LineString","coordinates":[[-99.16746,19.41657],[-99.16744,19.41657]]}},{"type":"Feature","properties":{"c":"foot"},"geometry":{"type":"LineString","coordinates":[[-99.16744,19.41657],[-99.16741,19.41657]]}},{"type":"Feature","properties":{"c":"foot"},"geometry":{"type":"LineString","coordinates":[[-99.16751,19.41679],[-99.1675,19.41687],[-99.16747,19.41692]]}},{"type":"Feature","properties":{"c":"foot"},"geometry":{"type":"LineString","coordinates":[[-99.16747,19.41692],[-99.16745,19.41695]]}},{"type":"Feature","properties":{"c":"minor"},"geometry":{"type":"LineString","coordinates":[[-99.13742,19.42931],[-99.13743,19.42925],[-99.13742,19.42921],[-99.13739,19.42919],[-99.13718,19.42917],[-99.13708,19.42916],[-99.13702,19.42915],[-99.13691,19.42914]]}},{"type":"Feature","properties":{"c":"minor"},"geometry":{"type":"LineString","coordinates":[[-99.13737,19.42954],[-99.13741,19.42936],[-99.13742,19.42931]]}},{"type":"Feature","properties":{"c":"minor"},"geometry":{"type":"LineString","coordinates":[[-99.13742,19.42931],[-99.1373,19.42929],[-99.13719,19.42928],[-99.13712,19.42927],[-99.13706,19.42926]]}},{"type":"Feature","properties":{"c":"foot","n":"Seminario"},"geometry":{"type":"LineString","coordinates":[[-99.13194,19.43361],[-99.13193,19.43365]]}},{"type":"Feature","properties":{"c":"foot","n":"Seminario"},"geometry":{"type":"LineString","coordinates":[[-99.13193,19.43365],[-99.13193,19.43367]]}},{"type":"Feature","properties":{"c":"foot","n":"Seminario"},"geometry":{"type":"LineString","coordinates":[[-99.13193,19.43367],[-99.13191,19.43385]]}},{"type":"Feature","properties":{"c":"foot","n":"Seminario"},"geometry":{"type":"LineString","coordinates":[[-99.13191,19.43385],[-99.13188,19.43406]]}},{"type":"Feature","properties":{"c":"foot","n":"Seminario"},"geometry":{"type":"LineString","coordinates":[[-99.13188,19.43406],[-99.13186,19.43425]]}},{"type":"Feature","properties":{"c":"foot","n":"Seminario"},"geometry":{"type":"LineString","coordinates":[[-99.13186,19.43425],[-99.13183,19.43443]]}},{"type":"Feature","properties":{"c":"minor","n":"Calle Plaza Romita"},"geometry":{"type":"LineString","coordinates":[[-99.15503,19.42322],[-99.15503,19.42297],[-99.15523,19.42298]]}},{"type":"Feature","properties":{"c":"minor","n":"Calle Plaza Romita"},"geometry":{"type":"LineString","coordinates":[[-99.15523,19.42298],[-99.15525,19.42298]]}},{"type":"Feature","properties":{"c":"minor","n":"Calle Plaza Romita"},"geometry":{"type":"LineString","coordinates":[[-99.15525,19.42298],[-99.1553,19.42298],[-99.15537,19.42299]]}},{"type":"Feature","properties":{"c":"minor","n":"Calle Plaza Romita"},"geometry":{"type":"LineString","coordinates":[[-99.15537,19.42299],[-99.15545,19.42299],[-99.15546,19.4231]]}},{"type":"Feature","properties":{"c":"minor","n":"Calle Plaza Romita"},"geometry":{"type":"LineString","coordinates":[[-99.15546,19.4231],[-99.15546,19.42317],[-99.15549,19.42318],[-99.15564,19.42319]]}},{"type":"Feature","properties":{"c":"minor","n":"Calle Plaza Romita"},"geometry":{"type":"LineString","coordinates":[[-99.15564,19.42319],[-99.15557,19.42328],[-99.15542,19.42332]]}},{"type":"Feature","properties":{"c":"minor","n":"Calle Plaza Romita"},"geometry":{"type":"LineString","coordinates":[[-99.15542,19.42332],[-99.15523,19.42336]]}},{"type":"Feature","properties":{"c":"minor","n":"Calle Plaza Romita"},"geometry":{"type":"LineString","coordinates":[[-99.15523,19.42336],[-99.15504,19.42338]]}},{"type":"Feature","properties":{"c":"minor","n":"Calle Plaza Romita"},"geometry":{"type":"LineString","coordinates":[[-99.15504,19.42338],[-99.15503,19.42322]]}},{"type":"Feature","properties":{"c":"major","n":"Avenida Oaxaca"},"geometry":{"type":"LineString","coordinates":[[-99.16348,19.42326],[-99.16352,19.42321]]}},{"type":"Feature","properties":{"c":"major","n":"Avenida Oaxaca"},"geometry":{"type":"LineString","coordinates":[[-99.16343,19.42313],[-99.16339,19.42318]]}},{"type":"Feature","properties":{"c":"minor"},"geometry":{"type":"LineString","coordinates":[[-99.14196,19.43486],[-99.14192,19.43507]]}},{"type":"Feature","properties":{"c":"minor"},"geometry":{"type":"LineString","coordinates":[[-99.14192,19.43507],[-99.14189,19.4353],[-99.14188,19.43532],[-99.14187,19.43533],[-99.14186,19.43534],[-99.14185,19.43534],[-99.14183,19.43534],[-99.14182,19.43534],[-99.14181,19.43534],[-99.1418,19.43533],[-99.14179,19.43532],[-99.14178,19.43531],[-99.14178,19.4353],[-99.14178,19.43529],[-99.14182,19.43503]]}},{"type":"Feature","properties":{"c":"minor"},"geometry":{"type":"LineString","coordinates":[[-99.14182,19.43503],[-99.14191,19.43446],[-99.14192,19.4344]]}},{"type":"Feature","properties":{"c":"minor"},"geometry":{"type":"LineString","coordinates":[[-99.15989,19.41687],[-99.15986,19.41677]]}},{"type":"Feature","properties":{"c":"foot"},"geometry":{"type":"LineString","coordinates":[[-99.16935,19.41145],[-99.16935,19.41146]]}},{"type":"Feature","properties":{"c":"foot"},"geometry":{"type":"LineString","coordinates":[[-99.16935,19.41146],[-99.16934,19.41147],[-99.1693,19.41152],[-99.16926,19.41156],[-99.16923,19.41161],[-99.16921,19.41164],[-99.1692,19.41167],[-99.16918,19.41169]]}},{"type":"Feature","properties":{"c":"foot"},"geometry":{"type":"LineString","coordinates":[[-99.16918,19.41169],[-99.16917,19.41173],[-99.16916,19.41179],[-99.16916,19.41184],[-99.16917,19.41188],[-99.16918,19.41192],[-99.16919,19.41195],[-99.16918,19.41198]]}},{"type":"Feature","properties":{"c":"foot"},"geometry":{"type":"LineString","coordinates":[[-99.16918,19.41199],[-99.16916,19.41209]]}},{"type":"Feature","properties":{"c":"foot"},"geometry":{"type":"LineString","coordinates":[[-99.16907,19.41208],[-99.16901,19.41205],[-99.16895,19.41201],[-99.16888,19.41194],[-99.16881,19.41186],[-99.16877,19.4118],[-99.16875,19.41173]]}},{"type":"Feature","properties":{"c":"foot"},"geometry":{"type":"LineString","coordinates":[[-99.16975,19.41185],[-99.16921,19.4117]]}},{"type":"Feature","properties":{"c":"foot"},"geometry":{"type":"LineString","coordinates":[[-99.16975,19.41185],[-99.16976,19.41186]]}},{"type":"Feature","properties":{"c":"foot"},"geometry":{"type":"LineString","coordinates":[[-99.16919,19.41169],[-99.16918,19.41169]]}},{"type":"Feature","properties":{"c":"foot"},"geometry":{"type":"LineString","coordinates":[[-99.16921,19.4117],[-99.16919,19.41169]]}},{"type":"Feature","properties":{"c":"foot"},"geometry":{"type":"LineString","coordinates":[[-99.16976,19.41186],[-99.16977,19.41186]]}},{"type":"Feature","properties":{"c":"foot"},"geometry":{"type":"LineString","coordinates":[[-99.16993,19.41254],[-99.16984,19.41269]]}},{"type":"Feature","properties":{"c":"foot"},"geometry":{"type":"LineString","coordinates":[[-99.16984,19.41269],[-99.16971,19.41287]]}},{"type":"Feature","properties":{"c":"foot"},"geometry":{"type":"LineString","coordinates":[[-99.16984,19.41269],[-99.16971,19.41277],[-99.16957,19.41281]]}},{"type":"Feature","properties":{"c":"foot"},"geometry":{"type":"LineString","coordinates":[[-99.16957,19.41281],[-99.1695,19.41281],[-99.16945,19.41281],[-99.16939,19.41281]]}},{"type":"Feature","properties":{"c":"foot"},"geometry":{"type":"LineString","coordinates":[[-99.16891,19.41347],[-99.16898,19.41349]]}},{"type":"Feature","properties":{"c":"foot"},"geometry":{"type":"LineString","coordinates":[[-99.16898,19.41349],[-99.16911,19.41354],[-99.16936,19.41369]]}},{"type":"Feature","properties":{"c":"foot"},"geometry":{"type":"LineString","coordinates":[[-99.16952,19.41133],[-99.16935,19.41145]]}},{"type":"Feature","properties":{"c":"foot"},"geometry":{"type":"LineString","coordinates":[[-99.16935,19.41086],[-99.16936,19.41096],[-99.16939,19.41103],[-99.16941,19.41107],[-99.16946,19.41113],[-99.16952,19.4112]]}},{"type":"Feature","properties":{"c":"foot"},"geometry":{"type":"LineString","coordinates":[[-99.16979,19.41158],[-99.16978,19.4114]]}},{"type":"Feature","properties":{"c":"foot"},"geometry":{"type":"LineString","coordinates":[[-99.17003,19.41098],[-99.17006,19.41095]]}},{"type":"Feature","properties":{"c":"foot"},"geometry":{"type":"LineString","coordinates":[[-99.17006,19.41095],[-99.1701,19.41092],[-99.1701,19.41084],[-99.17003,19.41078],[-99.16995,19.41078],[-99.16992,19.41081]]}},{"type":"Feature","properties":{"c":"foot"},"geometry":{"type":"LineString","coordinates":[[-99.16992,19.41081],[-99.16988,19.41084],[-99.16988,19.41092],[-99.16995,19.41098],[-99.17003,19.41098]]}},{"type":"Feature","properties":{"c":"foot"},"geometry":{"type":"LineString","coordinates":[[-99.1696,19.41223],[-99.16959,19.41215],[-99.16959,19.41213],[-99.1696,19.4121]]}},{"type":"Feature","properties":{"c":"foot"},"geometry":{"type":"LineString","coordinates":[[-99.16882,19.41157],[-99.16877,19.41138]]}},{"type":"Feature","properties":{"c":"foot"},"geometry":{"type":"LineString","coordinates":[[-99.17002,19.41211],[-99.16992,19.41218],[-99.16977,19.41227],[-99.1697,19.4123],[-99.16964,19.41233]]}},{"type":"Feature","properties":{"c":"foot"},"geometry":{"type":"LineString","coordinates":[[-99.16918,19.41198],[-99.16918,19.41199]]}},{"type":"Feature","properties":{"c":"foot"},"geometry":{"type":"LineString","coordinates":[[-99.1696,19.41272],[-99.16957,19.41281]]}},{"type":"Feature","properties":{"c":"foot"},"geometry":{"type":"LineString","coordinates":[[-99.16957,19.41281],[-99.16953,19.41289],[-99.16947,19.41299]]}},{"type":"Feature","properties":{"c":"foot"},"geometry":{"type":"LineString","coordinates":[[-99.1689,19.41331],[-99.16897,19.41323],[-99.16903,19.41314],[-99.16905,19.41306],[-99.16906,19.41299],[-99.16905,19.41291]]}},{"type":"Feature","properties":{"c":"foot"},"geometry":{"type":"LineString","coordinates":[[-99.16905,19.41291],[-99.16903,19.41286],[-99.169,19.4128]]}},{"type":"Feature","properties":{"c":"foot"},"geometry":{"type":"LineString","coordinates":[[-99.169,19.4128],[-99.16892,19.41277]]}},{"type":"Feature","properties":{"c":"foot"},"geometry":{"type":"LineString","coordinates":[[-99.16941,19.41129],[-99.16912,19.41146],[-99.16897,19.41155],[-99.1689,19.4116]]}},{"type":"Feature","properties":{"c":"foot"},"geometry":{"type":"LineString","coordinates":[[-99.1689,19.4116],[-99.16876,19.4117]]}},{"type":"Feature","properties":{"c":"foot"},"geometry":{"type":"LineString","coordinates":[[-99.1692,19.41277],[-99.1694,19.41301]]}},{"type":"Feature","properties":{"c":"foot"},"geometry":{"type":"LineString","coordinates":[[-99.16905,19.41291],[-99.16915,19.41296],[-99.16921,19.41299],[-99.1693,19.41301],[-99.1694,19.41301]]}},{"type":"Feature","properties":{"c":"foot"},"geometry":{"type":"LineString","coordinates":[[-99.16948,19.41314],[-99.16942,19.41319],[-99.1692,19.41329],[-99.16902,19.41332],[-99.1689,19.41331]]}},{"type":"Feature","properties":{"c":"foot"},"geometry":{"type":"LineString","coordinates":[[-99.16983,19.41142],[-99.16992,19.4116],[-99.16996,19.4117],[-99.17002,19.41185],[-99.17005,19.41197]]}},{"type":"Feature","properties":{"c":"foot"},"geometry":{"type":"LineString","coordinates":[[-99.17006,19.41095],[-99.17024,19.4112]]}},{"type":"Feature","properties":{"c":"foot"},"geometry":{"type":"LineString","coordinates":[[-99.17024,19.4112],[-99.17029,19.41134],[-99.17032,19.41145]]}},{"type":"Feature","properties":{"c":"minor"},"geometry":{"type":"LineString","coordinates":[[-99.1601,19.35021],[-99.16004,19.35022],[-99.15997,19.35023],[-99.15994,19.35023],[-99.15992,19.35022],[-99.15991,19.35022],[-99.1599,19.3502],[-99.15985,19.35]]}},{"type":"Feature","properties":{"c":"foot"},"geometry":{"type":"LineString","coordinates":[[-99.16971,19.41287],[-99.16947,19.41299]]}},{"type":"Feature","properties":{"c":"foot"},"geometry":{"type":"LineString","coordinates":[[-99.16947,19.41299],[-99.1694,19.41301]]}},{"type":"Feature","properties":{"c":"foot"},"geometry":{"type":"LineString","coordinates":[[-99.17009,19.4126],[-99.17003,19.41258]]}},{"type":"Feature","properties":{"c":"foot"},"geometry":{"type":"LineString","coordinates":[[-99.17003,19.41258],[-99.16993,19.41254]]}},{"type":"Feature","properties":{"c":"foot"},"geometry":{"type":"LineString","coordinates":[[-99.16856,19.41212],[-99.16842,19.41207]]}},{"type":"Feature","properties":{"c":"foot"},"geometry":{"type":"LineString","coordinates":[[-99.1692,19.41277],[-99.16914,19.41271],[-99.16909,19.41262],[-99.16907,19.41254]]}},{"type":"Feature","properties":{"c":"foot"},"geometry":{"type":"LineString","coordinates":[[-99.16907,19.41254],[-99.16906,19.41245]]}},{"type":"Feature","properties":{"c":"foot"},"geometry":{"type":"LineString","coordinates":[[-99.169,19.4128],[-99.16899,19.41274],[-99.16901,19.41266],[-99.16902,19.41262],[-99.16907,19.41254]]}},{"type":"Feature","properties":{"c":"foot"},"geometry":{"type":"LineString","coordinates":[[-99.1692,19.41277],[-99.16916,19.41283],[-99.1691,19.41288],[-99.16905,19.41291]]}},{"type":"Feature","properties":{"c":"foot"},"geometry":{"type":"LineString","coordinates":[[-99.16971,19.41287],[-99.16959,19.41303],[-99.16948,19.41314]]}},{"type":"Feature","properties":{"c":"foot"},"geometry":{"type":"LineString","coordinates":[[-99.16903,19.41423],[-99.16904,19.41394]]}},{"type":"Feature","properties":{"c":"foot"},"geometry":{"type":"LineString","coordinates":[[-99.16893,19.41422],[-99.16893,19.41395]]}},{"type":"Feature","properties":{"c":"foot"},"geometry":{"type":"LineString","coordinates":[[-99.169,19.4139],[-99.169,19.41389]]}},{"type":"Feature","properties":{"c":"foot"},"geometry":{"type":"LineString","coordinates":[[-99.169,19.41389],[-99.169,19.41388],[-99.16899,19.41388]]}},{"type":"Feature","properties":{"c":"foot"},"geometry":{"type":"LineString","coordinates":[[-99.16899,19.41388],[-99.16897,19.41388],[-99.16897,19.41389]]}},{"type":"Feature","properties":{"c":"foot"},"geometry":{"type":"LineString","coordinates":[[-99.16897,19.41389],[-99.16897,19.4139],[-99.16899,19.4139]]}},{"type":"Feature","properties":{"c":"foot"},"geometry":{"type":"LineString","coordinates":[[-99.16899,19.4139],[-99.169,19.4139]]}},{"type":"Feature","properties":{"c":"foot"},"geometry":{"type":"LineString","coordinates":[[-99.16899,19.41387],[-99.16899,19.41385]]}},{"type":"Feature","properties":{"c":"foot"},"geometry":{"type":"LineString","coordinates":[[-99.16897,19.41389],[-99.16895,19.41389]]}},{"type":"Feature","properties":{"c":"foot"},"geometry":{"type":"LineString","coordinates":[[-99.16898,19.41395],[-99.16898,19.41392]]}},{"type":"Feature","properties":{"c":"foot"},"geometry":{"type":"LineString","coordinates":[[-99.16899,19.41385],[-99.16899,19.41382]]}},{"type":"Feature","properties":{"c":"foot"},"geometry":{"type":"LineString","coordinates":[[-99.16895,19.41389],[-99.16893,19.41389]]}},{"type":"Feature","properties":{"c":"foot"},"geometry":{"type":"LineString","coordinates":[[-99.16904,19.41389],[-99.16902,19.41389]]}},{"type":"Feature","properties":{"c":"foot"},"geometry":{"type":"LineString","coordinates":[[-99.16898,19.41392],[-99.16899,19.41391]]}},{"type":"Feature","properties":{"c":"foot"},"geometry":{"type":"LineString","coordinates":[[-99.16902,19.41389],[-99.169,19.41389]]}},{"type":"Feature","properties":{"c":"foot"},"geometry":{"type":"LineString","coordinates":[[-99.16854,19.41376],[-99.1686,19.41368]]}},{"type":"Feature","properties":{"c":"foot"},"geometry":{"type":"LineString","coordinates":[[-99.1686,19.41368],[-99.16868,19.41361]]}},{"type":"Feature","properties":{"c":"foot"},"geometry":{"type":"LineString","coordinates":[[-99.16824,19.41313],[-99.16808,19.41305]]}},{"type":"Feature","properties":{"c":"foot"},"geometry":{"type":"LineString","coordinates":[[-99.16842,19.41315],[-99.16824,19.41313]]}},{"type":"Feature","properties":{"c":"foot"},"geometry":{"type":"LineString","coordinates":[[-99.16824,19.41313],[-99.1681,19.41317]]}},{"type":"Feature","properties":{"c":"foot"},"geometry":{"type":"LineString","coordinates":[[-99.16977,19.41159],[-99.16979,19.4116]]}},{"type":"Feature","properties":{"c":"foot"},"geometry":{"type":"LineString","coordinates":[[-99.16976,19.41159],[-99.16977,19.41159]]}},{"type":"Feature","properties":{"c":"foot"},"geometry":{"type":"LineString","coordinates":[[-99.16976,19.41159],[-99.16938,19.41147]]}},{"type":"Feature","properties":{"c":"foot"},"geometry":{"type":"LineString","coordinates":[[-99.16938,19.41147],[-99.16937,19.41147]]}},{"type":"Feature","properties":{"c":"foot"},"geometry":{"type":"LineString","coordinates":[[-99.16937,19.41147],[-99.16935,19.41146]]}},{"type":"Feature","properties":{"c":"foot"},"geometry":{"type":"LineString","coordinates":[[-99.17005,19.41197],[-99.16977,19.41186]]}},{"type":"Feature","properties":{"c":"foot"},"geometry":{"type":"LineString","coordinates":[[-99.16918,19.41169],[-99.1689,19.4116]]}},{"type":"Feature","properties":{"c":"foot"},"geometry":{"type":"LineString","coordinates":[[-99.16999,19.41228],[-99.1701,19.41242]]}},{"type":"Feature","properties":{"c":"foot"},"geometry":{"type":"LineString","coordinates":[[-99.16863,19.41318],[-99.16863,19.41325],[-99.16866,19.41331]]}},{"type":"Feature","properties":{"c":"foot"},"geometry":{"type":"LineString","coordinates":[[-99.16899,19.41391],[-99.16899,19.4139]]}},{"type":"Feature","properties":{"c":"foot"},"geometry":{"type":"LineString","coordinates":[[-99.16899,19.41388],[-99.16899,19.41387]]}},{"type":"Feature","properties":{"c":"foot"},"geometry":{"type":"LineString","coordinates":[[-99.16916,19.41209],[-99.16947,19.41216],[-99.16951,19.41217],[-99.16956,19.4122],[-99.1696,19.41223]]}},{"type":"Feature","properties":{"c":"foot"},"geometry":{"type":"LineString","coordinates":[[-99.16883,19.41327],[-99.1688,19.41326],[-99.16871,19.41321],[-99.16863,19.41318]]}},{"type":"Feature","properties":{"c":"foot"},"geometry":{"type":"LineString","coordinates":[[-99.16863,19.41318],[-99.16842,19.41315]]}},{"type":"Feature","properties":{"c":"foot"},"geometry":{"type":"LineString","coordinates":[[-99.16888,19.4133],[-99.16883,19.41327]]}},{"type":"Feature","properties":{"c":"foot"},"geometry":{"type":"LineString","coordinates":[[-99.169,19.4128],[-99.16894,19.41284]]}},{"type":"Feature","properties":{"c":"foot"},"geometry":{"type":"LineString","coordinates":[[-99.16894,19.41284],[-99.16888,19.41287]]}},{"type":"Feature","properties":{"c":"foot"},"geometry":{"type":"LineString","coordinates":[[-99.16887,19.41274],[-99.1688,19.41268],[-99.16872,19.41258],[-99.16864,19.41247],[-99.16858,19.41236],[-99.16852,19.41224]]}},{"type":"Feature","properties":{"c":"foot"},"geometry":{"type":"LineString","coordinates":[[-99.16892,19.41277],[-99.16887,19.41274]]}},{"type":"Feature","properties":{"c":"foot"},"geometry":{"type":"LineString","coordinates":[[-99.16906,19.41238],[-99.16906,19.41233],[-99.16908,19.41225],[-99.16916,19.41209]]}},{"type":"Feature","properties":{"c":"foot"},"geometry":{"type":"LineString","coordinates":[[-99.16906,19.41245],[-99.16905,19.4124],[-99.16906,19.41238]]}},{"type":"Feature","properties":{"c":"minor"},"geometry":{"type":"LineString","coordinates":[[-99.13733,19.43147],[-99.13747,19.43064]]}},{"type":"Feature","properties":{"c":"foot","n":"Transbordo Salto del Agua"},"geometry":{"type":"LineString","coordinates":[[-99.14166,19.42804],[-99.14165,19.4281]]}},{"type":"Feature","properties":{"c":"foot","n":"Transbordo Salto del Agua"},"geometry":{"type":"LineString","coordinates":[[-99.14165,19.4281],[-99.14164,19.42816]]}},{"type":"Feature","properties":{"c":"foot"},"geometry":{"type":"LineString","coordinates":[[-99.1419,19.42721],[-99.14175,19.42812],[-99.14165,19.4281]]}},{"type":"Feature","properties":{"c":"foot"},"geometry":{"type":"LineString","coordinates":[[-99.1419,19.42806],[-99.14187,19.42806],[-99.14202,19.4272]]}},{"type":"Feature","properties":{"c":"foot"},"geometry":{"type":"LineString","coordinates":[[-99.16711,19.34948],[-99.16717,19.34961]]}},{"type":"Feature","properties":{"c":"foot"},"geometry":{"type":"LineString","coordinates":[[-99.16717,19.34961],[-99.1672,19.3497]]}},{"type":"Feature","properties":{"c":"foot"},"geometry":{"type":"LineString","coordinates":[[-99.1671,19.34969],[-99.16717,19.34961]]}},{"type":"Feature","properties":{"c":"foot"},"geometry":{"type":"LineString","coordinates":[[-99.16717,19.34961],[-99.16727,19.34949]]}},{"type":"Feature","properties":{"c":"foot"},"geometry":{"type":"LineString","coordinates":[[-99.16684,19.34954],[-99.16678,19.34947]]}},{"type":"Feature","properties":{"c":"foot"},"geometry":{"type":"LineString","coordinates":[[-99.16687,19.34954],[-99.16693,19.34948]]}},{"type":"Feature","properties":{"c":"foot"},"geometry":{"type":"LineString","coordinates":[[-99.16677,19.34964],[-99.16684,19.34958]]}},{"type":"Feature","properties":{"c":"foot"},"geometry":{"type":"LineString","coordinates":[[-99.16688,19.34955],[-99.16687,19.34954]]}},{"type":"Feature","properties":{"c":"foot"},"geometry":{"type":"LineString","coordinates":[[-99.16687,19.34954],[-99.16685,19.34953],[-99.16684,19.34954]]}},{"type":"Feature","properties":{"c":"foot"},"geometry":{"type":"LineString","coordinates":[[-99.16684,19.34954],[-99.16683,19.34955],[-99.16683,19.34956],[-99.16684,19.34958]]}},{"type":"Feature","properties":{"c":"foot"},"geometry":{"type":"LineString","coordinates":[[-99.16684,19.34958],[-99.16685,19.34958],[-99.16686,19.34958],[-99.16687,19.34958]]}},{"type":"Feature","properties":{"c":"foot"},"geometry":{"type":"LineString","coordinates":[[-99.16687,19.34958],[-99.16687,19.34957],[-99.16688,19.34955]]}},{"type":"Feature","properties":{"c":"foot"},"geometry":{"type":"LineString","coordinates":[[-99.16693,19.34965],[-99.16687,19.34958]]}},{"type":"Feature","properties":{"c":"minor"},"geometry":{"type":"LineString","coordinates":[[-99.17194,19.42258],[-99.17201,19.42254]]}},{"type":"Feature","properties":{"c":"minor"},"geometry":{"type":"LineString","coordinates":[[-99.17201,19.42254],[-99.17203,19.42253]]}},{"type":"Feature","properties":{"c":"minor"},"geometry":{"type":"LineString","coordinates":[[-99.17199,19.42247],[-99.17198,19.42248]]}},{"type":"Feature","properties":{"c":"minor"},"geometry":{"type":"LineString","coordinates":[[-99.17198,19.42248],[-99.17191,19.42252]]}},{"type":"Feature","properties":{"c":"minor"},"geometry":{"type":"LineString","coordinates":[[-99.1719,19.42229],[-99.17189,19.4223]]}},{"type":"Feature","properties":{"c":"minor"},"geometry":{"type":"LineString","coordinates":[[-99.17189,19.4223],[-99.17181,19.42233]]}},{"type":"Feature","properties":{"c":"foot"},"geometry":{"type":"LineString","coordinates":[[-99.15317,19.41185],[-99.15325,19.41187],[-99.15319,19.41224]]}},{"type":"Feature","properties":{"c":"foot"},"geometry":{"type":"LineString","coordinates":[[-99.15319,19.41224],[-99.15316,19.41238]]}},{"type":"Feature","properties":{"c":"foot"},"geometry":{"type":"LineString","coordinates":[[-99.15316,19.41238],[-99.15313,19.41258],[-99.15315,19.41263]]}},{"type":"Feature","properties":{"c":"foot"},"geometry":{"type":"LineString","coordinates":[[-99.15315,19.41263],[-99.15324,19.4128],[-99.15319,19.41287]]}},{"type":"Feature","properties":{"c":"foot"},"geometry":{"type":"LineString","coordinates":[[-99.15319,19.41287],[-99.15325,19.41297]]}},{"type":"Feature","properties":{"c":"foot"},"geometry":{"type":"LineString","coordinates":[[-99.15325,19.41297],[-99.15328,19.41303]]}},{"type":"Feature","properties":{"c":"foot"},"geometry":{"type":"LineString","coordinates":[[-99.15328,19.41303],[-99.15379,19.41277],[-99.15381,19.41277]]}},{"type":"Feature","properties":{"c":"foot"},"geometry":{"type":"LineString","coordinates":[[-99.15381,19.41277],[-99.15385,19.41281]]}},{"type":"Feature","properties":{"c":"foot"},"geometry":{"type":"LineString","coordinates":[[-99.15385,19.41281],[-99.15385,19.41283],[-99.15393,19.41295],[-99.15398,19.41298],[-99.15408,19.41309]]}},{"type":"Feature","properties":{"c":"foot"},"geometry":{"type":"LineString","coordinates":[[-99.15394,19.41216],[-99.1536,19.41232]]}},{"type":"Feature","properties":{"c":"foot"},"geometry":{"type":"LineString","coordinates":[[-99.1536,19.41232],[-99.15355,19.41234]]}},{"type":"Feature","properties":{"c":"foot"},"geometry":{"type":"LineString","coordinates":[[-99.15355,19.41234],[-99.15338,19.41243],[-99.15316,19.41238]]}},{"type":"Feature","properties":{"c":"foot"},"geometry":{"type":"LineString","coordinates":[[-99.15316,19.41238],[-99.15303,19.41236]]}},{"type":"Feature","properties":{"c":"foot"},"geometry":{"type":"LineString","coordinates":[[-99.15303,19.41236],[-99.15223,19.41223]]}},{"type":"Feature","properties":{"c":"foot"},"geometry":{"type":"LineString","coordinates":[[-99.15319,19.41224],[-99.15346,19.4121]]}},{"type":"Feature","properties":{"c":"foot"},"geometry":{"type":"LineString","coordinates":[[-99.15346,19.4121],[-99.15371,19.41196]]}},{"type":"Feature","properties":{"c":"foot"},"geometry":{"type":"LineString","coordinates":[[-99.15371,19.41196],[-99.15383,19.4119]]}},{"type":"Feature","properties":{"c":"foot"},"geometry":{"type":"LineString","coordinates":[[-99.15371,19.41196],[-99.15366,19.41189],[-99.1536,19.41189]]}},{"type":"Feature","properties":{"c":"foot"},"geometry":{"type":"LineString","coordinates":[[-99.15315,19.41263],[-99.15359,19.41241]]}},{"type":"Feature","properties":{"c":"foot"},"geometry":{"type":"LineString","coordinates":[[-99.15359,19.41241],[-99.15368,19.41237]]}},{"type":"Feature","properties":{"c":"foot"},"geometry":{"type":"LineString","coordinates":[[-99.1536,19.41232],[-99.15346,19.4121]]}},{"type":"Feature","properties":{"c":"foot"},"geometry":{"type":"LineString","coordinates":[[-99.15355,19.41234],[-99.15359,19.41241]]}},{"type":"Feature","properties":{"c":"foot"},"geometry":{"type":"LineString","coordinates":[[-99.17201,19.4229],[-99.1717,19.42304]]}},{"type":"Feature","properties":{"c":"foot"},"geometry":{"type":"LineString","coordinates":[[-99.1717,19.42304],[-99.17117,19.42329]]}},{"type":"Feature","properties":{"c":"foot"},"geometry":{"type":"LineString","coordinates":[[-99.17117,19.42329],[-99.17109,19.42333]]}},{"type":"Feature","properties":{"c":"foot"},"geometry":{"type":"LineString","coordinates":[[-99.17109,19.42333],[-99.17087,19.42343]]}},{"type":"Feature","properties":{"c":"foot"},"geometry":{"type":"LineString","coordinates":[[-99.17087,19.42343],[-99.17095,19.42358]]}},{"type":"Feature","properties":{"c":"foot"},"geometry":{"type":"LineString","coordinates":[[-99.17095,19.42358],[-99.17117,19.424],[-99.17124,19.42397]]}},{"type":"Feature","properties":{"c":"foot"},"geometry":{"type":"LineString","coordinates":[[-99.17124,19.42397],[-99.1714,19.42389]]}},{"type":"Feature","properties":{"c":"foot"},"geometry":{"type":"LineString","coordinates":[[-99.1714,19.42389],[-99.17171,19.42374]]}},{"type":"Feature","properties":{"c":"foot"},"geometry":{"type":"LineString","coordinates":[[-99.17171,19.42374],[-99.1718,19.4237]]}},{"type":"Feature","properties":{"c":"foot"},"geometry":{"type":"LineString","coordinates":[[-99.1718,19.4237],[-99.17189,19.42366]]}},{"type":"Feature","properties":{"c":"foot"},"geometry":{"type":"LineString","coordinates":[[-99.17189,19.42366],[-99.17204,19.42358],[-99.1722,19.42351],[-99.17231,19.42346],[-99.1722,19.42325],[-99.17217,19.42318],[-99.17211,19.42309],[-99.17201,19.4229]]}},{"type":"Feature","properties":{"c":"foot"},"geometry":{"type":"LineString","coordinates":[[-99.17201,19.4229],[-99.17198,19.42282]]}},{"type":"Feature","properties":{"c":"foot"},"geometry":{"type":"LineString","coordinates":[[-99.17198,19.42282],[-99.17194,19.42275]]}},{"type":"Feature","properties":{"c":"foot"},"geometry":{"type":"LineString","coordinates":[[-99.17199,19.42371],[-99.17196,19.42373]]}},{"type":"Feature","properties":{"c":"foot"},"geometry":{"type":"LineString","coordinates":[[-99.17196,19.42373],[-99.17192,19.42374]]}},{"type":"Feature","properties":{"c":"foot"},"geometry":{"type":"LineString","coordinates":[[-99.16999,19.42368],[-99.1706,19.42338]]}},{"type":"Feature","properties":{"c":"foot"},"geometry":{"type":"LineString","coordinates":[[-99.1706,19.42338],[-99.1702,19.42264]]}},{"type":"Feature","properties":{"c":"foot"},"geometry":{"type":"LineString","coordinates":[[-99.1702,19.42264],[-99.1702,19.42263]]}},{"type":"Feature","properties":{"c":"foot"},"geometry":{"type":"LineString","coordinates":[[-99.16991,19.42372],[-99.16945,19.42393]]}},{"type":"Feature","properties":{"c":"foot"},"geometry":{"type":"LineString","coordinates":[[-99.16945,19.42393],[-99.16906,19.42319]]}},{"type":"Feature","properties":{"c":"foot"},"geometry":{"type":"LineString","coordinates":[[-99.16906,19.42319],[-99.16951,19.42297]]}},{"type":"Feature","properties":{"c":"foot"},"geometry":{"type":"LineString","coordinates":[[-99.16951,19.42297],[-99.16991,19.42372]]}},{"type":"Feature","properties":{"c":"foot"},"geometry":{"type":"LineString","coordinates":[[-99.1702,19.42263],[-99.17017,19.42257]]}},{"type":"Feature","properties":{"c":"foot"},"geometry":{"type":"LineString","coordinates":[[-99.17017,19.42257],[-99.17013,19.4225]]}},{"type":"Feature","properties":{"c":"foot"},"geometry":{"type":"LineString","coordinates":[[-99.1702,19.42264],[-99.1696,19.42293]]}},{"type":"Feature","properties":{"c":"foot"},"geometry":{"type":"LineString","coordinates":[[-99.1696,19.42293],[-99.16999,19.42368]]}},{"type":"Feature","properties":{"c":"foot"},"geometry":{"type":"LineString","coordinates":[[-99.16906,19.42319],[-99.16902,19.42311]]}},{"type":"Feature","properties":{"c":"foot"},"geometry":{"type":"LineString","coordinates":[[-99.16902,19.42311],[-99.16898,19.42303]]}},{"type":"Feature","properties":{"c":"foot"},"geometry":{"type":"LineString","coordinates":[[-99.1696,19.42293],[-99.16956,19.42295]]}},{"type":"Feature","properties":{"c":"foot"},"geometry":{"type":"LineString","coordinates":[[-99.16956,19.42295],[-99.16951,19.42297]]}},{"type":"Feature","properties":{"c":"foot"},"geometry":{"type":"LineString","coordinates":[[-99.1708,19.42329],[-99.1707,19.42334]]}},{"type":"Feature","properties":{"c":"foot"},"geometry":{"type":"LineString","coordinates":[[-99.1707,19.42334],[-99.1706,19.42338]]}},{"type":"Feature","properties":{"c":"foot"},"geometry":{"type":"LineString","coordinates":[[-99.16999,19.42368],[-99.16994,19.4237]]}},{"type":"Feature","properties":{"c":"foot"},"geometry":{"type":"LineString","coordinates":[[-99.16994,19.4237],[-99.16991,19.42372]]}},{"type":"Feature","properties":{"c":"minor"},"geometry":{"type":"LineString","coordinates":[[-99.17113,19.42322],[-99.1711,19.42315]]}},{"type":"Feature","properties":{"c":"minor"},"geometry":{"type":"LineString","coordinates":[[-99.1711,19.42315],[-99.17109,19.42314]]}},{"type":"Feature","properties":{"c":"minor"},"geometry":{"type":"LineString","coordinates":[[-99.17104,19.42327],[-99.171,19.42319]]}},{"type":"Feature","properties":{"c":"minor"},"geometry":{"type":"LineString","coordinates":[[-99.17069,19.42301],[-99.17066,19.42303]]}},{"type":"Feature","properties":{"c":"minor"},"geometry":{"type":"LineString","coordinates":[[-99.17066,19.42303],[-99.17056,19.42308]]}},{"type":"Feature","properties":{"c":"minor"},"geometry":{"type":"LineString","coordinates":[[-99.17057,19.42283],[-99.17056,19.42284]]}},{"type":"Feature","properties":{"c":"minor"},"geometry":{"type":"LineString","coordinates":[[-99.17056,19.42284],[-99.17046,19.42288]]}},{"type":"Feature","properties":{"c":"minor"},"geometry":{"type":"LineString","coordinates":[[-99.17051,19.42273],[-99.1705,19.42273]]}},{"type":"Feature","properties":{"c":"minor"},"geometry":{"type":"LineString","coordinates":[[-99.1705,19.42273],[-99.17041,19.42278]]}},{"type":"Feature","properties":{"c":"minor"},"geometry":{"type":"LineString","coordinates":[[-99.1717,19.42306],[-99.1717,19.42304]]}},{"type":"Feature","properties":{"c":"minor"},"geometry":{"type":"LineString","coordinates":[[-99.1717,19.42304],[-99.17166,19.42297]]}},{"type":"Feature","properties":{"c":"minor"},"geometry":{"type":"LineString","coordinates":[[-99.17117,19.42331],[-99.17117,19.42329]]}},{"type":"Feature","properties":{"c":"minor"},"geometry":{"type":"LineString","coordinates":[[-99.17117,19.42329],[-99.17113,19.42322]]}},{"type":"Feature","properties":{"c":"minor"},"geometry":{"type":"LineString","coordinates":[[-99.1711,19.42334],[-99.17109,19.42333]]}},{"type":"Feature","properties":{"c":"minor"},"geometry":{"type":"LineString","coordinates":[[-99.17109,19.42333],[-99.17106,19.42326]]}},{"type":"Feature","properties":{"c":"minor"},"geometry":{"type":"LineString","coordinates":[[-99.17096,19.42358],[-99.17095,19.42358]]}},{"type":"Feature","properties":{"c":"minor"},"geometry":{"type":"LineString","coordinates":[[-99.17095,19.42358],[-99.17085,19.42363]]}},{"type":"Feature","properties":{"c":"minor"},"geometry":{"type":"LineString","coordinates":[[-99.17126,19.424],[-99.17124,19.42397]]}},{"type":"Feature","properties":{"c":"minor"},"geometry":{"type":"LineString","coordinates":[[-99.17124,19.42397],[-99.17123,19.42396]]}},{"type":"Feature","properties":{"c":"minor"},"geometry":{"type":"LineString","coordinates":[[-99.17142,19.42393],[-99.1714,19.42389]]}},{"type":"Feature","properties":{"c":"minor"},"geometry":{"type":"LineString","coordinates":[[-99.1714,19.42389],[-99.1714,19.42388]]}},{"type":"Feature","properties":{"c":"minor"},"geometry":{"type":"LineString","coordinates":[[-99.17173,19.42378],[-99.17171,19.42374]]}},{"type":"Feature","properties":{"c":"minor"},"geometry":{"type":"LineString","coordinates":[[-99.17171,19.42374],[-99.1717,19.42373]]}},{"type":"Feature","properties":{"c":"minor"},"geometry":{"type":"LineString","coordinates":[[-99.17182,19.42374],[-99.1718,19.4237]]}},{"type":"Feature","properties":{"c":"minor"},"geometry":{"type":"LineString","coordinates":[[-99.1718,19.4237],[-99.17179,19.42369]]}},{"type":"Feature","properties":{"c":"minor"},"geometry":{"type":"LineString","coordinates":[[-99.17191,19.4237],[-99.17189,19.42366]]}},{"type":"Feature","properties":{"c":"minor"},"geometry":{"type":"LineString","coordinates":[[-99.17189,19.42366],[-99.17189,19.42365]]}},{"type":"Feature","properties":{"c":"minor"},"geometry":{"type":"LineString","coordinates":[[-99.17206,19.42332],[-99.17184,19.42342]]}},{"type":"Feature","properties":{"c":"minor","n":"Calle Tokio"},"geometry":{"type":"LineString","coordinates":[[-99.1724,19.42347],[-99.17233,19.4235],[-99.17222,19.42355],[-99.17207,19.42363],[-99.17194,19.42368]]}},{"type":"Feature","properties":{"c":"minor","n":"Calle Tokio"},"geometry":{"type":"LineString","coordinates":[[-99.17194,19.42368],[-99.17191,19.4237]]}},{"type":"Feature","properties":{"c":"minor","n":"Calle Tokio"},"geometry":{"type":"LineString","coordinates":[[-99.17191,19.4237],[-99.17182,19.42374]]}},{"type":"Feature","properties":{"c":"minor","n":"Calle Tokio"},"geometry":{"type":"LineString","coordinates":[[-99.17182,19.42374],[-99.17173,19.42378]]}},{"type":"Feature","properties":{"c":"minor","n":"Calle Tokio"},"geometry":{"type":"LineString","coordinates":[[-99.17173,19.42378],[-99.17142,19.42393]]}},{"type":"Feature","properties":{"c":"minor","n":"Calle Tokio"},"geometry":{"type":"LineString","coordinates":[[-99.17142,19.42393],[-99.17126,19.424]]}},{"type":"Feature","properties":{"c":"minor","n":"Calle Tokio"},"geometry":{"type":"LineString","coordinates":[[-99.17126,19.424],[-99.17121,19.42403],[-99.17119,19.42404],[-99.17108,19.42409]]}},{"type":"Feature","properties":{"c":"minor","n":"Calle Tokio"},"geometry":{"type":"LineString","coordinates":[[-99.17108,19.42409],[-99.17099,19.42413],[-99.16987,19.42466],[-99.16983,19.42467],[-99.16977,19.4247]]}},{"type":"Feature","properties":{"c":"foot"},"geometry":{"type":"LineString","coordinates":[[-99.15205,19.41306],[-99.15217,19.41308],[-99.15249,19.41313],[-99.15284,19.41319],[-99.1529,19.4132],[-99.15295,19.41321],[-99.1531,19.41313]]}},{"type":"Feature","properties":{"c":"foot"},"geometry":{"type":"LineString","coordinates":[[-99.1531,19.41313],[-99.15328,19.41303]]}},{"type":"Feature","properties":{"c":"foot"},"geometry":{"type":"LineString","coordinates":[[-99.15328,19.41303],[-99.15331,19.41309],[-99.15383,19.41282],[-99.15385,19.41281]]}},{"type":"Feature","properties":{"c":"minor"},"geometry":{"type":"LineString","coordinates":[[-99.15387,19.41341],[-99.15383,19.41334],[-99.15379,19.41327],[-99.15377,19.41325],[-99.15373,19.41327]]}},{"type":"Feature","properties":{"c":"minor"},"geometry":{"type":"LineString","coordinates":[[-99.15398,19.41219],[-99.15398,19.41232],[-99.15396,19.41255],[-99.15396,19.41261]]}},{"type":"Feature","properties":{"c":"minor"},"geometry":{"type":"LineString","coordinates":[[-99.15396,19.41261],[-99.15397,19.41262],[-99.15409,19.41264],[-99.15419,19.41265],[-99.15425,19.41266],[-99.1543,19.41265]]}},{"type":"Feature","properties":{"c":"minor"},"geometry":{"type":"LineString","coordinates":[[-99.15465,19.41269],[-99.15456,19.41268],[-99.15454,19.41268],[-99.15447,19.41267],[-99.15441,19.41266],[-99.15437,19.41263]]}},{"type":"Feature","properties":{"c":"foot"},"geometry":{"type":"LineString","coordinates":[[-99.15381,19.41277],[-99.15392,19.41267],[-99.15396,19.41261]]}},{"type":"Feature","properties":{"c":"foot"},"geometry":{"type":"LineString","coordinates":[[-99.15307,19.41299],[-99.1531,19.41304],[-99.15325,19.41297]]}},{"type":"Feature","properties":{"c":"foot"},"geometry":{"type":"LineString","coordinates":[[-99.15319,19.41287],[-99.15304,19.41295],[-99.15307,19.41299]]}},{"type":"Feature","properties":{"c":"foot"},"geometry":{"type":"LineString","coordinates":[[-99.15307,19.41299],[-99.15302,19.41302],[-99.15294,19.41302]]}},{"type":"Feature","properties":{"c":"foot"},"geometry":{"type":"LineString","coordinates":[[-99.15303,19.41236],[-99.15292,19.41292]]}},{"type":"Feature","properties":{"c":"major","n":"Calle Florencia"},"geometry":{"type":"LineString","coordinates":[[-99.16589,19.42348],[-99.16592,19.42355]]}},{"type":"Feature","properties":{"c":"major","n":"Calle Florencia"},"geometry":{"type":"LineString","coordinates":[[-99.16592,19.42355],[-99.16617,19.42403]]}},{"type":"Feature","properties":{"c":"major","n":"Calle Florencia"},"geometry":{"type":"LineString","coordinates":[[-99.16579,19.42353],[-99.16583,19.42359]]}},{"type":"Feature","properties":{"c":"major","n":"Calle Florencia"},"geometry":{"type":"LineString","coordinates":[[-99.16583,19.42359],[-99.16608,19.42407]]}},{"type":"Feature","properties":{"c":"major","n":"Calle Sevilla"},"geometry":{"type":"LineString","coordinates":[[-99.17108,19.42409],[-99.17094,19.42382]]}},{"type":"Feature","properties":{"c":"major","n":"Calle Sevilla"},"geometry":{"type":"LineString","coordinates":[[-99.17046,19.42288],[-99.17041,19.42278]]}},{"type":"Feature","properties":{"c":"major","n":"Calle Sevilla"},"geometry":{"type":"LineString","coordinates":[[-99.17041,19.42278],[-99.17034,19.42265],[-99.17032,19.42262],[-99.1703,19.42258]]}},{"type":"Feature","properties":{"c":"major","n":"Calle Sevilla"},"geometry":{"type":"LineString","coordinates":[[-99.1703,19.42258],[-99.17027,19.42252]]}},{"type":"Feature","properties":{"c":"minor","n":"Calle Aldaco"},"geometry":{"type":"LineString","coordinates":[[-99.13999,19.42889],[-99.14006,19.42822]]}},{"type":"Feature","properties":{"c":"minor","n":"Calle Aldaco"},"geometry":{"type":"LineString","coordinates":[[-99.14006,19.42822],[-99.1401,19.42784]]}},{"type":"Feature","properties":{"c":"foot"},"geometry":{"type":"LineString","coordinates":[[-99.1531,19.41313],[-99.15314,19.41319]]}},{"type":"Feature","properties":{"c":"foot"},"geometry":{"type":"LineString","coordinates":[[-99.16576,19.41975],[-99.16575,19.41971],[-99.16575,19.41965]]}},{"type":"Feature","properties":{"c":"major","n":"Avenida Oaxaca"},"geometry":{"type":"LineString","coordinates":[[-99.16941,19.41649],[-99.16938,19.41652],[-99.16934,19.41657]]}},{"type":"Feature","properties":{"c":"major","n":"Avenida Oaxaca"},"geometry":{"type":"LineString","coordinates":[[-99.16934,19.41657],[-99.1691,19.41684]]}},{"type":"Feature","properties":{"c":"major","n":"Avenida Oaxaca"},"geometry":{"type":"LineString","coordinates":[[-99.1691,19.41684],[-99.16904,19.41691]]}},{"type":"Feature","properties":{"c":"foot"},"geometry":{"type":"LineString","coordinates":[[-99.16953,19.42407],[-99.16982,19.42463],[-99.17096,19.42409],[-99.17068,19.42353]]}},{"type":"Feature","properties":{"c":"foot"},"geometry":{"type":"LineString","coordinates":[[-99.17068,19.42353],[-99.16953,19.42407]]}},{"type":"Feature","properties":{"c":"foot"},"geometry":{"type":"LineString","coordinates":[[-99.17068,19.42353],[-99.17064,19.42345]]}},{"type":"Feature","properties":{"c":"foot"},"geometry":{"type":"LineString","coordinates":[[-99.17064,19.42345],[-99.1706,19.42338]]}},{"type":"Feature","properties":{"c":"foot"},"geometry":{"type":"LineString","coordinates":[[-99.17068,19.42353],[-99.17077,19.42348]]}},{"type":"Feature","properties":{"c":"foot"},"geometry":{"type":"LineString","coordinates":[[-99.17077,19.42348],[-99.17087,19.42343]]}},{"type":"Feature","properties":{"c":"foot"},"geometry":{"type":"LineString","coordinates":[[-99.17087,19.42343],[-99.17084,19.42336]]}},{"type":"Feature","properties":{"c":"foot"},"geometry":{"type":"LineString","coordinates":[[-99.17084,19.42336],[-99.1708,19.42329]]}},{"type":"Feature","properties":{"c":"foot"},"geometry":{"type":"LineString","coordinates":[[-99.16953,19.42407],[-99.16949,19.424]]}},{"type":"Feature","properties":{"c":"foot"},"geometry":{"type":"LineString","coordinates":[[-99.16949,19.424],[-99.16945,19.42393]]}},{"type":"Feature","properties":{"c":"foot"},"geometry":{"type":"LineString","coordinates":[[-99.16884,19.4231],[-99.1689,19.42307]]}},{"type":"Feature","properties":{"c":"foot"},"geometry":{"type":"LineString","coordinates":[[-99.1689,19.42307],[-99.16897,19.42303]]}},{"type":"Feature","properties":{"c":"foot"},"geometry":{"type":"LineString","coordinates":[[-99.16891,19.42326],[-99.16774,19.4238]]}},{"type":"Feature","properties":{"c":"foot"},"geometry":{"type":"LineString","coordinates":[[-99.16774,19.4238],[-99.16813,19.42455],[-99.16929,19.424]]}},{"type":"Feature","properties":{"c":"foot"},"geometry":{"type":"LineString","coordinates":[[-99.16929,19.424],[-99.16891,19.42326]]}},{"type":"Feature","properties":{"c":"foot"},"geometry":{"type":"LineString","coordinates":[[-99.16906,19.42319],[-99.16898,19.42322]]}},{"type":"Feature","properties":{"c":"foot"},"geometry":{"type":"LineString","coordinates":[[-99.16898,19.42322],[-99.16891,19.42326]]}},{"type":"Feature","properties":{"c":"foot"},"geometry":{"type":"LineString","coordinates":[[-99.16891,19.42326],[-99.16889,19.42322],[-99.16887,19.42318]]}},{"type":"Feature","properties":{"c":"foot"},"geometry":{"type":"LineString","coordinates":[[-99.16887,19.42318],[-99.16886,19.42314],[-99.16884,19.4231]]}},{"type":"Feature","properties":{"c":"foot"},"geometry":{"type":"LineString","coordinates":[[-99.16774,19.4238],[-99.1677,19.42373]]}},{"type":"Feature","properties":{"c":"foot"},"geometry":{"type":"LineString","coordinates":[[-99.1677,19.42373],[-99.16766,19.42366]]}},{"type":"Feature","properties":{"c":"foot"},"geometry":{"type":"LineString","coordinates":[[-99.16945,19.42393],[-99.16938,19.42397]]}},{"type":"Feature","properties":{"c":"foot"},"geometry":{"type":"LineString","coordinates":[[-99.16938,19.42397],[-99.16929,19.424]]}},{"type":"Feature","properties":{"c":"foot"},"geometry":{"type":"LineString","coordinates":[[-99.13427,19.436],[-99.13428,19.43588]]}},{"type":"Feature","properties":{"c":"minor"},"geometry":{"type":"LineString","coordinates":[[-99.15539,19.41493],[-99.15541,19.41504],[-99.15546,19.41524]]}},{"type":"Feature","properties":{"c":"foot"},"geometry":{"type":"LineString","coordinates":[[-99.13381,19.43367],[-99.13378,19.43363],[-99.13375,19.43361],[-99.13373,19.43359],[-99.13369,19.43357],[-99.13365,19.43355],[-99.13234,19.43339],[-99.13227,19.43344]]}},{"type":"Feature","properties":{"c":"foot"},"geometry":{"type":"LineString","coordinates":[[-99.13227,19.43344],[-99.13223,19.43347]]}},{"type":"Feature","properties":{"c":"foot"},"geometry":{"type":"LineString","coordinates":[[-99.13223,19.43347],[-99.13235,19.43348]]}},{"type":"Feature","properties":{"c":"foot"},"geometry":{"type":"LineString","coordinates":[[-99.13235,19.43348],[-99.1324,19.43349]]}},{"type":"Feature","properties":{"c":"foot"},"geometry":{"type":"LineString","coordinates":[[-99.1324,19.43349],[-99.13241,19.43349],[-99.13341,19.43362],[-99.13363,19.43365],[-99.13365,19.43365],[-99.13368,19.43366]]}},{"type":"Feature","properties":{"c":"foot"},"geometry":{"type":"LineString","coordinates":[[-99.13368,19.43366],[-99.13381,19.43367]]}},{"type":"Feature","properties":{"c":"foot"},"geometry":{"type":"LineString","coordinates":[[-99.13382,19.43368],[-99.13388,19.43364]]}},{"type":"Feature","properties":{"c":"foot"},"geometry":{"type":"LineString","coordinates":[[-99.13388,19.43364],[-99.13394,19.43359]]}},{"type":"Feature","properties":{"c":"foot"},"geometry":{"type":"LineString","coordinates":[[-99.13394,19.43359],[-99.13396,19.43358]]}},{"type":"Feature","properties":{"c":"foot"},"geometry":{"type":"LineString","coordinates":[[-99.13396,19.43358],[-99.13401,19.43358]]}},{"type":"Feature","properties":{"c":"foot"},"geometry":{"type":"LineString","coordinates":[[-99.13401,19.43358],[-99.13405,19.43359]]}},{"type":"Feature","properties":{"c":"foot"},"geometry":{"type":"LineString","coordinates":[[-99.13405,19.43359],[-99.13409,19.43359],[-99.13415,19.4336]]}},{"type":"Feature","properties":{"c":"foot"},"geometry":{"type":"LineString","coordinates":[[-99.13369,19.43349],[-99.1337,19.43342]]}},{"type":"Feature","properties":{"c":"foot"},"geometry":{"type":"LineString","coordinates":[[-99.1337,19.43342],[-99.1337,19.4334]]}},{"type":"Feature","properties":{"c":"foot"},"geometry":{"type":"LineString","coordinates":[[-99.1337,19.4334],[-99.1337,19.43336]]}},{"type":"Feature","properties":{"c":"foot"},"geometry":{"type":"LineString","coordinates":[[-99.13427,19.43216],[-99.13421,19.43215],[-99.13412,19.43214]]}},{"type":"Feature","properties":{"c":"foot"},"geometry":{"type":"LineString","coordinates":[[-99.13412,19.43214],[-99.13414,19.43195]]}},{"type":"Feature","properties":{"c":"foot"},"geometry":{"type":"LineString","coordinates":[[-99.13203,19.43445],[-99.13205,19.43432],[-99.13207,19.43432],[-99.1321,19.43432],[-99.13208,19.43446],[-99.13216,19.43447],[-99.13215,19.43454]]}},{"type":"Feature","properties":{"c":"foot"},"geometry":{"type":"LineString","coordinates":[[-99.13215,19.43454],[-99.13215,19.43455]]}},{"type":"Feature","properties":{"c":"foot"},"geometry":{"type":"LineString","coordinates":[[-99.13215,19.43455],[-99.13215,19.43456]]}},{"type":"Feature","properties":{"c":"foot"},"geometry":{"type":"LineString","coordinates":[[-99.13215,19.43456],[-99.13212,19.43479]]}},{"type":"Feature","properties":{"c":"foot"},"geometry":{"type":"LineString","coordinates":[[-99.13212,19.43479],[-99.13211,19.43483],[-99.13216,19.43483]]}},{"type":"Feature","properties":{"c":"foot"},"geometry":{"type":"LineString","coordinates":[[-99.13216,19.43483],[-99.13221,19.43484],[-99.13239,19.4335],[-99.1324,19.43349]]}},{"type":"Feature","properties":{"c":"foot"},"geometry":{"type":"LineString","coordinates":[[-99.1324,19.43349],[-99.13235,19.43348]]}},{"type":"Feature","properties":{"c":"foot"},"geometry":{"type":"LineString","coordinates":[[-99.13235,19.43348],[-99.13223,19.43347]]}},{"type":"Feature","properties":{"c":"foot"},"geometry":{"type":"LineString","coordinates":[[-99.13223,19.43347],[-99.13195,19.43365],[-99.13193,19.43365]]}},{"type":"Feature","properties":{"c":"foot"},"geometry":{"type":"LineString","coordinates":[[-99.13193,19.43365],[-99.1319,19.43364]]}},{"type":"Feature","properties":{"c":"foot"},"geometry":{"type":"LineString","coordinates":[[-99.1319,19.43364],[-99.1319,19.43366]]}},{"type":"Feature","properties":{"c":"foot"},"geometry":{"type":"LineString","coordinates":[[-99.1319,19.43366],[-99.13189,19.43368]]}},{"type":"Feature","properties":{"c":"foot"},"geometry":{"type":"LineString","coordinates":[[-99.13189,19.43368],[-99.13188,19.43378],[-99.13187,19.43386],[-99.13186,19.43395],[-99.13184,19.43404],[-99.13183,19.43416],[-99.13181,19.43427],[-99.1318,19.4344],[-99.13179,19.43443],[-99.13183,19.43443]]}},{"type":"Feature","properties":{"c":"foot"},"geometry":{"type":"LineString","coordinates":[[-99.13183,19.43443],[-99.13198,19.43445],[-99.13203,19.43445]]}},{"type":"Feature","properties":{"c":"foot"},"geometry":{"type":"LineString","coordinates":[[-99.13267,19.43218],[-99.13259,19.43217]]}},{"type":"Feature","properties":{"c":"foot"},"geometry":{"type":"LineString","coordinates":[[-99.1325,19.43303],[-99.13256,19.43304]]}},{"type":"Feature","properties":{"c":"foot"},"geometry":{"type":"LineString","coordinates":[[-99.13209,19.43306],[-99.13208,19.43312]]}},{"type":"Feature","properties":{"c":"foot"},"geometry":{"type":"LineString","coordinates":[[-99.13219,19.43219],[-99.13218,19.43225]]}},{"type":"Feature","properties":{"c":"foot"},"geometry":{"type":"LineString","coordinates":[[-99.13218,19.43225],[-99.13218,19.43232],[-99.13211,19.43231]]}},{"type":"Feature","properties":{"c":"foot"},"geometry":{"type":"LineString","coordinates":[[-99.13208,19.43312],[-99.13207,19.43321],[-99.132,19.4332]]}},{"type":"Feature","properties":{"c":"foot"},"geometry":{"type":"LineString","coordinates":[[-99.17039,19.4224],[-99.17055,19.42231]]}},{"type":"Feature","properties":{"c":"foot"},"geometry":{"type":"LineString","coordinates":[[-99.17055,19.42231],[-99.17089,19.42213]]}},{"type":"Feature","properties":{"c":"foot"},"geometry":{"type":"LineString","coordinates":[[-99.17055,19.42231],[-99.17042,19.42223]]}},{"type":"Feature","properties":{"c":"foot"},"geometry":{"type":"LineString","coordinates":[[-99.13215,19.43492],[-99.13216,19.43483]]}},{"type":"Feature","properties":{"c":"foot"},"geometry":{"type":"LineString","coordinates":[[-99.13216,19.43483],[-99.1322,19.43455],[-99.13222,19.43444],[-99.13224,19.43429]]}},{"type":"Feature","properties":{"c":"foot"},"geometry":{"type":"LineString","coordinates":[[-99.13224,19.43429],[-99.13226,19.4341]]}},{"type":"Feature","properties":{"c":"foot"},"geometry":{"type":"LineString","coordinates":[[-99.13226,19.4341],[-99.13229,19.4339]]}},{"type":"Feature","properties":{"c":"foot"},"geometry":{"type":"LineString","coordinates":[[-99.13229,19.4339],[-99.13232,19.43371]]}},{"type":"Feature","properties":{"c":"foot"},"geometry":{"type":"LineString","coordinates":[[-99.13232,19.43371],[-99.13235,19.43348]]}},{"type":"Feature","properties":{"c":"foot"},"geometry":{"type":"LineString","coordinates":[[-99.13235,19.43348],[-99.13235,19.43345]]}},{"type":"Feature","properties":{"c":"minor"},"geometry":{"type":"LineString","coordinates":[[-99.13107,19.43107],[-99.1311,19.43107]]}},{"type":"Feature","properties":{"c":"minor"},"geometry":{"type":"LineString","coordinates":[[-99.1311,19.43107],[-99.13112,19.43107],[-99.13115,19.43108]]}},{"type":"Feature","properties":{"c":"minor"},"geometry":{"type":"LineString","coordinates":[[-99.16845,19.42226],[-99.16844,19.42219]]}},{"type":"Feature","properties":{"c":"minor"},"geometry":{"type":"LineString","coordinates":[[-99.16844,19.42219],[-99.16843,19.42217]]}},{"type":"Feature","properties":{"c":"minor","n":"Callejón de San Ignacio"},"geometry":{"type":"LineString","coordinates":[[-99.14144,19.42766],[-99.14143,19.42771],[-99.14131,19.42893],[-99.1413,19.429]]}},{"type":"Feature","properties":{"c":"minor"},"geometry":{"type":"LineString","coordinates":[[-99.13968,19.42803],[-99.13958,19.42802],[-99.13954,19.42801]]}},{"type":"Feature","properties":{"c":"minor"},"geometry":{"type":"LineString","coordinates":[[-99.13966,19.42818],[-99.13966,19.42816],[-99.13968,19.42803]]}},{"type":"Feature","properties":{"c":"minor"},"geometry":{"type":"LineString","coordinates":[[-99.13968,19.42803],[-99.13969,19.42789]]}},{"type":"Feature","properties":{"c":"minor"},"geometry":{"type":"LineString","coordinates":[[-99.1364,19.43201],[-99.13646,19.43201]]}},{"type":"Feature","properties":{"c":"minor"},"geometry":{"type":"LineString","coordinates":[[-99.15478,19.42276],[-99.15477,19.42259],[-99.15474,19.42243]]}},{"type":"Feature","properties":{"c":"foot"},"geometry":{"type":"LineString","coordinates":[[-99.17086,19.41433],[-99.17074,19.41427]]}},{"type":"Feature","properties":{"c":"minor"},"geometry":{"type":"LineString","coordinates":[[-99.15546,19.42154],[-99.15514,19.42153]]}},{"type":"Feature","properties":{"c":"foot"},"geometry":{"type":"LineString","coordinates":[[-99.1394,19.43328],[-99.13938,19.43349],[-99.13876,19.4334],[-99.13865,19.43338],[-99.13868,19.43317],[-99.13902,19.43322],[-99.13913,19.43323],[-99.13924,19.43325],[-99.13923,19.43327],[-99.1394,19.43328]]}},{"type":"Feature","properties":{"c":"foot"},"geometry":{"type":"LineString","coordinates":[[-99.13169,19.43566],[-99.1317,19.43566]]}},{"type":"Feature","properties":{"c":"foot"},"geometry":{"type":"LineString","coordinates":[[-99.1317,19.43566],[-99.13173,19.43567]]}},{"type":"Feature","properties":{"c":"foot"},"geometry":{"type":"LineString","coordinates":[[-99.13173,19.43567],[-99.13177,19.43567]]}},{"type":"Feature","properties":{"c":"foot"},"geometry":{"type":"LineString","coordinates":[[-99.13177,19.43567],[-99.13183,19.43529],[-99.13185,19.43516],[-99.13188,19.43492],[-99.13208,19.43495]]}},{"type":"Feature","properties":{"c":"foot"},"geometry":{"type":"LineString","coordinates":[[-99.13208,19.43495],[-99.13208,19.43493]]}},{"type":"Feature","properties":{"c":"foot"},"geometry":{"type":"LineString","coordinates":[[-99.13208,19.43493],[-99.13209,19.43491]]}},{"type":"Feature","properties":{"c":"foot"},"geometry":{"type":"LineString","coordinates":[[-99.13209,19.43491],[-99.13209,19.43487],[-99.13192,19.43485],[-99.1319,19.43485],[-99.13183,19.43484],[-99.13182,19.43489],[-99.13181,19.43489],[-99.13176,19.43528],[-99.13171,19.43558],[-99.13171,19.43561]]}},{"type":"Feature","properties":{"c":"foot"},"geometry":{"type":"LineString","coordinates":[[-99.13171,19.43561],[-99.1317,19.43564]]}},{"type":"Feature","properties":{"c":"foot"},"geometry":{"type":"LineString","coordinates":[[-99.1317,19.43564],[-99.13169,19.43564]]}},{"type":"Feature","properties":{"c":"foot"},"geometry":{"type":"LineString","coordinates":[[-99.13169,19.43564],[-99.13169,19.43566]]}},{"type":"Feature","properties":{"c":"foot"},"geometry":{"type":"LineString","coordinates":[[-99.13053,19.43469],[-99.13053,19.43466],[-99.13074,19.43468],[-99.13076,19.43448],[-99.1308,19.43449]]}},{"type":"Feature","properties":{"c":"foot"},"geometry":{"type":"LineString","coordinates":[[-99.13251,19.43158],[-99.1325,19.43165]]}},{"type":"Feature","properties":{"c":"foot"},"geometry":{"type":"LineString","coordinates":[[-99.13254,19.43137],[-99.13255,19.4313],[-99.13261,19.43131]]}},{"type":"Feature","properties":{"c":"foot"},"geometry":{"type":"LineString","coordinates":[[-99.13254,19.43137],[-99.13253,19.43143]]}},{"type":"Feature","properties":{"c":"foot"},"geometry":{"type":"LineString","coordinates":[[-99.13251,19.43158],[-99.13252,19.43151]]}},{"type":"Feature","properties":{"c":"foot"},"geometry":{"type":"LineString","coordinates":[[-99.13114,19.43151],[-99.13125,19.43071],[-99.13222,19.43082]]}},{"type":"Feature","properties":{"c":"foot"},"geometry":{"type":"LineString","coordinates":[[-99.13222,19.43082],[-99.13211,19.4316]]}},{"type":"Feature","properties":{"c":"foot"},"geometry":{"type":"LineString","coordinates":[[-99.13211,19.4316],[-99.13211,19.43162],[-99.13114,19.43151]]}},{"type":"Feature","properties":{"c":"foot"},"geometry":{"type":"LineString","coordinates":[[-99.13216,19.43153],[-99.13217,19.43147]]}},{"type":"Feature","properties":{"c":"foot"},"geometry":{"type":"LineString","coordinates":[[-99.13219,19.43133],[-99.13218,19.43139]]}},{"type":"Feature","properties":{"c":"foot"},"geometry":{"type":"LineString","coordinates":[[-99.13448,19.43102],[-99.13459,19.43026],[-99.13379,19.43015],[-99.13367,19.43089]]}},{"type":"Feature","properties":{"c":"foot"},"geometry":{"type":"LineString","coordinates":[[-99.13367,19.43089],[-99.13367,19.43091]]}},{"type":"Feature","properties":{"c":"foot"},"geometry":{"type":"LineString","coordinates":[[-99.13367,19.43091],[-99.13404,19.43096],[-99.13448,19.43102]]}},{"type":"Feature","properties":{"c":"foot"},"geometry":{"type":"LineString","coordinates":[[-99.1337,19.43103],[-99.13362,19.43102],[-99.13357,19.43101]]}},{"type":"Feature","properties":{"c":"foot"},"geometry":{"type":"LineString","coordinates":[[-99.13357,19.43101],[-99.13352,19.43101],[-99.13348,19.431]]}},{"type":"Feature","properties":{"c":"foot"},"geometry":{"type":"LineString","coordinates":[[-99.13348,19.431],[-99.13345,19.431]]}},{"type":"Feature","properties":{"c":"foot"},"geometry":{"type":"LineString","coordinates":[[-99.1337,19.43102],[-99.1337,19.431],[-99.13371,19.43097]]}},{"type":"Feature","properties":{"c":"foot"},"geometry":{"type":"LineString","coordinates":[[-99.13371,19.43097],[-99.13367,19.43093],[-99.13367,19.43091]]}},{"type":"Feature","properties":{"c":"foot"},"geometry":{"type":"LineString","coordinates":[[-99.13243,19.43074],[-99.13244,19.43072]]}},{"type":"Feature","properties":{"c":"foot"},"geometry":{"type":"LineString","coordinates":[[-99.13244,19.43072],[-99.13255,19.42998],[-99.13362,19.43013],[-99.1335,19.43087]]}},{"type":"Feature","properties":{"c":"foot"},"geometry":{"type":"LineString","coordinates":[[-99.1335,19.43087],[-99.13349,19.43089]]}},{"type":"Feature","properties":{"c":"foot"},"geometry":{"type":"LineString","coordinates":[[-99.13349,19.43089],[-99.13243,19.43074]]}},{"type":"Feature","properties":{"c":"foot"},"geometry":{"type":"LineString","coordinates":[[-99.1335,19.43087],[-99.13353,19.43087],[-99.13359,19.43088]]}},{"type":"Feature","properties":{"c":"foot"},"geometry":{"type":"LineString","coordinates":[[-99.13359,19.43088],[-99.13363,19.43089],[-99.13367,19.43089]]}},{"type":"Feature","properties":{"c":"foot"},"geometry":{"type":"LineString","coordinates":[[-99.13348,19.431],[-99.13348,19.43097],[-99.13349,19.43094]]}},{"type":"Feature","properties":{"c":"foot"},"geometry":{"type":"LineString","coordinates":[[-99.13349,19.43094],[-99.13349,19.4309],[-99.13349,19.43089]]}},{"type":"Feature","properties":{"c":"foot"},"geometry":{"type":"LineString","coordinates":[[-99.17136,19.42206],[-99.17136,19.42208]]}},{"type":"Feature","properties":{"c":"foot"},"geometry":{"type":"LineString","coordinates":[[-99.17145,19.42202],[-99.17147,19.42202],[-99.17148,19.42203]]}},{"type":"Feature","properties":{"c":"foot"},"geometry":{"type":"LineString","coordinates":[[-99.17091,19.42225],[-99.1709,19.42226],[-99.17092,19.42229]]}},{"type":"Feature","properties":{"c":"foot"},"geometry":{"type":"LineString","coordinates":[[-99.17105,19.42159],[-99.17106,19.42162]]}},{"type":"Feature","properties":{"c":"foot"},"geometry":{"type":"LineString","coordinates":[[-99.13215,19.4316],[-99.13216,19.43153]]}},{"type":"Feature","properties":{"c":"foot"},"geometry":{"type":"LineString","coordinates":[[-99.13225,19.43162],[-99.13215,19.4316]]}},{"type":"Feature","properties":{"c":"foot"},"geometry":{"type":"LineString","coordinates":[[-99.13215,19.4316],[-99.13211,19.4316]]}},{"type":"Feature","properties":{"c":"foot"},"geometry":{"type":"LineString","coordinates":[[-99.13114,19.43151],[-99.13112,19.4315]]}},{"type":"Feature","properties":{"c":"foot"},"geometry":{"type":"LineString","coordinates":[[-99.13103,19.43149],[-99.1311,19.43107]]}},{"type":"Feature","properties":{"c":"foot"},"geometry":{"type":"LineString","coordinates":[[-99.1311,19.43107],[-99.13116,19.43065],[-99.13035,19.43054],[-99.13022,19.4314]]}},{"type":"Feature","properties":{"c":"foot"},"geometry":{"type":"LineString","coordinates":[[-99.13022,19.4314],[-99.13103,19.4315],[-99.13103,19.43149]]}},{"type":"Feature","properties":{"c":"foot"},"geometry":{"type":"LineString","coordinates":[[-99.13103,19.43149],[-99.13106,19.4315]]}},{"type":"Feature","properties":{"c":"foot"},"geometry":{"type":"LineString","coordinates":[[-99.13227,19.43083],[-99.13222,19.43082]]}},{"type":"Feature","properties":{"c":"foot"},"geometry":{"type":"LineString","coordinates":[[-99.13401,19.43361],[-99.13401,19.43358]]}},{"type":"Feature","properties":{"c":"foot"},"geometry":{"type":"LineString","coordinates":[[-99.13401,19.43358],[-99.13401,19.43357],[-99.13399,19.43356],[-99.13388,19.43336],[-99.13385,19.43337]]}},{"type":"Feature","properties":{"c":"foot"},"geometry":{"type":"LineString","coordinates":[[-99.13385,19.43337],[-99.13383,19.43338],[-99.13393,19.43355],[-99.13393,19.43357],[-99.13392,19.43357],[-99.13394,19.43359]]}},{"type":"Feature","properties":{"c":"foot"},"geometry":{"type":"LineString","coordinates":[[-99.13394,19.43359],[-99.13395,19.43361],[-99.13396,19.4336],[-99.13401,19.43361]]}},{"type":"Feature","properties":{"c":"foot"},"geometry":{"type":"LineString","coordinates":[[-99.13372,19.43343],[-99.1337,19.43342]]}},{"type":"Feature","properties":{"c":"foot"},"geometry":{"type":"LineString","coordinates":[[-99.1337,19.43342],[-99.13367,19.43342],[-99.13367,19.43339],[-99.1337,19.4334]]}},{"type":"Feature","properties":{"c":"foot"},"geometry":{"type":"LineString","coordinates":[[-99.1337,19.4334],[-99.13372,19.4334],[-99.13372,19.43343]]}},{"type":"Feature","properties":{"c":"foot"},"geometry":{"type":"LineString","coordinates":[[-99.13422,19.43317],[-99.13421,19.43321],[-99.13415,19.4336]]}},{"type":"Feature","properties":{"c":"foot"},"geometry":{"type":"LineString","coordinates":[[-99.13415,19.4336],[-99.1341,19.43387],[-99.13412,19.4339],[-99.13414,19.43391],[-99.13506,19.43403],[-99.13516,19.43335],[-99.13516,19.4333]]}},{"type":"Feature","properties":{"c":"foot"},"geometry":{"type":"LineString","coordinates":[[-99.13195,19.43355],[-99.13194,19.43357],[-99.13194,19.43361]]}},{"type":"Feature","properties":{"c":"foot"},"geometry":{"type":"LineString","coordinates":[[-99.13213,19.43454],[-99.1321,19.43479],[-99.13211,19.43479],[-99.13212,19.43479]]}},{"type":"Feature","properties":{"c":"foot"},"geometry":{"type":"LineString","coordinates":[[-99.13212,19.43479],[-99.13215,19.43456]]}},{"type":"Feature","properties":{"c":"foot"},"geometry":{"type":"LineString","coordinates":[[-99.13215,19.43456],[-99.13215,19.43455]]}},{"type":"Feature","properties":{"c":"foot"},"geometry":{"type":"LineString","coordinates":[[-99.13215,19.43455],[-99.13215,19.43454]]}},{"type":"Feature","properties":{"c":"foot"},"geometry":{"type":"LineString","coordinates":[[-99.13215,19.43454],[-99.13213,19.43454]]}},{"type":"Feature","properties":{"c":"foot"},"geometry":{"type":"LineString","coordinates":[[-99.13224,19.43429],[-99.13208,19.43427],[-99.13206,19.43427]]}},{"type":"Feature","properties":{"c":"foot"},"geometry":{"type":"LineString","coordinates":[[-99.13206,19.43427],[-99.13186,19.43425]]}},{"type":"Feature","properties":{"c":"foot"},"geometry":{"type":"LineString","coordinates":[[-99.13226,19.4341],[-99.13208,19.43408]]}},{"type":"Feature","properties":{"c":"foot"},"geometry":{"type":"LineString","coordinates":[[-99.13208,19.43408],[-99.13188,19.43406]]}},{"type":"Feature","properties":{"c":"foot"},"geometry":{"type":"LineString","coordinates":[[-99.13229,19.4339],[-99.13211,19.43387]]}},{"type":"Feature","properties":{"c":"foot"},"geometry":{"type":"LineString","coordinates":[[-99.13211,19.43387],[-99.13191,19.43385]]}},{"type":"Feature","properties":{"c":"foot"},"geometry":{"type":"LineString","coordinates":[[-99.13193,19.43367],[-99.1319,19.43366]]}},{"type":"Feature","properties":{"c":"foot"},"geometry":{"type":"LineString","coordinates":[[-99.1319,19.43366],[-99.13099,19.43356]]}},{"type":"Feature","properties":{"c":"foot"},"geometry":{"type":"LineString","coordinates":[[-99.13099,19.43356],[-99.13093,19.43355]]}},{"type":"Feature","properties":{"c":"foot"},"geometry":{"type":"LineString","coordinates":[[-99.13093,19.43355],[-99.13086,19.43354]]}},{"type":"Feature","properties":{"c":"foot"},"geometry":{"type":"LineString","coordinates":[[-99.13086,19.43354],[-99.12995,19.43344],[-99.12995,19.43346]]}},{"type":"Feature","properties":{"c":"foot"},"geometry":{"type":"LineString","coordinates":[[-99.12995,19.43346],[-99.1298,19.4346]]}},{"type":"Feature","properties":{"c":"foot"},"geometry":{"type":"LineString","coordinates":[[-99.13206,19.43427],[-99.13208,19.43408]]}},{"type":"Feature","properties":{"c":"foot"},"geometry":{"type":"LineString","coordinates":[[-99.13208,19.43408],[-99.13211,19.43387]]}},{"type":"Feature","properties":{"c":"foot"},"geometry":{"type":"LineString","coordinates":[[-99.13211,19.43387],[-99.13213,19.43369]]}},{"type":"Feature","properties":{"c":"foot"},"geometry":{"type":"LineString","coordinates":[[-99.13174,19.42853],[-99.13111,19.42869]]}},{"type":"Feature","properties":{"c":"minor"},"geometry":{"type":"LineString","coordinates":[[-99.13327,19.43587],[-99.13327,19.43588]]}},{"type":"Feature","properties":{"c":"minor"},"geometry":{"type":"LineString","coordinates":[[-99.13327,19.43588],[-99.13327,19.43589]]}},{"type":"Feature","properties":{"c":"minor"},"geometry":{"type":"LineString","coordinates":[[-99.13327,19.43589],[-99.13326,19.43593]]}},{"type":"Feature","properties":{"c":"foot"},"geometry":{"type":"LineString","coordinates":[[-99.1317,19.43566],[-99.1317,19.43567]]}},{"type":"Feature","properties":{"c":"foot"},"geometry":{"type":"LineString","coordinates":[[-99.1317,19.43567],[-99.1317,19.43569],[-99.13173,19.43569]]}},{"type":"Feature","properties":{"c":"foot"},"geometry":{"type":"LineString","coordinates":[[-99.13173,19.43569],[-99.13327,19.43589]]}},{"type":"Feature","properties":{"c":"foot"},"geometry":{"type":"LineString","coordinates":[[-99.13327,19.43589],[-99.13377,19.43596],[-99.13388,19.43518],[-99.13387,19.43518]]}},{"type":"Feature","properties":{"c":"foot"},"geometry":{"type":"LineString","coordinates":[[-99.13387,19.43518],[-99.13208,19.43493]]}},{"type":"Feature","properties":{"c":"foot"},"geometry":{"type":"LineString","coordinates":[[-99.13208,19.43493],[-99.13208,19.43495]]}},{"type":"Feature","properties":{"c":"foot"},"geometry":{"type":"LineString","coordinates":[[-99.13208,19.43495],[-99.13226,19.43497],[-99.13234,19.43498],[-99.1324,19.43499],[-99.13248,19.435],[-99.13256,19.43501],[-99.13268,19.43503],[-99.13277,19.43504],[-99.13297,19.43507],[-99.13302,19.43508],[-99.13308,19.43508],[-99.13327,19.43511],[-99.13335,19.43512],[-99.13344,19.43513],[-99.13357,19.43515],[-99.13371,19.43517],[-99.13386,19.43519],[-99.13382,19.4354],[-99.1338,19.43556],[-99.13377,19.43574],[-99.13376,19.43584],[-99.13374,19.43593],[-99.1336,19.43591],[-99.13346,19.43589],[-99.1333,19.43587],[-99.13327,19.43587]]}},{"type":"Feature","properties":{"c":"foot"},"geometry":{"type":"LineString","coordinates":[[-99.13327,19.43587],[-99.13322,19.43586],[-99.13315,19.43585],[-99.13297,19.43583],[-99.13286,19.43582],[-99.13276,19.4358],[-99.13255,19.43577],[-99.13229,19.43574],[-99.13215,19.43572],[-99.13177,19.43567]]}},{"type":"Feature","properties":{"c":"foot"},"geometry":{"type":"LineString","coordinates":[[-99.13177,19.43567],[-99.13173,19.43567]]}},{"type":"Feature","properties":{"c":"foot"},"geometry":{"type":"LineString","coordinates":[[-99.13173,19.43567],[-99.1317,19.43566]]}},{"type":"Feature","properties":{"c":"foot"},"geometry":{"type":"LineString","coordinates":[[-99.1317,19.43567],[-99.13173,19.43568]]}},{"type":"Feature","properties":{"c":"foot"},"geometry":{"type":"LineString","coordinates":[[-99.13173,19.43568],[-99.13327,19.43588]]}},{"type":"Feature","properties":{"c":"foot"},"geometry":{"type":"LineString","coordinates":[[-99.13327,19.43588],[-99.13375,19.43595],[-99.13387,19.43518]]}},{"type":"Feature","properties":{"c":"foot"},"geometry":{"type":"LineString","coordinates":[[-99.13387,19.43518],[-99.13388,19.43514]]}},{"type":"Feature","properties":{"c":"foot"},"geometry":{"type":"LineString","coordinates":[[-99.13167,19.43561],[-99.13171,19.43561]]}},{"type":"Feature","properties":{"c":"foot"},"geometry":{"type":"LineString","coordinates":[[-99.13171,19.43561],[-99.1317,19.43564]]}},{"type":"Feature","properties":{"c":"foot"},"geometry":{"type":"LineString","coordinates":[[-99.1317,19.43564],[-99.13169,19.43564]]}},{"type":"Feature","properties":{"c":"foot"},"geometry":{"type":"LineString","coordinates":[[-99.13169,19.43564],[-99.13169,19.43566]]}},{"type":"Feature","properties":{"c":"foot"},"geometry":{"type":"LineString","coordinates":[[-99.13169,19.43566],[-99.13153,19.43564],[-99.13153,19.43563],[-99.13154,19.43561],[-99.13167,19.43563],[-99.13167,19.43561]]}},{"type":"Feature","properties":{"c":"foot"},"geometry":{"type":"LineString","coordinates":[[-99.13086,19.43356],[-99.13083,19.4338],[-99.13079,19.4341],[-99.13078,19.43418],[-99.13072,19.4346],[-99.13072,19.43462],[-99.13071,19.43463],[-99.13071,19.43464],[-99.1307,19.43464],[-99.13069,19.43464],[-99.13068,19.43464],[-99.13067,19.43464],[-99.13066,19.43464],[-99.13066,19.43463],[-99.13066,19.43464],[-99.13028,19.4346],[-99.13009,19.43458],[-99.12982,19.43454],[-99.12981,19.4346]]}},{"type":"Feature","properties":{"c":"foot"},"geometry":{"type":"LineString","coordinates":[[-99.12981,19.4346],[-99.1298,19.43466],[-99.13007,19.43469],[-99.13056,19.43475],[-99.13057,19.43469],[-99.13076,19.43471],[-99.13079,19.43453],[-99.13086,19.43454],[-99.13087,19.43445],[-99.13089,19.43429],[-99.1309,19.43423],[-99.13092,19.43411],[-99.13094,19.43388],[-99.13099,19.43358]]}},{"type":"Feature","properties":{"c":"foot"},"geometry":{"type":"LineString","coordinates":[[-99.13099,19.43358],[-99.13099,19.43356]]}},{"type":"Feature","properties":{"c":"foot"},"geometry":{"type":"LineString","coordinates":[[-99.13099,19.43356],[-99.13099,19.43354]]}},{"type":"Feature","properties":{"c":"foot"},"geometry":{"type":"LineString","coordinates":[[-99.13099,19.43354],[-99.13093,19.43353]]}},{"type":"Feature","properties":{"c":"foot"},"geometry":{"type":"LineString","coordinates":[[-99.13093,19.43353],[-99.13087,19.43353]]}},{"type":"Feature","properties":{"c":"foot"},"geometry":{"type":"LineString","coordinates":[[-99.13087,19.43353],[-99.13086,19.43354]]}},{"type":"Feature","properties":{"c":"foot"},"geometry":{"type":"LineString","coordinates":[[-99.13086,19.43354],[-99.13086,19.43356]]}},{"type":"Feature","properties":{"c":"foot"},"geometry":{"type":"LineString","coordinates":[[-99.13189,19.43368],[-99.13165,19.43365],[-99.13099,19.43358]]}},{"type":"Feature","properties":{"c":"foot"},"geometry":{"type":"LineString","coordinates":[[-99.13099,19.43358],[-99.13099,19.43356]]}},{"type":"Feature","properties":{"c":"foot"},"geometry":{"type":"LineString","coordinates":[[-99.13099,19.43356],[-99.13099,19.43354]]}},{"type":"Feature","properties":{"c":"foot"},"geometry":{"type":"LineString","coordinates":[[-99.13099,19.43354],[-99.1319,19.43364]]}},{"type":"Feature","properties":{"c":"foot"},"geometry":{"type":"LineString","coordinates":[[-99.1319,19.43364],[-99.1319,19.43366]]}},{"type":"Feature","properties":{"c":"foot"},"geometry":{"type":"LineString","coordinates":[[-99.1319,19.43366],[-99.13189,19.43368]]}},{"type":"Feature","properties":{"c":"foot"},"geometry":{"type":"LineString","coordinates":[[-99.13086,19.43356],[-99.13074,19.43355],[-99.13064,19.43354],[-99.13052,19.43352],[-99.13041,19.43351],[-99.12996,19.43346],[-99.12995,19.43346]]}},{"type":"Feature","properties":{"c":"foot"},"geometry":{"type":"LineString","coordinates":[[-99.12995,19.43346],[-99.12994,19.43346],[-99.12994,19.43344],[-99.12995,19.43342],[-99.13087,19.43353]]}},{"type":"Feature","properties":{"c":"foot"},"geometry":{"type":"LineString","coordinates":[[-99.13087,19.43353],[-99.13086,19.43354]]}},{"type":"Feature","properties":{"c":"foot"},"geometry":{"type":"LineString","coordinates":[[-99.13086,19.43354],[-99.13086,19.43356]]}},{"type":"Feature","properties":{"c":"foot"},"geometry":{"type":"LineString","coordinates":[[-99.13232,19.43371],[-99.13213,19.43369]]}},{"type":"Feature","properties":{"c":"foot"},"geometry":{"type":"LineString","coordinates":[[-99.13213,19.43369],[-99.13193,19.43367]]}},{"type":"Feature","properties":{"c":"foot","n":"Calle Licenciado Francisco Primo de Verdad"},"geometry":{"type":"LineString","coordinates":[[-99.13083,19.43428],[-99.1308,19.43449]]}},{"type":"Feature","properties":{"c":"foot"},"geometry":{"type":"LineString","coordinates":[[-99.13049,19.43418],[-99.13052,19.43396]]}},{"type":"Feature","properties":{"c":"foot"},"geometry":{"type":"LineString","coordinates":[[-99.13079,19.43254],[-99.1308,19.43244]]}},{"type":"Feature","properties":{"c":"foot"},"geometry":{"type":"LineString","coordinates":[[-99.1308,19.43244],[-99.13082,19.43221]]}},{"type":"Feature","properties":{"c":"foot"},"geometry":{"type":"LineString","coordinates":[[-99.13077,19.43215],[-99.13078,19.43213],[-99.13079,19.43212],[-99.13081,19.4321]]}},{"type":"Feature","properties":{"c":"foot"},"geometry":{"type":"LineString","coordinates":[[-99.13081,19.4321],[-99.13082,19.4321],[-99.13084,19.4321]]}},{"type":"Feature","properties":{"c":"foot"},"geometry":{"type":"LineString","coordinates":[[-99.13084,19.4321],[-99.13086,19.4321],[-99.13086,19.43211]]}},{"type":"Feature","properties":{"c":"foot"},"geometry":{"type":"LineString","coordinates":[[-99.13086,19.43211],[-99.13087,19.43211],[-99.13088,19.43213],[-99.13089,19.43214],[-99.13089,19.43216]]}},{"type":"Feature","properties":{"c":"foot"},"geometry":{"type":"LineString","coordinates":[[-99.13089,19.43216],[-99.13089,19.43218],[-99.13088,19.43219],[-99.13086,19.43221],[-99.13085,19.43221]]}},{"type":"Feature","properties":{"c":"foot"},"geometry":{"type":"LineString","coordinates":[[-99.13085,19.43221],[-99.13084,19.43221],[-99.13082,19.43221]]}},{"type":"Feature","properties":{"c":"foot"},"geometry":{"type":"LineString","coordinates":[[-99.13082,19.43221],[-99.13081,19.43221],[-99.1308,19.4322]]}},{"type":"Feature","properties":{"c":"foot"},"geometry":{"type":"LineString","coordinates":[[-99.1308,19.4322],[-99.13078,19.43219],[-99.13077,19.43217],[-99.13077,19.43215]]}},{"type":"Feature","properties":{"c":"foot"},"geometry":{"type":"LineString","coordinates":[[-99.1307,19.43189],[-99.13067,19.43214]]}},{"type":"Feature","properties":{"c":"foot"},"geometry":{"type":"LineString","coordinates":[[-99.13067,19.43214],[-99.13064,19.43239]]}},{"type":"Feature","properties":{"c":"foot"},"geometry":{"type":"LineString","coordinates":[[-99.13067,19.43243],[-99.1308,19.43244]]}},{"type":"Feature","properties":{"c":"foot"},"geometry":{"type":"LineString","coordinates":[[-99.1308,19.43244],[-99.13092,19.43246]]}},{"type":"Feature","properties":{"c":"foot"},"geometry":{"type":"LineString","coordinates":[[-99.13065,19.43245],[-99.13064,19.43246],[-99.13063,19.43246],[-99.13062,19.43245],[-99.13061,19.43245],[-99.1306,19.43244],[-99.1306,19.43242],[-99.1306,19.43241],[-99.13061,19.4324],[-99.13062,19.43239],[-99.13063,19.43239],[-99.13064,19.43239]]}},{"type":"Feature","properties":{"c":"foot"},"geometry":{"type":"LineString","coordinates":[[-99.13064,19.43239],[-99.13065,19.43239]]}},{"type":"Feature","properties":{"c":"foot"},"geometry":{"type":"LineString","coordinates":[[-99.13065,19.43239],[-99.13066,19.4324],[-99.13066,19.43241],[-99.13067,19.43242],[-99.13067,19.43243]]}},{"type":"Feature","properties":{"c":"foot"},"geometry":{"type":"LineString","coordinates":[[-99.13067,19.43243],[-99.13067,19.43244],[-99.13066,19.43245],[-99.13065,19.43245]]}},{"type":"Feature","properties":{"c":"foot"},"geometry":{"type":"LineString","coordinates":[[-99.13093,19.43245],[-99.13093,19.43244],[-99.13094,19.43243],[-99.13095,19.43243]]}},{"type":"Feature","properties":{"c":"foot"},"geometry":{"type":"LineString","coordinates":[[-99.13095,19.43243],[-99.13096,19.43243]]}},{"type":"Feature","properties":{"c":"foot"},"geometry":{"type":"LineString","coordinates":[[-99.13096,19.43243],[-99.13098,19.43243],[-99.13098,19.43244],[-99.13099,19.43245],[-99.13099,19.43246],[-99.13099,19.43247],[-99.13099,19.43248],[-99.13098,19.43249],[-99.13097,19.43249],[-99.13096,19.43249],[-99.13095,19.43249],[-99.13094,19.43249],[-99.13093,19.43248],[-99.13092,19.43247],[-99.13092,19.43246]]}},{"type":"Feature","properties":{"c":"foot"},"geometry":{"type":"LineString","coordinates":[[-99.13092,19.43246],[-99.13093,19.43245]]}},{"type":"Feature","properties":{"c":"foot"},"geometry":{"type":"LineString","coordinates":[[-99.13103,19.43193],[-99.13099,19.43217]]}},{"type":"Feature","properties":{"c":"foot"},"geometry":{"type":"LineString","coordinates":[[-99.13099,19.43217],[-99.13096,19.43243]]}},{"type":"Feature","properties":{"c":"foot"},"geometry":{"type":"LineString","coordinates":[[-99.131,19.43188],[-99.131,19.43187],[-99.13101,19.43187],[-99.13102,19.43186],[-99.13104,19.43186],[-99.13105,19.43187],[-99.13106,19.43188],[-99.13106,19.43189],[-99.13107,19.4319],[-99.13106,19.43191],[-99.13106,19.43192],[-99.13105,19.43192],[-99.13104,19.43193],[-99.13103,19.43193]]}},{"type":"Feature","properties":{"c":"foot"},"geometry":{"type":"LineString","coordinates":[[-99.13103,19.43193],[-99.13102,19.43193],[-99.13101,19.43192]]}},{"type":"Feature","properties":{"c":"foot"},"geometry":{"type":"LineString","coordinates":[[-99.13101,19.43192],[-99.131,19.43191],[-99.13099,19.4319],[-99.13099,19.43189]]}},{"type":"Feature","properties":{"c":"foot"},"geometry":{"type":"LineString","coordinates":[[-99.13099,19.43189],[-99.131,19.43188]]}},{"type":"Feature","properties":{"c":"foot"},"geometry":{"type":"LineString","coordinates":[[-99.13074,19.43186],[-99.13086,19.43188]]}},{"type":"Feature","properties":{"c":"foot"},"geometry":{"type":"LineString","coordinates":[[-99.13086,19.43188],[-99.13099,19.43189]]}},{"type":"Feature","properties":{"c":"foot"},"geometry":{"type":"LineString","coordinates":[[-99.13068,19.43188],[-99.13067,19.43187],[-99.13067,19.43186],[-99.13067,19.43185],[-99.13067,19.43184],[-99.13068,19.43183],[-99.13069,19.43183],[-99.1307,19.43183],[-99.13072,19.43183],[-99.13073,19.43183],[-99.13074,19.43184],[-99.13074,19.43185],[-99.13074,19.43186]]}},{"type":"Feature","properties":{"c":"foot"},"geometry":{"type":"LineString","coordinates":[[-99.13074,19.43186],[-99.13074,19.43187],[-99.13073,19.43188],[-99.13072,19.43189],[-99.13071,19.43189]]}},{"type":"Feature","properties":{"c":"foot"},"geometry":{"type":"LineString","coordinates":[[-99.13071,19.43189],[-99.1307,19.43189]]}},{"type":"Feature","properties":{"c":"foot"},"geometry":{"type":"LineString","coordinates":[[-99.1307,19.43189],[-99.13069,19.43189],[-99.13068,19.43188]]}},{"type":"Feature","properties":{"c":"foot"},"geometry":{"type":"LineString","coordinates":[[-99.13101,19.43192],[-99.13086,19.43211]]}},{"type":"Feature","properties":{"c":"foot"},"geometry":{"type":"LineString","coordinates":[[-99.13095,19.43243],[-99.13085,19.43221]]}},{"type":"Feature","properties":{"c":"foot"},"geometry":{"type":"LineString","coordinates":[[-99.1308,19.4322],[-99.13065,19.43239]]}},{"type":"Feature","properties":{"c":"foot"},"geometry":{"type":"LineString","coordinates":[[-99.13081,19.4321],[-99.13071,19.43189]]}},{"type":"Feature","properties":{"c":"foot"},"geometry":{"type":"LineString","coordinates":[[-99.13067,19.43214],[-99.13077,19.43215]]}},{"type":"Feature","properties":{"c":"foot"},"geometry":{"type":"LineString","coordinates":[[-99.13089,19.43216],[-99.13099,19.43217]]}},{"type":"Feature","properties":{"c":"foot"},"geometry":{"type":"LineString","coordinates":[[-99.13084,19.4321],[-99.13086,19.43188]]}},{"type":"Feature","properties":{"c":"foot"},"geometry":{"type":"LineString","coordinates":[[-99.13086,19.43188],[-99.13087,19.43181]]}},{"type":"Feature","properties":{"c":"minor"},"geometry":{"type":"LineString","coordinates":[[-99.15703,19.41493],[-99.15696,19.41463]]}},{"type":"Feature","properties":{"c":"major","n":"Calle Valerio Trujano"},"geometry":{"type":"LineString","coordinates":[[-99.14391,19.43687],[-99.14389,19.43696]]}},{"type":"Feature","properties":{"c":"major","n":"Calle Valerio Trujano"},"geometry":{"type":"LineString","coordinates":[[-99.14389,19.43696],[-99.14388,19.43699],[-99.14374,19.4376],[-99.14373,19.43764],[-99.14371,19.43772],[-99.14365,19.43796],[-99.14362,19.43809]]}},{"type":"Feature","properties":{"c":"major","n":"Calle Valerio Trujano"},"geometry":{"type":"LineString","coordinates":[[-99.14385,19.43766],[-99.14387,19.43762],[-99.144,19.43707],[-99.14401,19.43702],[-99.14402,19.43699]]}},{"type":"Feature","properties":{"c":"major","n":"Calle Valerio Trujano"},"geometry":{"type":"LineString","coordinates":[[-99.14402,19.43699],[-99.14404,19.43689]]}},{"type":"Feature","properties":{"c":"minor","n":"Calle 2 de Abril"},"geometry":{"type":"LineString","coordinates":[[-99.14188,19.43805],[-99.14189,19.43801],[-99.142,19.43753],[-99.14201,19.43747]]}},{"type":"Feature","properties":{"c":"minor","n":"Calle 2 de Abril"},"geometry":{"type":"LineString","coordinates":[[-99.14201,19.43747],[-99.14205,19.4373]]}},{"type":"Feature","properties":{"c":"minor","n":"Calle 2 de Abril"},"geometry":{"type":"LineString","coordinates":[[-99.14205,19.4373],[-99.14206,19.43725]]}},{"type":"Feature","properties":{"c":"minor","n":"Calle Santa Veracruz"},"geometry":{"type":"LineString","coordinates":[[-99.14326,19.43753],[-99.1432,19.43752],[-99.14317,19.43751]]}},{"type":"Feature","properties":{"c":"minor","n":"Calle Santa Veracruz"},"geometry":{"type":"LineString","coordinates":[[-99.14317,19.43751],[-99.14281,19.43743]]}},{"type":"Feature","properties":{"c":"minor","n":"Calle Santa Veracruz"},"geometry":{"type":"LineString","coordinates":[[-99.14281,19.43743],[-99.14278,19.43742]]}},{"type":"Feature","properties":{"c":"minor","n":"Calle Santa Veracruz"},"geometry":{"type":"LineString","coordinates":[[-99.14278,19.43742],[-99.14225,19.4373]]}},{"type":"Feature","properties":{"c":"minor","n":"Calle Santa Veracruz"},"geometry":{"type":"LineString","coordinates":[[-99.14225,19.4373],[-99.14217,19.43728],[-99.14211,19.43727],[-99.14208,19.43726]]}},{"type":"Feature","properties":{"c":"minor","n":"Calle Santa Veracruz"},"geometry":{"type":"LineString","coordinates":[[-99.14208,19.43726],[-99.14206,19.43725]]}},{"type":"Feature","properties":{"c":"minor","n":"Calle Victoria"},"geometry":{"type":"LineString","coordinates":[[-99.14133,19.43118],[-99.14233,19.43135]]}},{"type":"Feature","properties":{"c":"minor","n":"Calle Victoria"},"geometry":{"type":"LineString","coordinates":[[-99.14233,19.43135],[-99.14259,19.43139]]}},{"type":"Feature","properties":{"c":"minor","n":"Calle Victoria"},"geometry":{"type":"LineString","coordinates":[[-99.14259,19.43139],[-99.14315,19.43146]]}},{"type":"Feature","properties":{"c":"minor","n":"Calle Dolores"},"geometry":{"type":"LineString","coordinates":[[-99.14304,19.43227],[-99.14315,19.43146]]}},{"type":"Feature","properties":{"c":"foot"},"geometry":{"type":"LineString","coordinates":[[-99.143,19.43826],[-99.14312,19.43755],[-99.14279,19.43747],[-99.14277,19.43746]]}},{"type":"Feature","properties":{"c":"foot"},"geometry":{"type":"LineString","coordinates":[[-99.14277,19.43746],[-99.14224,19.43734]]}},{"type":"Feature","properties":{"c":"foot"},"geometry":{"type":"LineString","coordinates":[[-99.14224,19.43734],[-99.14207,19.4373]]}},{"type":"Feature","properties":{"c":"foot"},"geometry":{"type":"LineString","coordinates":[[-99.14207,19.4373],[-99.14191,19.43803],[-99.14232,19.43812],[-99.14247,19.43815],[-99.14275,19.4382],[-99.14276,19.43821],[-99.143,19.43826]]}},{"type":"Feature","properties":{"c":"foot"},"geometry":{"type":"LineString","coordinates":[[-99.14203,19.43729],[-99.142,19.43728]]}},{"type":"Feature","properties":{"c":"foot"},"geometry":{"type":"LineString","coordinates":[[-99.142,19.43728],[-99.14193,19.43727]]}},{"type":"Feature","properties":{"c":"foot"},"geometry":{"type":"LineString","coordinates":[[-99.14193,19.43727],[-99.14181,19.43724]]}},{"type":"Feature","properties":{"c":"foot"},"geometry":{"type":"LineString","coordinates":[[-99.14181,19.43724],[-99.1417,19.43722]]}},{"type":"Feature","properties":{"c":"foot"},"geometry":{"type":"LineString","coordinates":[[-99.1417,19.43722],[-99.14113,19.4371]]}},{"type":"Feature","properties":{"c":"foot"},"geometry":{"type":"LineString","coordinates":[[-99.14113,19.4371],[-99.14086,19.43704],[-99.14072,19.43701]]}},{"type":"Feature","properties":{"c":"foot"},"geometry":{"type":"LineString","coordinates":[[-99.14072,19.43701],[-99.1406,19.43699]]}},{"type":"Feature","properties":{"c":"foot"},"geometry":{"type":"LineString","coordinates":[[-99.1406,19.43699],[-99.14048,19.43776],[-99.14096,19.43784],[-99.14149,19.43792],[-99.1415,19.43792],[-99.1416,19.43794],[-99.14185,19.43798],[-99.14187,19.43798],[-99.14197,19.43752],[-99.14199,19.43746]]}},{"type":"Feature","properties":{"c":"foot"},"geometry":{"type":"LineString","coordinates":[[-99.14199,19.43746],[-99.14203,19.43729]]}},{"type":"Feature","properties":{"c":"foot"},"geometry":{"type":"LineString","coordinates":[[-99.14207,19.4373],[-99.14205,19.4373]]}},{"type":"Feature","properties":{"c":"foot"},"geometry":{"type":"LineString","coordinates":[[-99.14205,19.4373],[-99.14203,19.43729]]}},{"type":"Feature","properties":{"c":"minor"},"geometry":{"type":"LineString","coordinates":[[-99.14277,19.43747],[-99.14277,19.43746]]}},{"type":"Feature","properties":{"c":"minor"},"geometry":{"type":"LineString","coordinates":[[-99.14277,19.43746],[-99.14278,19.43742]]}},{"type":"Feature","properties":{"c":"minor"},"geometry":{"type":"LineString","coordinates":[[-99.14223,19.43735],[-99.14224,19.43734]]}},{"type":"Feature","properties":{"c":"minor"},"geometry":{"type":"LineString","coordinates":[[-99.14224,19.43734],[-99.14225,19.4373]]}},{"type":"Feature","properties":{"c":"minor"},"geometry":{"type":"LineString","coordinates":[[-99.14198,19.43746],[-99.14199,19.43746]]}},{"type":"Feature","properties":{"c":"minor"},"geometry":{"type":"LineString","coordinates":[[-99.14199,19.43746],[-99.14201,19.43747]]}},{"type":"Feature","properties":{"c":"minor"},"geometry":{"type":"LineString","coordinates":[[-99.14192,19.43727],[-99.14193,19.43727]]}},{"type":"Feature","properties":{"c":"minor"},"geometry":{"type":"LineString","coordinates":[[-99.14193,19.43727],[-99.14194,19.43722]]}},{"type":"Feature","properties":{"c":"minor"},"geometry":{"type":"LineString","coordinates":[[-99.14181,19.43725],[-99.14181,19.43724]]}},{"type":"Feature","properties":{"c":"minor"},"geometry":{"type":"LineString","coordinates":[[-99.14181,19.43724],[-99.14181,19.43723],[-99.14182,19.4372]]}},{"type":"Feature","properties":{"c":"minor"},"geometry":{"type":"LineString","coordinates":[[-99.14169,19.43723],[-99.1417,19.43722]]}},{"type":"Feature","properties":{"c":"minor"},"geometry":{"type":"LineString","coordinates":[[-99.1417,19.43722],[-99.1417,19.4372],[-99.14171,19.43718]]}},{"type":"Feature","properties":{"c":"minor"},"geometry":{"type":"LineString","coordinates":[[-99.14113,19.43711],[-99.14113,19.4371]]}},{"type":"Feature","properties":{"c":"minor"},"geometry":{"type":"LineString","coordinates":[[-99.14113,19.4371],[-99.14114,19.43708],[-99.14114,19.43706]]}},{"type":"Feature","properties":{"c":"minor"},"geometry":{"type":"LineString","coordinates":[[-99.14073,19.43698],[-99.14072,19.43701]]}},{"type":"Feature","properties":{"c":"minor"},"geometry":{"type":"LineString","coordinates":[[-99.14072,19.43701],[-99.14072,19.43702],[-99.14069,19.43716],[-99.14066,19.43727]]}},{"type":"Feature","properties":{"c":"minor"},"geometry":{"type":"LineString","coordinates":[[-99.14066,19.43727],[-99.14062,19.4374],[-99.14088,19.43744],[-99.14091,19.43731],[-99.14066,19.43727]]}},{"type":"Feature","properties":{"c":"foot"},"geometry":{"type":"LineString","coordinates":[[-99.14334,19.43751],[-99.1437,19.43759],[-99.14383,19.43695]]}},{"type":"Feature","properties":{"c":"foot"},"geometry":{"type":"LineString","coordinates":[[-99.14383,19.43695],[-99.14342,19.43686],[-99.1432,19.43681]]}},{"type":"Feature","properties":{"c":"foot"},"geometry":{"type":"LineString","coordinates":[[-99.1432,19.43681],[-99.14277,19.43673]]}},{"type":"Feature","properties":{"c":"foot"},"geometry":{"type":"LineString","coordinates":[[-99.14277,19.43673],[-99.14223,19.43662],[-99.14215,19.43661]]}},{"type":"Feature","properties":{"c":"foot"},"geometry":{"type":"LineString","coordinates":[[-99.14215,19.43661],[-99.14209,19.4366],[-99.14104,19.43642]]}},{"type":"Feature","properties":{"c":"foot"},"geometry":{"type":"LineString","coordinates":[[-99.14104,19.43642],[-99.14071,19.43636],[-99.14062,19.43691]]}},{"type":"Feature","properties":{"c":"foot"},"geometry":{"type":"LineString","coordinates":[[-99.14062,19.43691],[-99.1407,19.43692]]}},{"type":"Feature","properties":{"c":"foot"},"geometry":{"type":"LineString","coordinates":[[-99.1407,19.43692],[-99.14114,19.437]]}},{"type":"Feature","properties":{"c":"foot"},"geometry":{"type":"LineString","coordinates":[[-99.14114,19.437],[-99.14135,19.43704],[-99.14138,19.43706],[-99.14159,19.4371]]}},{"type":"Feature","properties":{"c":"foot"},"geometry":{"type":"LineString","coordinates":[[-99.14159,19.4371],[-99.14162,19.43711]]}},{"type":"Feature","properties":{"c":"foot"},"geometry":{"type":"LineString","coordinates":[[-99.14162,19.43711],[-99.14194,19.43718],[-99.14202,19.43719]]}},{"type":"Feature","properties":{"c":"foot"},"geometry":{"type":"LineString","coordinates":[[-99.14202,19.43719],[-99.14209,19.43721]]}},{"type":"Feature","properties":{"c":"foot"},"geometry":{"type":"LineString","coordinates":[[-99.14209,19.43721],[-99.14221,19.43724],[-99.14278,19.43737]]}},{"type":"Feature","properties":{"c":"foot"},"geometry":{"type":"LineString","coordinates":[[-99.14278,19.43737],[-99.14282,19.4374]]}},{"type":"Feature","properties":{"c":"foot"},"geometry":{"type":"LineString","coordinates":[[-99.14282,19.4374],[-99.14318,19.43747]]}},{"type":"Feature","properties":{"c":"foot"},"geometry":{"type":"LineString","coordinates":[[-99.14318,19.43747],[-99.14326,19.43749]]}},{"type":"Feature","properties":{"c":"foot"},"geometry":{"type":"LineString","coordinates":[[-99.14278,19.43737],[-99.14287,19.437],[-99.14288,19.43698]]}},{"type":"Feature","properties":{"c":"foot"},"geometry":{"type":"LineString","coordinates":[[-99.14288,19.43698],[-99.14289,19.43695],[-99.14293,19.43696]]}},{"type":"Feature","properties":{"c":"foot"},"geometry":{"type":"LineString","coordinates":[[-99.14326,19.43749],[-99.14334,19.43751]]}},{"type":"Feature","properties":{"c":"foot"},"geometry":{"type":"LineString","coordinates":[[-99.14292,19.43701],[-99.14292,19.437]]}},{"type":"Feature","properties":{"c":"foot"},"geometry":{"type":"LineString","coordinates":[[-99.14292,19.437],[-99.14293,19.43698]]}},{"type":"Feature","properties":{"c":"foot"},"geometry":{"type":"LineString","coordinates":[[-99.14293,19.43698],[-99.14293,19.43697]]}},{"type":"Feature","properties":{"c":"foot"},"geometry":{"type":"LineString","coordinates":[[-99.14288,19.43698],[-99.14287,19.43698]]}},{"type":"Feature","properties":{"c":"foot"},"geometry":{"type":"LineString","coordinates":[[-99.14287,19.43698],[-99.14259,19.43692]]}},{"type":"Feature","properties":{"c":"foot"},"geometry":{"type":"LineString","coordinates":[[-99.14277,19.43674],[-99.14276,19.43678]]}},{"type":"Feature","properties":{"c":"foot"},"geometry":{"type":"LineString","coordinates":[[-99.14277,19.43673],[-99.14277,19.43674]]}},{"type":"Feature","properties":{"c":"foot"},"geometry":{"type":"LineString","coordinates":[[-99.14319,19.43687],[-99.1432,19.43683]]}},{"type":"Feature","properties":{"c":"foot"},"geometry":{"type":"LineString","coordinates":[[-99.1432,19.43683],[-99.1432,19.43681]]}},{"type":"Feature","properties":{"c":"foot"},"geometry":{"type":"LineString","coordinates":[[-99.1429,19.43683],[-99.14289,19.43687]]}},{"type":"Feature","properties":{"c":"foot"},"geometry":{"type":"LineString","coordinates":[[-99.14289,19.43687],[-99.14288,19.43692],[-99.14294,19.43693]]}},{"type":"Feature","properties":{"c":"foot"},"geometry":{"type":"LineString","coordinates":[[-99.14294,19.43693],[-99.14297,19.43694],[-99.14298,19.43689]]}},{"type":"Feature","properties":{"c":"foot"},"geometry":{"type":"LineString","coordinates":[[-99.14298,19.43689],[-99.14299,19.43685],[-99.1429,19.43683]]}},{"type":"Feature","properties":{"c":"foot"},"geometry":{"type":"LineString","coordinates":[[-99.14293,19.43697],[-99.14293,19.43696]]}},{"type":"Feature","properties":{"c":"foot"},"geometry":{"type":"LineString","coordinates":[[-99.14293,19.43696],[-99.14294,19.43693]]}},{"type":"Feature","properties":{"c":"foot"},"geometry":{"type":"LineString","coordinates":[[-99.14318,19.43691],[-99.14317,19.4369],[-99.14316,19.43689],[-99.14315,19.43688],[-99.14313,19.43688],[-99.14311,19.43688],[-99.1431,19.43689],[-99.14309,19.43689],[-99.14308,19.43691]]}},{"type":"Feature","properties":{"c":"foot"},"geometry":{"type":"LineString","coordinates":[[-99.14308,19.43691],[-99.14307,19.43692],[-99.14308,19.43694],[-99.14309,19.43696],[-99.1431,19.43697],[-99.14312,19.43697],[-99.14313,19.43697],[-99.14315,19.43697],[-99.14316,19.43696],[-99.14317,19.43695]]}},{"type":"Feature","properties":{"c":"foot"},"geometry":{"type":"LineString","coordinates":[[-99.14317,19.43695],[-99.14318,19.43693]]}},{"type":"Feature","properties":{"c":"foot"},"geometry":{"type":"LineString","coordinates":[[-99.14318,19.43693],[-99.14318,19.43691]]}},{"type":"Feature","properties":{"c":"foot"},"geometry":{"type":"LineString","coordinates":[[-99.1428,19.43684],[-99.1428,19.43682],[-99.14279,19.43681],[-99.14278,19.4368],[-99.14276,19.43679]]}},{"type":"Feature","properties":{"c":"foot"},"geometry":{"type":"LineString","coordinates":[[-99.14276,19.43679],[-99.14275,19.43679],[-99.14273,19.4368],[-99.14272,19.43681],[-99.14271,19.43682],[-99.14271,19.43683],[-99.14271,19.43684]]}},{"type":"Feature","properties":{"c":"foot"},"geometry":{"type":"LineString","coordinates":[[-99.14271,19.43684],[-99.14271,19.43685],[-99.14271,19.43686],[-99.14272,19.43687],[-99.14274,19.43688],[-99.14275,19.43688],[-99.14277,19.43688],[-99.14278,19.43688],[-99.1428,19.43687],[-99.1428,19.43685]]}},{"type":"Feature","properties":{"c":"foot"},"geometry":{"type":"LineString","coordinates":[[-99.1428,19.43685],[-99.1428,19.43684]]}},{"type":"Feature","properties":{"c":"foot"},"geometry":{"type":"LineString","coordinates":[[-99.14308,19.43691],[-99.14298,19.43689]]}},{"type":"Feature","properties":{"c":"foot"},"geometry":{"type":"LineString","coordinates":[[-99.14276,19.43678],[-99.14276,19.43679]]}},{"type":"Feature","properties":{"c":"foot"},"geometry":{"type":"LineString","coordinates":[[-99.14319,19.43687],[-99.14318,19.43693]]}},{"type":"Feature","properties":{"c":"foot"},"geometry":{"type":"LineString","coordinates":[[-99.14289,19.43687],[-99.1428,19.43685]]}},{"type":"Feature","properties":{"c":"foot"},"geometry":{"type":"LineString","coordinates":[[-99.14329,19.43698],[-99.14325,19.43697]]}},{"type":"Feature","properties":{"c":"foot"},"geometry":{"type":"LineString","coordinates":[[-99.14325,19.43697],[-99.14317,19.43695]]}},{"type":"Feature","properties":{"c":"foot"},"geometry":{"type":"LineString","coordinates":[[-99.14262,19.43682],[-99.14271,19.43684]]}},{"type":"Feature","properties":{"c":"foot"},"geometry":{"type":"LineString","coordinates":[[-99.14327,19.43707],[-99.14323,19.43706],[-99.14325,19.43697]]}},{"type":"Feature","properties":{"c":"foot"},"geometry":{"type":"LineString","coordinates":[[-99.14207,19.4373],[-99.14208,19.43726]]}},{"type":"Feature","properties":{"c":"foot"},"geometry":{"type":"LineString","coordinates":[[-99.14208,19.43726],[-99.14209,19.43721]]}},{"type":"Feature","properties":{"c":"foot"},"geometry":{"type":"LineString","coordinates":[[-99.14202,19.43719],[-99.14201,19.43724]]}},{"type":"Feature","properties":{"c":"foot"},"geometry":{"type":"LineString","coordinates":[[-99.14201,19.43724],[-99.142,19.43728]]}},{"type":"Feature","properties":{"c":"foot"},"geometry":{"type":"LineString","coordinates":[[-99.1406,19.43699],[-99.14061,19.43695]]}},{"type":"Feature","properties":{"c":"foot"},"geometry":{"type":"LineString","coordinates":[[-99.14061,19.43695],[-99.14062,19.43691]]}},{"type":"Feature","properties":{"c":"minor"},"geometry":{"type":"LineString","coordinates":[[-99.14106,19.43634],[-99.14104,19.43642]]}},{"type":"Feature","properties":{"c":"minor"},"geometry":{"type":"LineString","coordinates":[[-99.14104,19.43642],[-99.14104,19.43644]]}},{"type":"Feature","properties":{"c":"minor"},"geometry":{"type":"LineString","coordinates":[[-99.14069,19.43697],[-99.1407,19.43692]]}},{"type":"Feature","properties":{"c":"minor"},"geometry":{"type":"LineString","coordinates":[[-99.1407,19.43692],[-99.1407,19.43691],[-99.14071,19.43689],[-99.14074,19.43672]]}},{"type":"Feature","properties":{"c":"minor"},"geometry":{"type":"LineString","coordinates":[[-99.14074,19.43672],[-99.14069,19.43671],[-99.14071,19.43665],[-99.14087,19.43668]]}},{"type":"Feature","properties":{"c":"minor"},"geometry":{"type":"LineString","coordinates":[[-99.14113,19.43706],[-99.14114,19.437]]}},{"type":"Feature","properties":{"c":"minor"},"geometry":{"type":"LineString","coordinates":[[-99.14114,19.437],[-99.14114,19.43699]]}},{"type":"Feature","properties":{"c":"minor"},"geometry":{"type":"LineString","coordinates":[[-99.14162,19.43708],[-99.14162,19.43711]]}},{"type":"Feature","properties":{"c":"minor"},"geometry":{"type":"LineString","coordinates":[[-99.14162,19.43711],[-99.14161,19.43711],[-99.1416,19.43716]]}},{"type":"Feature","properties":{"c":"minor"},"geometry":{"type":"LineString","coordinates":[[-99.1416,19.43708],[-99.14159,19.4371]]}},{"type":"Feature","properties":{"c":"minor"},"geometry":{"type":"LineString","coordinates":[[-99.14159,19.4371],[-99.14159,19.43711],[-99.14158,19.43715]]}},{"type":"Feature","properties":{"c":"minor"},"geometry":{"type":"LineString","coordinates":[[-99.14317,19.43751],[-99.14318,19.43749],[-99.14318,19.43747]]}},{"type":"Feature","properties":{"c":"foot"},"geometry":{"type":"LineString","coordinates":[[-99.1441,19.43701],[-99.14394,19.43764],[-99.14391,19.43776],[-99.14384,19.43801],[-99.14383,19.4381],[-99.14382,19.43813],[-99.14382,19.43814]]}},{"type":"Feature","properties":{"c":"foot"},"geometry":{"type":"LineString","coordinates":[[-99.1441,19.43701],[-99.14402,19.43699]]}},{"type":"Feature","properties":{"c":"foot"},"geometry":{"type":"LineString","coordinates":[[-99.14402,19.43699],[-99.14389,19.43696]]}},{"type":"Feature","properties":{"c":"foot"},"geometry":{"type":"LineString","coordinates":[[-99.14389,19.43696],[-99.14383,19.43695]]}},{"type":"Feature","properties":{"c":"foot"},"geometry":{"type":"LineString","coordinates":[[-99.13426,19.43605],[-99.13427,19.436]]}},{"type":"Feature","properties":{"c":"minor","n":"Segunda Cerrada de 5 de Mayo"},"geometry":{"type":"LineString","coordinates":[[-99.13565,19.43382],[-99.13547,19.4338]]}},{"type":"Feature","properties":{"c":"minor"},"geometry":{"type":"LineString","coordinates":[[-99.13541,19.43246],[-99.13534,19.43245]]}},{"type":"Feature","properties":{"c":"minor"},"geometry":{"type":"LineString","coordinates":[[-99.13685,19.4344],[-99.13686,19.43432]]}},{"type":"Feature","properties":{"c":"minor"},"geometry":{"type":"LineString","coordinates":[[-99.13313,19.4295],[-99.1331,19.4295]]}},{"type":"Feature","properties":{"c":"minor","n":"Plaza Rinconada de Jesús"},"geometry":{"type":"LineString","coordinates":[[-99.13316,19.42916],[-99.13312,19.42939]]}},{"type":"Feature","properties":{"c":"minor","n":"Plaza Rinconada de Jesús"},"geometry":{"type":"LineString","coordinates":[[-99.13312,19.42939],[-99.1331,19.4295]]}},{"type":"Feature","properties":{"c":"minor"},"geometry":{"type":"LineString","coordinates":[[-99.13364,19.42955],[-99.13377,19.42957]]}},{"type":"Feature","properties":{"c":"minor"},"geometry":{"type":"LineString","coordinates":[[-99.13288,19.42952],[-99.13289,19.42949]]}},{"type":"Feature","properties":{"c":"minor","n":"Calle Toledo"},"geometry":{"type":"LineString","coordinates":[[-99.17181,19.42233],[-99.17167,19.42206],[-99.17165,19.42203],[-99.17164,19.42201],[-99.17164,19.42198]]}},{"type":"Feature","properties":{"c":"minor","n":"Calle Toledo"},"geometry":{"type":"LineString","coordinates":[[-99.17164,19.42198],[-99.17162,19.42189]]}},{"type":"Feature","properties":{"c":"foot"},"geometry":{"type":"LineString","coordinates":[[-99.17116,19.42218],[-99.17114,19.42216]]}},{"type":"Feature","properties":{"c":"major","n":"Avenida Chapultepec"},"geometry":{"type":"LineString","coordinates":[[-99.17118,19.42199],[-99.1715,19.42192],[-99.17154,19.42191],[-99.17156,19.42191],[-99.17162,19.42189]]}},{"type":"Feature","properties":{"c":"minor","n":"Calle Hamburgo"},"geometry":{"type":"LineString","coordinates":[[-99.17166,19.42297],[-99.17194,19.42284],[-99.17198,19.42282]]}},{"type":"Feature","properties":{"c":"minor","n":"Calle Hamburgo"},"geometry":{"type":"LineString","coordinates":[[-99.17198,19.42282],[-99.17206,19.42279]]}},{"type":"Feature","properties":{"c":"foot"},"geometry":{"type":"LineString","coordinates":[[-99.1324,19.43164],[-99.13241,19.43131]]}},{"type":"Feature","properties":{"c":"foot"},"geometry":{"type":"LineString","coordinates":[[-99.13241,19.43131],[-99.13241,19.43088],[-99.13242,19.43086]]}},{"type":"Feature","properties":{"c":"foot"},"geometry":{"type":"LineString","coordinates":[[-99.13243,19.43138],[-99.13242,19.43138],[-99.13243,19.43131],[-99.13241,19.43131]]}},{"type":"Feature","properties":{"c":"foot"},"geometry":{"type":"LineString","coordinates":[[-99.13412,19.43214],[-99.13409,19.43215],[-99.13405,19.43218]]}},{"type":"Feature","properties":{"c":"foot"},"geometry":{"type":"LineString","coordinates":[[-99.13405,19.43218],[-99.13401,19.4322],[-99.13395,19.43223]]}},{"type":"Feature","properties":{"c":"foot"},"geometry":{"type":"LineString","coordinates":[[-99.13396,19.43358],[-99.13385,19.43337]]}},{"type":"Feature","properties":{"c":"foot"},"geometry":{"type":"LineString","coordinates":[[-99.13385,19.43337],[-99.13383,19.43334]]}},{"type":"Feature","properties":{"c":"foot"},"geometry":{"type":"LineString","coordinates":[[-99.13383,19.43334],[-99.13381,19.4333],[-99.13378,19.43324]]}},{"type":"Feature","properties":{"c":"foot"},"geometry":{"type":"LineString","coordinates":[[-99.13403,19.43314],[-99.13391,19.43312],[-99.13383,19.43311]]}},{"type":"Feature","properties":{"c":"foot"},"geometry":{"type":"LineString","coordinates":[[-99.13254,19.43174],[-99.13256,19.43186],[-99.13256,19.4319]]}},{"type":"Feature","properties":{"c":"foot"},"geometry":{"type":"LineString","coordinates":[[-99.13256,19.4319],[-99.13257,19.43194],[-99.13258,19.43202]]}},{"type":"Feature","properties":{"c":"foot"},"geometry":{"type":"LineString","coordinates":[[-99.13378,19.43324],[-99.1338,19.43322],[-99.13381,19.4332],[-99.13383,19.43311]]}},{"type":"Feature","properties":{"c":"foot"},"geometry":{"type":"LineString","coordinates":[[-99.13383,19.43311],[-99.13396,19.43228],[-99.13395,19.43225],[-99.13395,19.43223]]}},{"type":"Feature","properties":{"c":"foot"},"geometry":{"type":"LineString","coordinates":[[-99.13395,19.43223],[-99.13393,19.4322],[-99.1339,19.43219],[-99.13274,19.43203]]}},{"type":"Feature","properties":{"c":"foot"},"geometry":{"type":"LineString","coordinates":[[-99.13274,19.43203],[-99.13261,19.43201],[-99.13258,19.43202]]}},{"type":"Feature","properties":{"c":"foot"},"geometry":{"type":"LineString","coordinates":[[-99.13258,19.43202],[-99.13256,19.43204],[-99.1324,19.43307],[-99.13242,19.4331],[-99.13245,19.43311],[-99.13258,19.43313]]}},{"type":"Feature","properties":{"c":"foot"},"geometry":{"type":"LineString","coordinates":[[-99.13258,19.43313],[-99.13367,19.43327],[-99.13371,19.43327],[-99.13374,19.43326],[-99.13378,19.43324]]}},{"type":"Feature","properties":{"c":"foot"},"geometry":{"type":"LineString","coordinates":[[-99.13267,19.43218],[-99.13272,19.43218],[-99.13274,19.43203]]}},{"type":"Feature","properties":{"c":"foot"},"geometry":{"type":"LineString","coordinates":[[-99.13256,19.43304],[-99.13259,19.43304],[-99.13258,19.43313]]}},{"type":"Feature","properties":{"c":"minor","n":"Calle Venustiano Carranza"},"geometry":{"type":"LineString","coordinates":[[-99.13391,19.43099],[-99.13376,19.43097],[-99.13372,19.43097],[-99.13371,19.43097]]}},{"type":"Feature","properties":{"c":"minor","n":"Calle Venustiano Carranza"},"geometry":{"type":"LineString","coordinates":[[-99.13371,19.43097],[-99.13358,19.43095]]}},{"type":"Feature","properties":{"c":"foot"},"geometry":{"type":"LineString","coordinates":[[-99.13244,19.43072],[-99.13243,19.43072]]}},{"type":"Feature","properties":{"c":"foot"},"geometry":{"type":"LineString","coordinates":[[-99.13242,19.43086],[-99.13242,19.43083]]}},{"type":"Feature","properties":{"c":"foot"},"geometry":{"type":"LineString","coordinates":[[-99.13242,19.43083],[-99.13242,19.43082],[-99.13243,19.43079]]}},{"type":"Feature","properties":{"c":"foot"},"geometry":{"type":"LineString","coordinates":[[-99.13243,19.43079],[-99.13243,19.43075],[-99.13243,19.43074]]}},{"type":"Feature","properties":{"c":"foot"},"geometry":{"type":"LineString","coordinates":[[-99.13243,19.43072],[-99.13242,19.43072],[-99.13236,19.43071]]}},{"type":"Feature","properties":{"c":"foot"},"geometry":{"type":"LineString","coordinates":[[-99.13236,19.43071],[-99.13229,19.4307]]}},{"type":"Feature","properties":{"c":"foot"},"geometry":{"type":"LineString","coordinates":[[-99.13227,19.43084],[-99.13228,19.43085],[-99.13235,19.43085]]}},{"type":"Feature","properties":{"c":"foot"},"geometry":{"type":"LineString","coordinates":[[-99.13235,19.43085],[-99.1324,19.43086],[-99.13242,19.43086]]}},{"type":"Feature","properties":{"c":"minor","n":"Plaza de la Constitución"},"geometry":{"type":"LineString","coordinates":[[-99.13403,19.43314],[-99.13411,19.43268]]}},{"type":"Feature","properties":{"c":"minor","n":"Plaza de la Constitución"},"geometry":{"type":"LineString","coordinates":[[-99.13244,19.43191],[-99.13242,19.43192],[-99.13239,19.43194],[-99.13237,19.43197],[-99.13223,19.4331],[-99.13224,19.43317],[-99.13226,19.43321],[-99.13229,19.43324],[-99.13236,19.43327],[-99.13246,19.43328]]}},{"type":"Feature","properties":{"c":"minor","n":"Plaza de la Constitución"},"geometry":{"type":"LineString","coordinates":[[-99.13246,19.43328],[-99.13333,19.4334]]}},{"type":"Feature","properties":{"c":"minor","n":"Plaza de la Constitución"},"geometry":{"type":"LineString","coordinates":[[-99.13333,19.4334],[-99.13359,19.43335],[-99.1337,19.43336]]}},{"type":"Feature","properties":{"c":"minor","n":"Plaza de la Constitución"},"geometry":{"type":"LineString","coordinates":[[-99.1337,19.43336],[-99.13376,19.43336],[-99.1338,19.43335],[-99.13383,19.43334]]}},{"type":"Feature","properties":{"c":"minor","n":"Plaza de la Constitución"},"geometry":{"type":"LineString","coordinates":[[-99.13383,19.43334],[-99.13387,19.43332],[-99.13391,19.43329],[-99.13394,19.43326],[-99.13399,19.43321],[-99.13403,19.43314]]}},{"type":"Feature","properties":{"c":"minor"},"geometry":{"type":"LineString","coordinates":[[-99.13252,19.4308],[-99.13251,19.43085]]}},{"type":"Feature","properties":{"c":"minor"},"geometry":{"type":"LineString","coordinates":[[-99.13251,19.43085],[-99.13251,19.4309]]}},{"type":"Feature","properties":{"c":"minor"},"geometry":{"type":"LineString","coordinates":[[-99.13291,19.43092],[-99.13291,19.4309]]}},{"type":"Feature","properties":{"c":"minor"},"geometry":{"type":"LineString","coordinates":[[-99.13291,19.4309],[-99.13292,19.43089],[-99.13292,19.43086]]}},{"type":"Feature","properties":{"c":"minor"},"geometry":{"type":"LineString","coordinates":[[-99.13309,19.43094],[-99.13309,19.43093]]}},{"type":"Feature","properties":{"c":"minor"},"geometry":{"type":"LineString","coordinates":[[-99.13309,19.43093],[-99.13309,19.43092],[-99.1331,19.43088]]}},{"type":"Feature","properties":{"c":"minor"},"geometry":{"type":"LineString","coordinates":[[-99.13367,19.43135],[-99.13365,19.43135]]}},{"type":"Feature","properties":{"c":"minor"},"geometry":{"type":"LineString","coordinates":[[-99.13365,19.43135],[-99.1336,19.43134],[-99.13353,19.43133]]}},{"type":"Feature","properties":{"c":"minor"},"geometry":{"type":"LineString","coordinates":[[-99.13368,19.43131],[-99.13366,19.43131]]}},{"type":"Feature","properties":{"c":"minor"},"geometry":{"type":"LineString","coordinates":[[-99.13366,19.43131],[-99.1336,19.4313],[-99.13353,19.43129]]}},{"type":"Feature","properties":{"c":"foot","n":"Avenida 16 de Septiembre"},"geometry":{"type":"LineString","coordinates":[[-99.13497,19.43203],[-99.13535,19.43208]]}},{"type":"Feature","properties":{"c":"foot","n":"Avenida 16 de Septiembre"},"geometry":{"type":"LineString","coordinates":[[-99.13535,19.43208],[-99.1354,19.43209]]}},{"type":"Feature","properties":{"c":"foot"},"geometry":{"type":"LineString","coordinates":[[-99.13536,19.43202],[-99.13447,19.43191]]}},{"type":"Feature","properties":{"c":"foot"},"geometry":{"type":"LineString","coordinates":[[-99.13447,19.43191],[-99.13444,19.43191]]}},{"type":"Feature","properties":{"c":"foot"},"geometry":{"type":"LineString","coordinates":[[-99.13444,19.43191],[-99.13455,19.43114]]}},{"type":"Feature","properties":{"c":"foot"},"geometry":{"type":"LineString","coordinates":[[-99.13455,19.43114],[-99.13503,19.43121]]}},{"type":"Feature","properties":{"c":"foot"},"geometry":{"type":"LineString","coordinates":[[-99.13503,19.43121],[-99.13517,19.43123]]}},{"type":"Feature","properties":{"c":"foot"},"geometry":{"type":"LineString","coordinates":[[-99.13517,19.43123],[-99.13523,19.43124]]}},{"type":"Feature","properties":{"c":"foot"},"geometry":{"type":"LineString","coordinates":[[-99.13523,19.43124],[-99.13547,19.43127],[-99.13543,19.43155]]}},{"type":"Feature","properties":{"c":"foot"},"geometry":{"type":"LineString","coordinates":[[-99.13543,19.43155],[-99.13541,19.43165]]}},{"type":"Feature","properties":{"c":"foot"},"geometry":{"type":"LineString","coordinates":[[-99.13541,19.43165],[-99.13539,19.4318]]}},{"type":"Feature","properties":{"c":"foot"},"geometry":{"type":"LineString","coordinates":[[-99.13539,19.4318],[-99.13536,19.43202]]}},{"type":"Feature","properties":{"c":"foot"},"geometry":{"type":"LineString","coordinates":[[-99.13434,19.43189],[-99.13435,19.4319],[-99.13438,19.4319]]}},{"type":"Feature","properties":{"c":"foot"},"geometry":{"type":"LineString","coordinates":[[-99.13438,19.4319],[-99.13441,19.4319],[-99.13444,19.43191]]}},{"type":"Feature","properties":{"c":"foot"},"geometry":{"type":"LineString","coordinates":[[-99.13446,19.43113],[-99.13447,19.43113],[-99.1345,19.43113]]}},{"type":"Feature","properties":{"c":"foot"},"geometry":{"type":"LineString","coordinates":[[-99.1345,19.43113],[-99.13454,19.43114],[-99.13455,19.43114]]}},{"type":"Feature","properties":{"c":"minor"},"geometry":{"type":"LineString","coordinates":[[-99.13502,19.43122],[-99.13503,19.43121]]}},{"type":"Feature","properties":{"c":"minor"},"geometry":{"type":"LineString","coordinates":[[-99.13503,19.43121],[-99.13504,19.43115]]}},{"type":"Feature","properties":{"c":"minor"},"geometry":{"type":"LineString","coordinates":[[-99.13517,19.43124],[-99.13517,19.43123]]}},{"type":"Feature","properties":{"c":"minor"},"geometry":{"type":"LineString","coordinates":[[-99.13517,19.43123],[-99.13518,19.43117]]}},{"type":"Feature","properties":{"c":"minor"},"geometry":{"type":"LineString","coordinates":[[-99.13524,19.43118],[-99.13523,19.43124]]}},{"type":"Feature","properties":{"c":"minor"},"geometry":{"type":"LineString","coordinates":[[-99.13523,19.43124],[-99.13523,19.43125]]}},{"type":"Feature","properties":{"c":"minor"},"geometry":{"type":"LineString","coordinates":[[-99.13542,19.43155],[-99.13543,19.43155]]}},{"type":"Feature","properties":{"c":"minor"},"geometry":{"type":"LineString","coordinates":[[-99.13543,19.43155],[-99.13547,19.43156]]}},{"type":"Feature","properties":{"c":"minor"},"geometry":{"type":"LineString","coordinates":[[-99.13543,19.43184],[-99.13539,19.4318]]}},{"type":"Feature","properties":{"c":"minor"},"geometry":{"type":"LineString","coordinates":[[-99.13539,19.4318],[-99.13538,19.43179],[-99.13536,19.43177],[-99.13538,19.43166],[-99.1354,19.43165],[-99.13541,19.43165]]}},{"type":"Feature","properties":{"c":"minor"},"geometry":{"type":"LineString","coordinates":[[-99.13541,19.43165],[-99.13547,19.43162]]}},{"type":"Feature","properties":{"c":"foot"},"geometry":{"type":"LineString","coordinates":[[-99.13446,19.43202],[-99.13447,19.43197]]}},{"type":"Feature","properties":{"c":"foot"},"geometry":{"type":"LineString","coordinates":[[-99.13447,19.43197],[-99.13447,19.43191]]}},{"type":"Feature","properties":{"c":"foot"},"geometry":{"type":"LineString","coordinates":[[-99.13536,19.43202],[-99.13535,19.43208]]}},{"type":"Feature","properties":{"c":"foot"},"geometry":{"type":"LineString","coordinates":[[-99.13535,19.43208],[-99.13534,19.43214]]}},{"type":"Feature","properties":{"c":"foot","n":"Portal de Mercaderes"},"geometry":{"type":"LineString","coordinates":[[-99.13422,19.43317],[-99.13423,19.43313]]}},{"type":"Feature","properties":{"c":"foot","n":"Portal de Mercaderes"},"geometry":{"type":"LineString","coordinates":[[-99.13423,19.43313],[-99.13423,19.43312],[-99.13428,19.43282],[-99.13432,19.43255],[-99.13436,19.43232],[-99.13438,19.43216],[-99.1345,19.43205],[-99.13452,19.43203]]}},{"type":"Feature","properties":{"c":"minor"},"geometry":{"type":"LineString","coordinates":[[-99.13493,19.43203],[-99.13492,19.43209]]}},{"type":"Feature","properties":{"c":"minor"},"geometry":{"type":"LineString","coordinates":[[-99.13492,19.43209],[-99.13492,19.43211]]}},{"type":"Feature","properties":{"c":"minor"},"geometry":{"type":"LineString","coordinates":[[-99.13524,19.43272],[-99.13525,19.43272]]}},{"type":"Feature","properties":{"c":"minor"},"geometry":{"type":"LineString","coordinates":[[-99.13525,19.43272],[-99.1353,19.43273]]}},{"type":"Feature","properties":{"c":"minor"},"geometry":{"type":"LineString","coordinates":[[-99.13531,19.43267],[-99.13526,19.43266]]}},{"type":"Feature","properties":{"c":"minor"},"geometry":{"type":"LineString","coordinates":[[-99.13526,19.43266],[-99.13525,19.43266]]}},{"type":"Feature","properties":{"c":"minor"},"geometry":{"type":"LineString","coordinates":[[-99.1545,19.41045],[-99.15453,19.41033],[-99.15452,19.41025],[-99.15443,19.41012],[-99.15446,19.4101]]}},{"type":"Feature","properties":{"c":"foot"},"geometry":{"type":"LineString","coordinates":[[-99.15303,19.40921],[-99.15311,19.40916]]}},{"type":"Feature","properties":{"c":"foot"},"geometry":{"type":"LineString","coordinates":[[-99.15325,19.40853],[-99.15322,19.40852],[-99.1532,19.40849],[-99.1532,19.40845],[-99.15317,19.40842],[-99.15313,19.40841],[-99.1531,19.40841],[-99.15306,19.40839],[-99.15304,19.40838],[-99.15302,19.40836]]}},{"type":"Feature","properties":{"c":"foot"},"geometry":{"type":"LineString","coordinates":[[-99.15475,19.41111],[-99.15475,19.41102]]}},{"type":"Feature","properties":{"c":"foot"},"geometry":{"type":"LineString","coordinates":[[-99.15502,19.41112],[-99.15475,19.41111]]}},{"type":"Feature","properties":{"c":"foot"},"geometry":{"type":"LineString","coordinates":[[-99.1594,19.41687],[-99.15938,19.41679]]}},{"type":"Feature","properties":{"c":"foot"},"geometry":{"type":"LineString","coordinates":[[-99.15915,19.41593],[-99.15916,19.41598]]}}]}